solid 
 facet normal -1.000000e+00  0.000000e+00  0.000000e+00
   outer loop
     vertex  1.940000e+03  0.000000e+00  4.020000e+03
     vertex  1.940000e+03 -3.800000e+02  4.280000e+03
     vertex  1.940000e+03  0.000000e+00  4.280000e+03
   endloop
 endfacet
 facet normal -1.000000e+00  0.000000e+00  0.000000e+00
   outer loop
     vertex  1.940000e+03  0.000000e+00  4.020000e+03
     vertex  1.940000e+03 -3.800000e+02  4.020000e+03
     vertex  1.940000e+03 -3.800000e+02  4.280000e+03
   endloop
 endfacet
 facet normal  0.000000e+00 -1.000000e+00  0.000000e+00
   outer loop
     vertex  3.522500e+03  0.000000e+00 -4.020000e+03
     vertex  3.980000e+03  0.000000e+00 -4.280000e+03
     vertex  3.980000e+03  0.000000e+00 -4.020000e+03
   endloop
 endfacet
 facet normal  0.000000e+00 -1.000000e+00  0.000000e+00
   outer loop
     vertex  3.522500e+03  0.000000e+00 -4.020000e+03
     vertex  3.522500e+03  0.000000e+00 -4.280000e+03
     vertex  3.980000e+03  0.000000e+00 -4.280000e+03
   endloop
 endfacet
 facet normal  0.000000e+00 -1.000000e+00  0.000000e+00
   outer loop
     vertex  2.060000e+03  0.000000e+00 -4.020000e+03
     vertex  2.060000e+03  0.000000e+00 -4.280000e+03
     vertex  2.477500e+03  0.000000e+00 -4.280000e+03
   endloop
 endfacet
 facet normal  0.000000e+00 -1.000000e+00  0.000000e+00
   outer loop
     vertex  2.060000e+03  0.000000e+00 -4.020000e+03
     vertex  2.477500e+03  0.000000e+00 -4.280000e+03
     vertex  2.477500e+03  0.000000e+00 -4.020000e+03
   endloop
 endfacet
 facet normal  0.000000e+00 -1.000000e+00  0.000000e+00
   outer loop
     vertex  2.935000e+03  0.000000e+00 -4.022500e+03
     vertex  3.025000e+03  0.000000e+00 -4.057500e+03
     vertex  3.025000e+03  0.000000e+00 -4.022500e+03
   endloop
 endfacet
 facet normal  0.000000e+00 -1.000000e+00  0.000000e+00
   outer loop
     vertex  2.935000e+03  0.000000e+00 -4.022500e+03
     vertex  2.935000e+03  0.000000e+00 -4.057500e+03
     vertex  3.025000e+03  0.000000e+00 -4.057500e+03
   endloop
 endfacet
 facet normal  0.000000e+00 -1.000000e+00  0.000000e+00
   outer loop
     vertex  5.522500e+03  0.000000e+00 -4.020000e+03
     vertex  5.980000e+03  0.000000e+00 -4.280000e+03
     vertex  5.980000e+03  0.000000e+00 -4.020000e+03
   endloop
 endfacet
 facet normal  0.000000e+00 -1.000000e+00  0.000000e+00
   outer loop
     vertex  5.522500e+03  0.000000e+00 -4.020000e+03
     vertex  5.522500e+03  0.000000e+00 -4.280000e+03
     vertex  5.980000e+03  0.000000e+00 -4.280000e+03
   endloop
 endfacet
 facet normal  0.000000e+00 -1.000000e+00  0.000000e+00
   outer loop
     vertex  4.060000e+03  0.000000e+00 -4.020000e+03
     vertex  4.060000e+03  0.000000e+00 -4.280000e+03
     vertex  4.477500e+03  0.000000e+00 -4.280000e+03
   endloop
 endfacet
 facet normal  0.000000e+00 -1.000000e+00  0.000000e+00
   outer loop
     vertex  4.060000e+03  0.000000e+00 -4.020000e+03
     vertex  4.477500e+03  0.000000e+00 -4.280000e+03
     vertex  4.477500e+03  0.000000e+00 -4.020000e+03
   endloop
 endfacet
 facet normal  0.000000e+00 -1.000000e+00  0.000000e+00
   outer loop
     vertex  4.935000e+03  0.000000e+00 -4.022500e+03
     vertex  5.025000e+03  0.000000e+00 -4.057500e+03
     vertex  5.025000e+03  0.000000e+00 -4.022500e+03
   endloop
 endfacet
 facet normal  0.000000e+00 -1.000000e+00  0.000000e+00
   outer loop
     vertex  4.935000e+03  0.000000e+00 -4.022500e+03
     vertex  4.935000e+03  0.000000e+00 -4.057500e+03
     vertex  5.025000e+03  0.000000e+00 -4.057500e+03
   endloop
 endfacet
 facet normal  0.000000e+00 -1.000000e+00  0.000000e+00
   outer loop
     vertex -6.280000e+03  0.000000e+00 -1.522500e+03
     vertex -6.280000e+03  0.000000e+00 -1.980000e+03
     vertex -6.020000e+03  0.000000e+00 -1.980000e+03
   endloop
 endfacet
 facet normal  0.000000e+00 -1.000000e+00  0.000000e+00
   outer loop
     vertex -6.280000e+03  0.000000e+00 -1.522500e+03
     vertex -6.020000e+03  0.000000e+00 -1.980000e+03
     vertex -6.020000e+03  0.000000e+00 -1.522500e+03
   endloop
 endfacet
 facet normal  0.000000e+00 -1.000000e+00  0.000000e+00
   outer loop
     vertex -6.280000e+03  0.000000e+00 -6.000000e+01
     vertex -6.020000e+03  0.000000e+00 -4.775000e+02
     vertex -6.020000e+03  0.000000e+00 -6.000000e+01
   endloop
 endfacet
 facet normal  0.000000e+00 -1.000000e+00  0.000000e+00
   outer loop
     vertex -6.280000e+03  0.000000e+00 -6.000000e+01
     vertex -6.280000e+03  0.000000e+00 -4.775000e+02
     vertex -6.020000e+03  0.000000e+00 -4.775000e+02
   endloop
 endfacet
 facet normal  0.000000e+00 -1.000000e+00  0.000000e+00
   outer loop
     vertex -6.057500e+03  0.000000e+00 -9.350000e+02
     vertex -6.022500e+03  0.000000e+00 -1.025000e+03
     vertex -6.022500e+03  0.000000e+00 -9.350000e+02
   endloop
 endfacet
 facet normal  0.000000e+00 -1.000000e+00  0.000000e+00
   outer loop
     vertex -6.057500e+03  0.000000e+00 -9.350000e+02
     vertex -6.057500e+03  0.000000e+00 -1.025000e+03
     vertex -6.022500e+03  0.000000e+00 -1.025000e+03
   endloop
 endfacet
 facet normal  0.000000e+00 -1.000000e+00  0.000000e+00
   outer loop
     vertex  6.020000e+03  0.000000e+00  1.980000e+03
     vertex  6.280000e+03  0.000000e+00  1.522500e+03
     vertex  6.280000e+03  0.000000e+00  1.980000e+03
   endloop
 endfacet
 facet normal  0.000000e+00 -1.000000e+00  0.000000e+00
   outer loop
     vertex  6.020000e+03  0.000000e+00  1.980000e+03
     vertex  6.020000e+03  0.000000e+00  1.522500e+03
     vertex  6.280000e+03  0.000000e+00  1.522500e+03
   endloop
 endfacet
 facet normal  0.000000e+00 -1.000000e+00  0.000000e+00
   outer loop
     vertex  6.020000e+03  0.000000e+00  4.775000e+02
     vertex  6.280000e+03  0.000000e+00  6.000000e+01
     vertex  6.280000e+03  0.000000e+00  4.775000e+02
   endloop
 endfacet
 facet normal  0.000000e+00 -1.000000e+00  0.000000e+00
   outer loop
     vertex  6.020000e+03  0.000000e+00  4.775000e+02
     vertex  6.020000e+03  0.000000e+00  6.000000e+01
     vertex  6.280000e+03  0.000000e+00  6.000000e+01
   endloop
 endfacet
 facet normal  0.000000e+00 -1.000000e+00  0.000000e+00
   outer loop
     vertex  6.022500e+03  0.000000e+00  1.025000e+03
     vertex  6.057500e+03  0.000000e+00  9.350000e+02
     vertex  6.057500e+03  0.000000e+00  1.025000e+03
   endloop
 endfacet
 facet normal  0.000000e+00 -1.000000e+00  0.000000e+00
   outer loop
     vertex  6.022500e+03  0.000000e+00  1.025000e+03
     vertex  6.022500e+03  0.000000e+00  9.350000e+02
     vertex  6.057500e+03  0.000000e+00  9.350000e+02
   endloop
 endfacet
 facet normal  0.000000e+00 -1.000000e+00  0.000000e+00
   outer loop
     vertex -1.980000e+03  0.000000e+00  4.280000e+03
     vertex -1.522500e+03  0.000000e+00  4.020000e+03
     vertex -1.522500e+03  0.000000e+00  4.280000e+03
   endloop
 endfacet
 facet normal  0.000000e+00 -1.000000e+00  0.000000e+00
   outer loop
     vertex -1.980000e+03  0.000000e+00  4.280000e+03
     vertex -1.980000e+03  0.000000e+00  4.020000e+03
     vertex -1.522500e+03  0.000000e+00  4.020000e+03
   endloop
 endfacet
 facet normal  0.000000e+00 -1.000000e+00  0.000000e+00
   outer loop
     vertex -4.775000e+02  0.000000e+00  4.280000e+03
     vertex -6.000000e+01  0.000000e+00  4.020000e+03
     vertex -6.000000e+01  0.000000e+00  4.280000e+03
   endloop
 endfacet
 facet normal  0.000000e+00 -1.000000e+00  0.000000e+00
   outer loop
     vertex -4.775000e+02  0.000000e+00  4.280000e+03
     vertex -4.775000e+02  0.000000e+00  4.020000e+03
     vertex -6.000000e+01  0.000000e+00  4.020000e+03
   endloop
 endfacet
 facet normal  0.000000e+00 -1.000000e+00  0.000000e+00
   outer loop
     vertex -1.025000e+03  0.000000e+00  4.057500e+03
     vertex -1.025000e+03  0.000000e+00  4.022500e+03
     vertex -9.350000e+02  0.000000e+00  4.022500e+03
   endloop
 endfacet
 facet normal  0.000000e+00 -1.000000e+00  0.000000e+00
   outer loop
     vertex -1.025000e+03  0.000000e+00  4.057500e+03
     vertex -9.350000e+02  0.000000e+00  4.022500e+03
     vertex -9.350000e+02  0.000000e+00  4.057500e+03
   endloop
 endfacet
 facet normal  0.000000e+00 -1.000000e+00  0.000000e+00
   outer loop
     vertex -4.775000e+02  0.000000e+00 -4.020000e+03
     vertex -2.000000e+01  0.000000e+00 -4.280000e+03
     vertex -2.000000e+01  0.000000e+00 -4.020000e+03
   endloop
 endfacet
 facet normal  0.000000e+00 -1.000000e+00  0.000000e+00
   outer loop
     vertex -4.775000e+02  0.000000e+00 -4.020000e+03
     vertex -4.775000e+02  0.000000e+00 -4.280000e+03
     vertex -2.000000e+01  0.000000e+00 -4.280000e+03
   endloop
 endfacet
 facet normal  0.000000e+00 -1.000000e+00  0.000000e+00
   outer loop
     vertex -1.940000e+03  0.000000e+00 -4.020000e+03
     vertex -1.940000e+03  0.000000e+00 -4.280000e+03
     vertex -1.522500e+03  0.000000e+00 -4.280000e+03
   endloop
 endfacet
 facet normal  0.000000e+00 -1.000000e+00  0.000000e+00
   outer loop
     vertex -1.940000e+03  0.000000e+00 -4.020000e+03
     vertex -1.522500e+03  0.000000e+00 -4.280000e+03
     vertex -1.522500e+03  0.000000e+00 -4.020000e+03
   endloop
 endfacet
 facet normal  0.000000e+00 -1.000000e+00  0.000000e+00
   outer loop
     vertex -1.065000e+03  0.000000e+00 -4.022500e+03
     vertex -9.750000e+02  0.000000e+00 -4.057500e+03
     vertex -9.750000e+02  0.000000e+00 -4.022500e+03
   endloop
 endfacet
 facet normal  0.000000e+00 -1.000000e+00  0.000000e+00
   outer loop
     vertex -1.065000e+03  0.000000e+00 -4.022500e+03
     vertex -1.065000e+03  0.000000e+00 -4.057500e+03
     vertex -9.750000e+02  0.000000e+00 -4.057500e+03
   endloop
 endfacet
 facet normal  0.000000e+00 -1.000000e+00  0.000000e+00
   outer loop
     vertex -6.280000e+03  0.000000e+00 -3.522500e+03
     vertex -6.280000e+03  0.000000e+00 -3.980000e+03
     vertex -6.020000e+03  0.000000e+00 -3.980000e+03
   endloop
 endfacet
 facet normal  0.000000e+00 -1.000000e+00  0.000000e+00
   outer loop
     vertex -6.280000e+03  0.000000e+00 -3.522500e+03
     vertex -6.020000e+03  0.000000e+00 -3.980000e+03
     vertex -6.020000e+03  0.000000e+00 -3.522500e+03
   endloop
 endfacet
 facet normal  0.000000e+00 -1.000000e+00  0.000000e+00
   outer loop
     vertex -6.280000e+03  0.000000e+00 -2.060000e+03
     vertex -6.020000e+03  0.000000e+00 -2.477500e+03
     vertex -6.020000e+03  0.000000e+00 -2.060000e+03
   endloop
 endfacet
 facet normal  0.000000e+00 -1.000000e+00  0.000000e+00
   outer loop
     vertex -6.280000e+03  0.000000e+00 -2.060000e+03
     vertex -6.280000e+03  0.000000e+00 -2.477500e+03
     vertex -6.020000e+03  0.000000e+00 -2.477500e+03
   endloop
 endfacet
 facet normal  0.000000e+00 -1.000000e+00  0.000000e+00
   outer loop
     vertex -6.057500e+03  0.000000e+00 -2.935000e+03
     vertex -6.022500e+03  0.000000e+00 -3.025000e+03
     vertex -6.022500e+03  0.000000e+00 -2.935000e+03
   endloop
 endfacet
 facet normal  0.000000e+00 -1.000000e+00  0.000000e+00
   outer loop
     vertex -6.057500e+03  0.000000e+00 -2.935000e+03
     vertex -6.057500e+03  0.000000e+00 -3.025000e+03
     vertex -6.022500e+03  0.000000e+00 -3.025000e+03
   endloop
 endfacet
 facet normal  0.000000e+00 -1.000000e+00  0.000000e+00
   outer loop
     vertex -3.980000e+03  0.000000e+00  4.280000e+03
     vertex -3.522500e+03  0.000000e+00  4.020000e+03
     vertex -3.522500e+03  0.000000e+00  4.280000e+03
   endloop
 endfacet
 facet normal  0.000000e+00 -1.000000e+00  0.000000e+00
   outer loop
     vertex -3.980000e+03  0.000000e+00  4.280000e+03
     vertex -3.980000e+03  0.000000e+00  4.020000e+03
     vertex -3.522500e+03  0.000000e+00  4.020000e+03
   endloop
 endfacet
 facet normal  0.000000e+00 -1.000000e+00  0.000000e+00
   outer loop
     vertex -2.477500e+03  0.000000e+00  4.280000e+03
     vertex -2.060000e+03  0.000000e+00  4.020000e+03
     vertex -2.060000e+03  0.000000e+00  4.280000e+03
   endloop
 endfacet
 facet normal  0.000000e+00 -1.000000e+00  0.000000e+00
   outer loop
     vertex -2.477500e+03  0.000000e+00  4.280000e+03
     vertex -2.477500e+03  0.000000e+00  4.020000e+03
     vertex -2.060000e+03  0.000000e+00  4.020000e+03
   endloop
 endfacet
 facet normal  0.000000e+00 -1.000000e+00  0.000000e+00
   outer loop
     vertex -3.025000e+03  0.000000e+00  4.057500e+03
     vertex -3.025000e+03  0.000000e+00  4.022500e+03
     vertex -2.935000e+03  0.000000e+00  4.022500e+03
   endloop
 endfacet
 facet normal  0.000000e+00 -1.000000e+00  0.000000e+00
   outer loop
     vertex -3.025000e+03  0.000000e+00  4.057500e+03
     vertex -2.935000e+03  0.000000e+00  4.022500e+03
     vertex -2.935000e+03  0.000000e+00  4.057500e+03
   endloop
 endfacet
 facet normal  0.000000e+00 -1.000000e+00  0.000000e+00
   outer loop
     vertex -5.980000e+03  0.000000e+00  4.280000e+03
     vertex -5.522500e+03  0.000000e+00  4.020000e+03
     vertex -5.522500e+03  0.000000e+00  4.280000e+03
   endloop
 endfacet
 facet normal  0.000000e+00 -1.000000e+00  0.000000e+00
   outer loop
     vertex -5.980000e+03  0.000000e+00  4.280000e+03
     vertex -5.980000e+03  0.000000e+00  4.020000e+03
     vertex -5.522500e+03  0.000000e+00  4.020000e+03
   endloop
 endfacet
 facet normal  0.000000e+00 -1.000000e+00  0.000000e+00
   outer loop
     vertex -4.477500e+03  0.000000e+00  4.280000e+03
     vertex -4.060000e+03  0.000000e+00  4.020000e+03
     vertex -4.060000e+03  0.000000e+00  4.280000e+03
   endloop
 endfacet
 facet normal  0.000000e+00 -1.000000e+00  0.000000e+00
   outer loop
     vertex -4.477500e+03  0.000000e+00  4.280000e+03
     vertex -4.477500e+03  0.000000e+00  4.020000e+03
     vertex -4.060000e+03  0.000000e+00  4.020000e+03
   endloop
 endfacet
 facet normal  0.000000e+00 -1.000000e+00  0.000000e+00
   outer loop
     vertex -5.025000e+03  0.000000e+00  4.057500e+03
     vertex -5.025000e+03  0.000000e+00  4.022500e+03
     vertex -4.935000e+03  0.000000e+00  4.022500e+03
   endloop
 endfacet
 facet normal  0.000000e+00 -1.000000e+00  0.000000e+00
   outer loop
     vertex -5.025000e+03  0.000000e+00  4.057500e+03
     vertex -4.935000e+03  0.000000e+00  4.022500e+03
     vertex -4.935000e+03  0.000000e+00  4.057500e+03
   endloop
 endfacet
 facet normal  0.000000e+00 -1.000000e+00  0.000000e+00
   outer loop
     vertex  2.000000e+01  0.000000e+00  4.280000e+03
     vertex  4.775000e+02  0.000000e+00  4.020000e+03
     vertex  4.775000e+02  0.000000e+00  4.280000e+03
   endloop
 endfacet
 facet normal  0.000000e+00 -1.000000e+00  0.000000e+00
   outer loop
     vertex  2.000000e+01  0.000000e+00  4.280000e+03
     vertex  2.000000e+01  0.000000e+00  4.020000e+03
     vertex  4.775000e+02  0.000000e+00  4.020000e+03
   endloop
 endfacet
 facet normal  0.000000e+00 -1.000000e+00  0.000000e+00
   outer loop
     vertex  1.522500e+03  0.000000e+00  4.280000e+03
     vertex  1.940000e+03  0.000000e+00  4.020000e+03
     vertex  1.940000e+03  0.000000e+00  4.280000e+03
   endloop
 endfacet
 facet normal  0.000000e+00 -1.000000e+00  0.000000e+00
   outer loop
     vertex  1.522500e+03  0.000000e+00  4.280000e+03
     vertex  1.522500e+03  0.000000e+00  4.020000e+03
     vertex  1.940000e+03  0.000000e+00  4.020000e+03
   endloop
 endfacet
 facet normal  0.000000e+00 -1.000000e+00  0.000000e+00
   outer loop
     vertex  9.750000e+02  0.000000e+00  4.057500e+03
     vertex  9.750000e+02  0.000000e+00  4.022500e+03
     vertex  1.065000e+03  0.000000e+00  4.022500e+03
   endloop
 endfacet
 facet normal  0.000000e+00 -1.000000e+00  0.000000e+00
   outer loop
     vertex  9.750000e+02  0.000000e+00  4.057500e+03
     vertex  1.065000e+03  0.000000e+00  4.022500e+03
     vertex  1.065000e+03  0.000000e+00  4.057500e+03
   endloop
 endfacet
 facet normal  0.000000e+00 -1.000000e+00  0.000000e+00
   outer loop
     vertex  6.020000e+03  0.000000e+00 -2.020000e+03
     vertex  6.280000e+03  0.000000e+00 -2.477500e+03
     vertex  6.280000e+03  0.000000e+00 -2.020000e+03
   endloop
 endfacet
 facet normal  0.000000e+00 -1.000000e+00  0.000000e+00
   outer loop
     vertex  6.020000e+03  0.000000e+00 -2.020000e+03
     vertex  6.020000e+03  0.000000e+00 -2.477500e+03
     vertex  6.280000e+03  0.000000e+00 -2.477500e+03
   endloop
 endfacet
 facet normal  0.000000e+00 -1.000000e+00  0.000000e+00
   outer loop
     vertex  6.020000e+03  0.000000e+00 -3.522500e+03
     vertex  6.280000e+03  0.000000e+00 -3.940000e+03
     vertex  6.280000e+03  0.000000e+00 -3.522500e+03
   endloop
 endfacet
 facet normal  0.000000e+00 -1.000000e+00  0.000000e+00
   outer loop
     vertex  6.020000e+03  0.000000e+00 -3.522500e+03
     vertex  6.020000e+03  0.000000e+00 -3.940000e+03
     vertex  6.280000e+03  0.000000e+00 -3.940000e+03
   endloop
 endfacet
 facet normal  0.000000e+00 -1.000000e+00  0.000000e+00
   outer loop
     vertex  6.022500e+03  0.000000e+00 -2.975000e+03
     vertex  6.057500e+03  0.000000e+00 -3.065000e+03
     vertex  6.057500e+03  0.000000e+00 -2.975000e+03
   endloop
 endfacet
 facet normal  0.000000e+00 -1.000000e+00  0.000000e+00
   outer loop
     vertex  6.022500e+03  0.000000e+00 -2.975000e+03
     vertex  6.022500e+03  0.000000e+00 -3.065000e+03
     vertex  6.057500e+03  0.000000e+00 -3.065000e+03
   endloop
 endfacet
 facet normal  0.000000e+00 -1.000000e+00  0.000000e+00
   outer loop
     vertex  4.020000e+03  0.000000e+00  4.280000e+03
     vertex  4.477500e+03  0.000000e+00  4.020000e+03
     vertex  4.477500e+03  0.000000e+00  4.280000e+03
   endloop
 endfacet
 facet normal  0.000000e+00 -1.000000e+00  0.000000e+00
   outer loop
     vertex  4.020000e+03  0.000000e+00  4.280000e+03
     vertex  4.020000e+03  0.000000e+00  4.020000e+03
     vertex  4.477500e+03  0.000000e+00  4.020000e+03
   endloop
 endfacet
 facet normal  0.000000e+00 -1.000000e+00  0.000000e+00
   outer loop
     vertex  5.522500e+03  0.000000e+00  4.280000e+03
     vertex  5.940000e+03  0.000000e+00  4.020000e+03
     vertex  5.940000e+03  0.000000e+00  4.280000e+03
   endloop
 endfacet
 facet normal  0.000000e+00 -1.000000e+00  0.000000e+00
   outer loop
     vertex  5.522500e+03  0.000000e+00  4.280000e+03
     vertex  5.522500e+03  0.000000e+00  4.020000e+03
     vertex  5.940000e+03  0.000000e+00  4.020000e+03
   endloop
 endfacet
 facet normal  0.000000e+00 -1.000000e+00  0.000000e+00
   outer loop
     vertex  4.975000e+03  0.000000e+00  4.057500e+03
     vertex  4.975000e+03  0.000000e+00  4.022500e+03
     vertex  5.065000e+03  0.000000e+00  4.022500e+03
   endloop
 endfacet
 facet normal  0.000000e+00 -1.000000e+00  0.000000e+00
   outer loop
     vertex  4.975000e+03  0.000000e+00  4.057500e+03
     vertex  5.065000e+03  0.000000e+00  4.022500e+03
     vertex  5.065000e+03  0.000000e+00  4.057500e+03
   endloop
 endfacet
 facet normal  0.000000e+00 -1.000000e+00  0.000000e+00
   outer loop
     vertex  6.020000e+03  0.000000e+00  3.980000e+03
     vertex  6.280000e+03  0.000000e+00  3.522500e+03
     vertex  6.280000e+03  0.000000e+00  3.980000e+03
   endloop
 endfacet
 facet normal  0.000000e+00 -1.000000e+00  0.000000e+00
   outer loop
     vertex  6.020000e+03  0.000000e+00  3.980000e+03
     vertex  6.020000e+03  0.000000e+00  3.522500e+03
     vertex  6.280000e+03  0.000000e+00  3.522500e+03
   endloop
 endfacet
 facet normal  0.000000e+00 -1.000000e+00  0.000000e+00
   outer loop
     vertex  6.020000e+03  0.000000e+00  2.477500e+03
     vertex  6.280000e+03  0.000000e+00  2.060000e+03
     vertex  6.280000e+03  0.000000e+00  2.477500e+03
   endloop
 endfacet
 facet normal  0.000000e+00 -1.000000e+00  0.000000e+00
   outer loop
     vertex  6.020000e+03  0.000000e+00  2.477500e+03
     vertex  6.020000e+03  0.000000e+00  2.060000e+03
     vertex  6.280000e+03  0.000000e+00  2.060000e+03
   endloop
 endfacet
 facet normal  0.000000e+00 -1.000000e+00  0.000000e+00
   outer loop
     vertex  6.022500e+03  0.000000e+00  3.025000e+03
     vertex  6.057500e+03  0.000000e+00  2.935000e+03
     vertex  6.057500e+03  0.000000e+00  3.025000e+03
   endloop
 endfacet
 facet normal  0.000000e+00 -1.000000e+00  0.000000e+00
   outer loop
     vertex  6.022500e+03  0.000000e+00  3.025000e+03
     vertex  6.022500e+03  0.000000e+00  2.935000e+03
     vertex  6.057500e+03  0.000000e+00  2.935000e+03
   endloop
 endfacet
 facet normal  0.000000e+00 -1.000000e+00  0.000000e+00
   outer loop
     vertex  1.522500e+03  0.000000e+00 -4.020000e+03
     vertex  1.980000e+03  0.000000e+00 -4.280000e+03
     vertex  1.980000e+03  0.000000e+00 -4.020000e+03
   endloop
 endfacet
 facet normal  0.000000e+00 -1.000000e+00  0.000000e+00
   outer loop
     vertex  1.522500e+03  0.000000e+00 -4.020000e+03
     vertex  1.522500e+03  0.000000e+00 -4.280000e+03
     vertex  1.980000e+03  0.000000e+00 -4.280000e+03
   endloop
 endfacet
 facet normal  0.000000e+00 -1.000000e+00  0.000000e+00
   outer loop
     vertex  6.000000e+01  0.000000e+00 -4.020000e+03
     vertex  6.000000e+01  0.000000e+00 -4.280000e+03
     vertex  4.775000e+02  0.000000e+00 -4.280000e+03
   endloop
 endfacet
 facet normal  0.000000e+00 -1.000000e+00  0.000000e+00
   outer loop
     vertex  6.000000e+01  0.000000e+00 -4.020000e+03
     vertex  4.775000e+02  0.000000e+00 -4.280000e+03
     vertex  4.775000e+02  0.000000e+00 -4.020000e+03
   endloop
 endfacet
 facet normal  0.000000e+00 -1.000000e+00  0.000000e+00
   outer loop
     vertex  9.350000e+02  0.000000e+00 -4.022500e+03
     vertex  1.025000e+03  0.000000e+00 -4.057500e+03
     vertex  1.025000e+03  0.000000e+00 -4.022500e+03
   endloop
 endfacet
 facet normal  0.000000e+00 -1.000000e+00  0.000000e+00
   outer loop
     vertex  9.350000e+02  0.000000e+00 -4.022500e+03
     vertex  9.350000e+02  0.000000e+00 -4.057500e+03
     vertex  1.025000e+03  0.000000e+00 -4.057500e+03
   endloop
 endfacet
 facet normal  0.000000e+00 -1.000000e+00  0.000000e+00
   outer loop
     vertex  6.020000e+03  0.000000e+00 -2.000000e+01
     vertex  6.280000e+03  0.000000e+00 -4.775000e+02
     vertex  6.280000e+03  0.000000e+00 -2.000000e+01
   endloop
 endfacet
 facet normal  0.000000e+00 -1.000000e+00  0.000000e+00
   outer loop
     vertex  6.020000e+03  0.000000e+00 -2.000000e+01
     vertex  6.020000e+03  0.000000e+00 -4.775000e+02
     vertex  6.280000e+03  0.000000e+00 -4.775000e+02
   endloop
 endfacet
 facet normal  0.000000e+00 -1.000000e+00  0.000000e+00
   outer loop
     vertex  6.020000e+03  0.000000e+00 -1.522500e+03
     vertex  6.280000e+03  0.000000e+00 -1.940000e+03
     vertex  6.280000e+03  0.000000e+00 -1.522500e+03
   endloop
 endfacet
 facet normal  0.000000e+00 -1.000000e+00  0.000000e+00
   outer loop
     vertex  6.020000e+03  0.000000e+00 -1.522500e+03
     vertex  6.020000e+03  0.000000e+00 -1.940000e+03
     vertex  6.280000e+03  0.000000e+00 -1.940000e+03
   endloop
 endfacet
 facet normal  0.000000e+00 -1.000000e+00  0.000000e+00
   outer loop
     vertex  6.022500e+03  0.000000e+00 -9.750000e+02
     vertex  6.057500e+03  0.000000e+00 -1.065000e+03
     vertex  6.057500e+03  0.000000e+00 -9.750000e+02
   endloop
 endfacet
 facet normal  0.000000e+00 -1.000000e+00  0.000000e+00
   outer loop
     vertex  6.022500e+03  0.000000e+00 -9.750000e+02
     vertex  6.022500e+03  0.000000e+00 -1.065000e+03
     vertex  6.057500e+03  0.000000e+00 -1.065000e+03
   endloop
 endfacet
 facet normal  0.000000e+00 -1.000000e+00  0.000000e+00
   outer loop
     vertex -6.280000e+03  0.000000e+00  2.477500e+03
     vertex -6.280000e+03  0.000000e+00  2.020000e+03
     vertex -6.020000e+03  0.000000e+00  2.020000e+03
   endloop
 endfacet
 facet normal  0.000000e+00 -1.000000e+00  0.000000e+00
   outer loop
     vertex -6.280000e+03  0.000000e+00  2.477500e+03
     vertex -6.020000e+03  0.000000e+00  2.020000e+03
     vertex -6.020000e+03  0.000000e+00  2.477500e+03
   endloop
 endfacet
 facet normal  0.000000e+00 -1.000000e+00  0.000000e+00
   outer loop
     vertex -6.280000e+03  0.000000e+00  3.940000e+03
     vertex -6.020000e+03  0.000000e+00  3.522500e+03
     vertex -6.020000e+03  0.000000e+00  3.940000e+03
   endloop
 endfacet
 facet normal  0.000000e+00 -1.000000e+00  0.000000e+00
   outer loop
     vertex -6.280000e+03  0.000000e+00  3.940000e+03
     vertex -6.280000e+03  0.000000e+00  3.522500e+03
     vertex -6.020000e+03  0.000000e+00  3.522500e+03
   endloop
 endfacet
 facet normal  0.000000e+00 -1.000000e+00  0.000000e+00
   outer loop
     vertex -6.057500e+03  0.000000e+00  3.065000e+03
     vertex -6.022500e+03  0.000000e+00  2.975000e+03
     vertex -6.022500e+03  0.000000e+00  3.065000e+03
   endloop
 endfacet
 facet normal  0.000000e+00 -1.000000e+00  0.000000e+00
   outer loop
     vertex -6.057500e+03  0.000000e+00  3.065000e+03
     vertex -6.057500e+03  0.000000e+00  2.975000e+03
     vertex -6.022500e+03  0.000000e+00  2.975000e+03
   endloop
 endfacet
 facet normal  0.000000e+00 -1.000000e+00  0.000000e+00
   outer loop
     vertex -4.477500e+03  0.000000e+00 -4.020000e+03
     vertex -4.020000e+03  0.000000e+00 -4.280000e+03
     vertex -4.020000e+03  0.000000e+00 -4.020000e+03
   endloop
 endfacet
 facet normal  0.000000e+00 -1.000000e+00  0.000000e+00
   outer loop
     vertex -4.477500e+03  0.000000e+00 -4.020000e+03
     vertex -4.477500e+03  0.000000e+00 -4.280000e+03
     vertex -4.020000e+03  0.000000e+00 -4.280000e+03
   endloop
 endfacet
 facet normal  0.000000e+00 -1.000000e+00  0.000000e+00
   outer loop
     vertex -5.940000e+03  0.000000e+00 -4.020000e+03
     vertex -5.940000e+03  0.000000e+00 -4.280000e+03
     vertex -5.522500e+03  0.000000e+00 -4.280000e+03
   endloop
 endfacet
 facet normal  0.000000e+00 -1.000000e+00  0.000000e+00
   outer loop
     vertex -5.940000e+03  0.000000e+00 -4.020000e+03
     vertex -5.522500e+03  0.000000e+00 -4.280000e+03
     vertex -5.522500e+03  0.000000e+00 -4.020000e+03
   endloop
 endfacet
 facet normal  0.000000e+00 -1.000000e+00  0.000000e+00
   outer loop
     vertex -5.065000e+03  0.000000e+00 -4.022500e+03
     vertex -4.975000e+03  0.000000e+00 -4.057500e+03
     vertex -4.975000e+03  0.000000e+00 -4.022500e+03
   endloop
 endfacet
 facet normal  0.000000e+00 -1.000000e+00  0.000000e+00
   outer loop
     vertex -5.065000e+03  0.000000e+00 -4.022500e+03
     vertex -5.065000e+03  0.000000e+00 -4.057500e+03
     vertex -4.975000e+03  0.000000e+00 -4.057500e+03
   endloop
 endfacet
 facet normal  0.000000e+00 -1.000000e+00  0.000000e+00
   outer loop
     vertex -2.477500e+03  0.000000e+00 -4.020000e+03
     vertex -2.020000e+03  0.000000e+00 -4.280000e+03
     vertex -2.020000e+03  0.000000e+00 -4.020000e+03
   endloop
 endfacet
 facet normal  0.000000e+00 -1.000000e+00  0.000000e+00
   outer loop
     vertex -2.477500e+03  0.000000e+00 -4.020000e+03
     vertex -2.477500e+03  0.000000e+00 -4.280000e+03
     vertex -2.020000e+03  0.000000e+00 -4.280000e+03
   endloop
 endfacet
 facet normal  0.000000e+00 -1.000000e+00  0.000000e+00
   outer loop
     vertex -3.940000e+03  0.000000e+00 -4.020000e+03
     vertex -3.940000e+03  0.000000e+00 -4.280000e+03
     vertex -3.522500e+03  0.000000e+00 -4.280000e+03
   endloop
 endfacet
 facet normal  0.000000e+00 -1.000000e+00  0.000000e+00
   outer loop
     vertex -3.940000e+03  0.000000e+00 -4.020000e+03
     vertex -3.522500e+03  0.000000e+00 -4.280000e+03
     vertex -3.522500e+03  0.000000e+00 -4.020000e+03
   endloop
 endfacet
 facet normal  0.000000e+00 -1.000000e+00  0.000000e+00
   outer loop
     vertex -3.065000e+03  0.000000e+00 -4.022500e+03
     vertex -2.975000e+03  0.000000e+00 -4.057500e+03
     vertex -2.975000e+03  0.000000e+00 -4.022500e+03
   endloop
 endfacet
 facet normal  0.000000e+00 -1.000000e+00  0.000000e+00
   outer loop
     vertex -3.065000e+03  0.000000e+00 -4.022500e+03
     vertex -3.065000e+03  0.000000e+00 -4.057500e+03
     vertex -2.975000e+03  0.000000e+00 -4.057500e+03
   endloop
 endfacet
 facet normal  0.000000e+00 -1.000000e+00  0.000000e+00
   outer loop
     vertex -6.280000e+03  0.000000e+00  4.775000e+02
     vertex -6.280000e+03  0.000000e+00  2.000000e+01
     vertex -6.020000e+03  0.000000e+00  2.000000e+01
   endloop
 endfacet
 facet normal  0.000000e+00 -1.000000e+00  0.000000e+00
   outer loop
     vertex -6.280000e+03  0.000000e+00  4.775000e+02
     vertex -6.020000e+03  0.000000e+00  2.000000e+01
     vertex -6.020000e+03  0.000000e+00  4.775000e+02
   endloop
 endfacet
 facet normal  0.000000e+00 -1.000000e+00  0.000000e+00
   outer loop
     vertex -6.280000e+03  0.000000e+00  1.940000e+03
     vertex -6.020000e+03  0.000000e+00  1.522500e+03
     vertex -6.020000e+03  0.000000e+00  1.940000e+03
   endloop
 endfacet
 facet normal  0.000000e+00 -1.000000e+00  0.000000e+00
   outer loop
     vertex -6.280000e+03  0.000000e+00  1.940000e+03
     vertex -6.280000e+03  0.000000e+00  1.522500e+03
     vertex -6.020000e+03  0.000000e+00  1.522500e+03
   endloop
 endfacet
 facet normal  0.000000e+00 -1.000000e+00  0.000000e+00
   outer loop
     vertex -6.057500e+03  0.000000e+00  1.065000e+03
     vertex -6.022500e+03  0.000000e+00  9.750000e+02
     vertex -6.022500e+03  0.000000e+00  1.065000e+03
   endloop
 endfacet
 facet normal  0.000000e+00 -1.000000e+00  0.000000e+00
   outer loop
     vertex -6.057500e+03  0.000000e+00  1.065000e+03
     vertex -6.057500e+03  0.000000e+00  9.750000e+02
     vertex -6.022500e+03  0.000000e+00  9.750000e+02
   endloop
 endfacet
 facet normal  0.000000e+00 -1.000000e+00  0.000000e+00
   outer loop
     vertex  2.020000e+03  0.000000e+00  4.280000e+03
     vertex  2.477500e+03  0.000000e+00  4.020000e+03
     vertex  2.477500e+03  0.000000e+00  4.280000e+03
   endloop
 endfacet
 facet normal  0.000000e+00 -1.000000e+00  0.000000e+00
   outer loop
     vertex  2.020000e+03  0.000000e+00  4.280000e+03
     vertex  2.020000e+03  0.000000e+00  4.020000e+03
     vertex  2.477500e+03  0.000000e+00  4.020000e+03
   endloop
 endfacet
 facet normal  0.000000e+00 -1.000000e+00  0.000000e+00
   outer loop
     vertex  3.522500e+03  0.000000e+00  4.280000e+03
     vertex  3.940000e+03  0.000000e+00  4.020000e+03
     vertex  3.940000e+03  0.000000e+00  4.280000e+03
   endloop
 endfacet
 facet normal  0.000000e+00 -1.000000e+00  0.000000e+00
   outer loop
     vertex  3.522500e+03  0.000000e+00  4.280000e+03
     vertex  3.522500e+03  0.000000e+00  4.020000e+03
     vertex  3.940000e+03  0.000000e+00  4.020000e+03
   endloop
 endfacet
 facet normal  0.000000e+00 -1.000000e+00  0.000000e+00
   outer loop
     vertex  2.975000e+03  0.000000e+00  4.057500e+03
     vertex  2.975000e+03  0.000000e+00  4.022500e+03
     vertex  3.065000e+03  0.000000e+00  4.022500e+03
   endloop
 endfacet
 facet normal  0.000000e+00 -1.000000e+00  0.000000e+00
   outer loop
     vertex  2.975000e+03  0.000000e+00  4.057500e+03
     vertex  3.065000e+03  0.000000e+00  4.022500e+03
     vertex  3.065000e+03  0.000000e+00  4.057500e+03
   endloop
 endfacet
 facet normal  0.000000e+00 -1.000000e+00 -0.000000e+00
   outer loop
     vertex  4.500000e+03  0.000000e+00 -2.000000e+03
     vertex  3.500000e+03  0.000000e+00 -4.000000e+03
     vertex  4.500000e+03  0.000000e+00 -4.000000e+03
   endloop
 endfacet
 facet normal  0.000000e+00 -1.000000e+00  0.000000e+00
   outer loop
     vertex  3.500000e+03  0.000000e+00  2.500000e+03
     vertex  6.000000e+03  0.000000e+00 -2.000000e+03
     vertex  6.000000e+03  0.000000e+00  4.000000e+03
   endloop
 endfacet
 facet normal  0.000000e+00 -1.000000e+00  0.000000e+00
   outer loop
     vertex  3.500000e+03  0.000000e+00  2.500000e+03
     vertex  4.500000e+03  0.000000e+00 -2.000000e+03
     vertex  6.000000e+03  0.000000e+00 -2.000000e+03
   endloop
 endfacet
 facet normal  0.000000e+00 -1.000000e+00 -0.000000e+00
   outer loop
     vertex  1.500000e+03  0.000000e+00  2.500000e+03
     vertex -1.500000e+03  0.000000e+00 -2.500000e+03
     vertex  1.500000e+03  0.000000e+00 -4.000000e+03
   endloop
 endfacet
 facet normal  0.000000e+00 -1.000000e+00  0.000000e+00
   outer loop
     vertex  1.500000e+03  0.000000e+00  2.500000e+03
     vertex  3.500000e+03  0.000000e+00  2.500000e+03
     vertex  6.000000e+03  0.000000e+00  4.000000e+03
   endloop
 endfacet
 facet normal  0.000000e+00 -1.000000e+00  0.000000e+00
   outer loop
     vertex -6.000000e+03  0.000000e+00 -4.000000e+03
     vertex -1.500000e+03  0.000000e+00 -2.500000e+03
     vertex -3.500000e+03  0.000000e+00 -2.500000e+03
   endloop
 endfacet
 facet normal  0.000000e+00 -1.000000e+00  0.000000e+00
   outer loop
     vertex -6.000000e+03  0.000000e+00 -4.000000e+03
     vertex  1.500000e+03  0.000000e+00 -4.000000e+03
     vertex -1.500000e+03  0.000000e+00 -2.500000e+03
   endloop
 endfacet
 facet normal  0.000000e+00 -1.000000e+00  0.000000e+00
   outer loop
     vertex -1.500000e+03  0.000000e+00  4.000000e+03
     vertex  1.500000e+03  0.000000e+00  2.500000e+03
     vertex  6.000000e+03  0.000000e+00  4.000000e+03
   endloop
 endfacet
 facet normal  0.000000e+00 -1.000000e+00  0.000000e+00
   outer loop
     vertex -1.500000e+03  0.000000e+00  4.000000e+03
     vertex -1.500000e+03  0.000000e+00 -2.500000e+03
     vertex  1.500000e+03  0.000000e+00  2.500000e+03
   endloop
 endfacet
 facet normal  0.000000e+00 -1.000000e+00  0.000000e+00
   outer loop
     vertex -6.000000e+03  0.000000e+00  2.000000e+03
     vertex -6.000000e+03  0.000000e+00 -4.000000e+03
     vertex -3.500000e+03  0.000000e+00 -2.500000e+03
   endloop
 endfacet
 facet normal  0.000000e+00 -1.000000e+00  0.000000e+00
   outer loop
     vertex -6.000000e+03  0.000000e+00  2.000000e+03
     vertex -3.500000e+03  0.000000e+00 -2.500000e+03
     vertex -4.500000e+03  0.000000e+00  2.000000e+03
   endloop
 endfacet
 facet normal  0.000000e+00 -1.000000e+00  0.000000e+00
   outer loop
     vertex -4.500000e+03  0.000000e+00  4.000000e+03
     vertex -4.500000e+03  0.000000e+00  2.000000e+03
     vertex -3.500000e+03  0.000000e+00  4.000000e+03
   endloop
 endfacet
 facet normal  0.000000e+00 -1.000000e+00 -0.000000e+00
   outer loop
     vertex -3.500000e+03  0.000000e+00  4.000000e+03
     vertex -4.500000e+03  0.000000e+00  2.000000e+03
     vertex -3.500000e+03  0.000000e+00 -2.500000e+03
   endloop
 endfacet
 facet normal  0.000000e+00 -1.000000e+00  0.000000e+00
   outer loop
     vertex  3.500000e+03  0.000000e+00 -4.000000e+03
     vertex  4.500000e+03  0.000000e+00 -2.000000e+03
     vertex  3.500000e+03  0.000000e+00  2.500000e+03
   endloop
 endfacet
 facet normal -1.000000e+00  0.000000e+00  0.000000e+00
   outer loop
     vertex  3.980000e+03  0.000000e+00 -4.280000e+03
     vertex  3.980000e+03 -3.800000e+02 -4.020000e+03
     vertex  3.980000e+03  0.000000e+00 -4.020000e+03
   endloop
 endfacet
 facet normal -1.000000e+00  0.000000e+00  0.000000e+00
   outer loop
     vertex  3.980000e+03  0.000000e+00 -4.280000e+03
     vertex  3.980000e+03 -3.800000e+02 -4.280000e+03
     vertex  3.980000e+03 -3.800000e+02 -4.020000e+03
   endloop
 endfacet
 facet normal  0.000000e+00  0.000000e+00 -1.000000e+00
   outer loop
     vertex  3.980000e+03 -3.800000e+02 -4.020000e+03
     vertex  3.522500e+03 -3.800000e+02 -4.020000e+03
     vertex  3.522500e+03  0.000000e+00 -4.020000e+03
   endloop
 endfacet
 facet normal -0.000000e+00 -0.000000e+00 -1.000000e+00
   outer loop
     vertex  3.980000e+03  0.000000e+00 -4.020000e+03
     vertex  3.980000e+03 -3.800000e+02 -4.020000e+03
     vertex  3.522500e+03  0.000000e+00 -4.020000e+03
   endloop
 endfacet
 facet normal  1.000000e+00  0.000000e+00 -0.000000e+00
   outer loop
     vertex  3.522500e+03  0.000000e+00 -4.280000e+03
     vertex  3.522500e+03  0.000000e+00 -4.020000e+03
     vertex  3.522500e+03 -3.800000e+02 -4.020000e+03
   endloop
 endfacet
 facet normal  1.000000e+00  0.000000e+00  0.000000e+00
   outer loop
     vertex  3.522500e+03  0.000000e+00 -4.280000e+03
     vertex  3.522500e+03 -3.800000e+02 -4.020000e+03
     vertex  3.522500e+03 -3.800000e+02 -4.280000e+03
   endloop
 endfacet
 facet normal -0.000000e+00  0.000000e+00  1.000000e+00
   outer loop
     vertex  3.522500e+03  0.000000e+00 -4.280000e+03
     vertex  3.980000e+03 -3.800000e+02 -4.280000e+03
     vertex  3.980000e+03  0.000000e+00 -4.280000e+03
   endloop
 endfacet
 facet normal  0.000000e+00  0.000000e+00  1.000000e+00
   outer loop
     vertex  3.522500e+03 -3.800000e+02 -4.280000e+03
     vertex  3.980000e+03 -3.800000e+02 -4.280000e+03
     vertex  3.522500e+03  0.000000e+00 -4.280000e+03
   endloop
 endfacet
 facet normal -0.000000e+00  1.000000e+00  0.000000e+00
   outer loop
     vertex  3.830000e+03 -3.800000e+02 -4.210000e+03
     vertex  3.880000e+03 -3.800000e+02 -4.210000e+03
     vertex  3.980000e+03 -3.800000e+02 -4.280000e+03
   endloop
 endfacet
 facet normal -0.000000e+00  1.000000e+00  0.000000e+00
   outer loop
     vertex  3.880000e+03 -3.800000e+02 -4.090000e+03
     vertex  3.980000e+03 -3.800000e+02 -4.020000e+03
     vertex  3.980000e+03 -3.800000e+02 -4.280000e+03
   endloop
 endfacet
 facet normal  0.000000e+00  1.000000e+00  0.000000e+00
   outer loop
     vertex  3.880000e+03 -3.800000e+02 -4.090000e+03
     vertex  3.980000e+03 -3.800000e+02 -4.280000e+03
     vertex  3.880000e+03 -3.800000e+02 -4.210000e+03
   endloop
 endfacet
 facet normal  0.000000e+00  1.000000e+00  0.000000e+00
   outer loop
     vertex  3.830000e+03 -3.800000e+02 -4.090000e+03
     vertex  3.980000e+03 -3.800000e+02 -4.020000e+03
     vertex  3.880000e+03 -3.800000e+02 -4.090000e+03
   endloop
 endfacet
 facet normal  0.000000e+00  1.000000e+00  0.000000e+00
   outer loop
     vertex  3.522500e+03 -3.800000e+02 -4.280000e+03
     vertex  3.830000e+03 -3.800000e+02 -4.210000e+03
     vertex  3.980000e+03 -3.800000e+02 -4.280000e+03
   endloop
 endfacet
 facet normal  0.000000e+00  1.000000e+00  0.000000e+00
   outer loop
     vertex  3.522500e+03 -3.800000e+02 -4.020000e+03
     vertex  3.830000e+03 -3.800000e+02 -4.090000e+03
     vertex  3.830000e+03 -3.800000e+02 -4.210000e+03
   endloop
 endfacet
 facet normal  0.000000e+00  1.000000e+00  0.000000e+00
   outer loop
     vertex  3.522500e+03 -3.800000e+02 -4.020000e+03
     vertex  3.830000e+03 -3.800000e+02 -4.210000e+03
     vertex  3.522500e+03 -3.800000e+02 -4.280000e+03
   endloop
 endfacet
 facet normal -0.000000e+00  1.000000e+00  0.000000e+00
   outer loop
     vertex  3.522500e+03 -3.800000e+02 -4.020000e+03
     vertex  3.980000e+03 -3.800000e+02 -4.020000e+03
     vertex  3.830000e+03 -3.800000e+02 -4.090000e+03
   endloop
 endfacet
 facet normal  1.000000e+00  0.000000e+00 -0.000000e+00
   outer loop
     vertex  3.830000e+03 -3.800000e+02 -4.210000e+03
     vertex  3.830000e+03 -3.800000e+02 -4.090000e+03
     vertex  3.830000e+03 -4.000000e+02 -4.090000e+03
   endloop
 endfacet
 facet normal  1.000000e+00  0.000000e+00  0.000000e+00
   outer loop
     vertex  3.830000e+03 -3.800000e+02 -4.210000e+03
     vertex  3.830000e+03 -4.000000e+02 -4.090000e+03
     vertex  3.830000e+03 -4.000000e+02 -4.210000e+03
   endloop
 endfacet
 facet normal -0.000000e+00 -1.000000e+00  0.000000e+00
   outer loop
     vertex -6.200000e+03 -4.000000e+02 -4.210000e+03
     vertex -6.250000e+03 -4.000000e+02 -4.210000e+03
     vertex -6.300000e+03 -4.000000e+02 -4.300000e+03
   endloop
 endfacet
 facet normal  0.000000e+00 -1.000000e+00 -0.000000e+00
   outer loop
     vertex -6.250000e+03 -4.000000e+02 -4.090000e+03
     vertex -6.300000e+03 -4.000000e+02 -4.300000e+03
     vertex -6.250000e+03 -4.000000e+02 -4.210000e+03
   endloop
 endfacet
 facet normal -0.000000e+00 -1.000000e+00  0.000000e+00
   outer loop
     vertex -6.100000e+03 -4.000000e+02 -4.210000e+03
     vertex -6.200000e+03 -4.000000e+02 -4.210000e+03
     vertex -6.300000e+03 -4.000000e+02 -4.300000e+03
   endloop
 endfacet
 facet normal  0.000000e+00 -1.000000e+00  0.000000e+00
   outer loop
     vertex -6.200000e+03 -4.000000e+02 -4.090000e+03
     vertex -6.200000e+03 -4.000000e+02 -4.210000e+03
     vertex -6.100000e+03 -4.000000e+02 -4.210000e+03
   endloop
 endfacet
 facet normal -0.000000e+00 -1.000000e+00  0.000000e+00
   outer loop
     vertex -6.050000e+03 -4.000000e+02 -4.210000e+03
     vertex -6.100000e+03 -4.000000e+02 -4.210000e+03
     vertex -6.300000e+03 -4.000000e+02 -4.300000e+03
   endloop
 endfacet
 facet normal -0.000000e+00 -1.000000e+00 -0.000000e+00
   outer loop
     vertex -6.100000e+03 -4.000000e+02 -4.090000e+03
     vertex -6.200000e+03 -4.000000e+02 -4.090000e+03
     vertex -6.100000e+03 -4.000000e+02 -4.210000e+03
   endloop
 endfacet
 facet normal  0.000000e+00 -1.000000e+00 -0.000000e+00
   outer loop
     vertex -6.210000e+03 -4.000000e+02 -3.880000e+03
     vertex -6.250000e+03 -4.000000e+02 -4.090000e+03
     vertex -6.200000e+03 -4.000000e+02 -4.090000e+03
   endloop
 endfacet
 facet normal -0.000000e+00 -1.000000e+00  0.000000e+00
   outer loop
     vertex -5.840000e+03 -4.000000e+02 -4.210000e+03
     vertex -6.050000e+03 -4.000000e+02 -4.210000e+03
     vertex -6.300000e+03 -4.000000e+02 -4.300000e+03
   endloop
 endfacet
 facet normal  0.000000e+00 -1.000000e+00 -0.000000e+00
   outer loop
     vertex -6.210000e+03 -4.000000e+02 -3.830000e+03
     vertex -6.250000e+03 -4.000000e+02 -4.090000e+03
     vertex -6.210000e+03 -4.000000e+02 -3.880000e+03
   endloop
 endfacet
 facet normal  0.000000e+00 -1.000000e+00  0.000000e+00
   outer loop
     vertex -6.210000e+03 -4.000000e+02 -3.830000e+03
     vertex -6.300000e+03 -4.000000e+02 -4.300000e+03
     vertex -6.250000e+03 -4.000000e+02 -4.090000e+03
   endloop
 endfacet
 facet normal -0.000000e+00 -1.000000e+00  0.000000e+00
   outer loop
     vertex -5.790000e+03 -4.000000e+02 -4.210000e+03
     vertex -5.840000e+03 -4.000000e+02 -4.210000e+03
     vertex -6.300000e+03 -4.000000e+02 -4.300000e+03
   endloop
 endfacet
 facet normal  0.000000e+00 -1.000000e+00  0.000000e+00
   outer loop
     vertex -6.000000e+03 -4.000000e+02 -4.000000e+03
     vertex -6.100000e+03 -4.000000e+02 -4.090000e+03
     vertex -6.050000e+03 -4.000000e+02 -4.090000e+03
   endloop
 endfacet
 facet normal -0.000000e+00 -1.000000e+00  0.000000e+00
   outer loop
     vertex -6.090000e+03 -4.000000e+02 -3.880000e+03
     vertex -6.210000e+03 -4.000000e+02 -3.880000e+03
     vertex -6.200000e+03 -4.000000e+02 -4.090000e+03
   endloop
 endfacet
 facet normal  0.000000e+00 -1.000000e+00 -0.000000e+00
   outer loop
     vertex -6.090000e+03 -4.000000e+02 -3.880000e+03
     vertex -6.100000e+03 -4.000000e+02 -4.090000e+03
     vertex -6.000000e+03 -4.000000e+02 -4.000000e+03
   endloop
 endfacet
 facet normal  0.000000e+00 -1.000000e+00  0.000000e+00
   outer loop
     vertex -6.090000e+03 -4.000000e+02 -3.880000e+03
     vertex -6.200000e+03 -4.000000e+02 -4.090000e+03
     vertex -6.100000e+03 -4.000000e+02 -4.090000e+03
   endloop
 endfacet
 facet normal -0.000000e+00 -1.000000e+00  0.000000e+00
   outer loop
     vertex -5.840000e+03 -4.000000e+02 -4.090000e+03
     vertex -6.050000e+03 -4.000000e+02 -4.090000e+03
     vertex -6.050000e+03 -4.000000e+02 -4.210000e+03
   endloop
 endfacet
 facet normal  0.000000e+00 -1.000000e+00  0.000000e+00
   outer loop
     vertex -5.840000e+03 -4.000000e+02 -4.090000e+03
     vertex -6.000000e+03 -4.000000e+02 -4.000000e+03
     vertex -6.050000e+03 -4.000000e+02 -4.090000e+03
   endloop
 endfacet
 facet normal  0.000000e+00 -1.000000e+00 -0.000000e+00
   outer loop
     vertex -5.840000e+03 -4.000000e+02 -4.090000e+03
     vertex -6.050000e+03 -4.000000e+02 -4.210000e+03
     vertex -5.840000e+03 -4.000000e+02 -4.210000e+03
   endloop
 endfacet
 facet normal  0.000000e+00 -1.000000e+00  0.000000e+00
   outer loop
     vertex -6.090000e+03 -4.000000e+02 -3.830000e+03
     vertex -6.090000e+03 -4.000000e+02 -3.880000e+03
     vertex -6.000000e+03 -4.000000e+02 -4.000000e+03
   endloop
 endfacet
 facet normal  0.000000e+00 -1.000000e+00  0.000000e+00
   outer loop
     vertex -5.790000e+03 -4.000000e+02 -4.090000e+03
     vertex -6.000000e+03 -4.000000e+02 -4.000000e+03
     vertex -5.840000e+03 -4.000000e+02 -4.090000e+03
   endloop
 endfacet
 facet normal  0.000000e+00 -1.000000e+00  0.000000e+00
   outer loop
     vertex -5.065000e+03 -4.000000e+02 -4.057500e+03
     vertex -5.790000e+03 -4.000000e+02 -4.090000e+03
     vertex -5.790000e+03 -4.000000e+02 -4.210000e+03
   endloop
 endfacet
 facet normal  0.000000e+00 -1.000000e+00 -0.000000e+00
   outer loop
     vertex -5.065000e+03 -4.000000e+02 -4.022500e+03
     vertex -5.790000e+03 -4.000000e+02 -4.090000e+03
     vertex -5.065000e+03 -4.000000e+02 -4.057500e+03
   endloop
 endfacet
 facet normal  0.000000e+00 -1.000000e+00  0.000000e+00
   outer loop
     vertex -6.057500e+03 -4.000000e+02 -3.025000e+03
     vertex -6.210000e+03 -4.000000e+02 -3.830000e+03
     vertex -6.090000e+03 -4.000000e+02 -3.830000e+03
   endloop
 endfacet
 facet normal -0.000000e+00 -1.000000e+00  0.000000e+00
   outer loop
     vertex -6.022500e+03 -4.000000e+02 -3.025000e+03
     vertex -6.057500e+03 -4.000000e+02 -3.025000e+03
     vertex -6.090000e+03 -4.000000e+02 -3.830000e+03
   endloop
 endfacet
 facet normal -0.000000e+00 -1.000000e+00  0.000000e+00
   outer loop
     vertex -4.975000e+03 -4.000000e+02 -4.057500e+03
     vertex -5.065000e+03 -4.000000e+02 -4.057500e+03
     vertex -5.790000e+03 -4.000000e+02 -4.210000e+03
   endloop
 endfacet
 facet normal  0.000000e+00 -1.000000e+00 -0.000000e+00
   outer loop
     vertex -6.210000e+03 -4.000000e+02 -2.210000e+03
     vertex -6.300000e+03 -4.000000e+02 -4.300000e+03
     vertex -6.210000e+03 -4.000000e+02 -3.830000e+03
   endloop
 endfacet
 facet normal  0.000000e+00 -1.000000e+00  0.000000e+00
   outer loop
     vertex -6.210000e+03 -4.000000e+02 -2.210000e+03
     vertex -6.057500e+03 -4.000000e+02 -3.025000e+03
     vertex -6.057500e+03 -4.000000e+02 -2.935000e+03
   endloop
 endfacet
 facet normal  0.000000e+00 -1.000000e+00  0.000000e+00
   outer loop
     vertex -6.210000e+03 -4.000000e+02 -2.210000e+03
     vertex -6.210000e+03 -4.000000e+02 -3.830000e+03
     vertex -6.057500e+03 -4.000000e+02 -3.025000e+03
   endloop
 endfacet
 facet normal  0.000000e+00 -1.000000e+00  0.000000e+00
   outer loop
     vertex -4.170000e+03 -4.000000e+02 -4.210000e+03
     vertex -4.975000e+03 -4.000000e+02 -4.057500e+03
     vertex -5.790000e+03 -4.000000e+02 -4.210000e+03
   endloop
 endfacet
 facet normal -0.000000e+00 -1.000000e+00  0.000000e+00
   outer loop
     vertex -4.170000e+03 -4.000000e+02 -4.210000e+03
     vertex -5.790000e+03 -4.000000e+02 -4.210000e+03
     vertex -6.300000e+03 -4.000000e+02 -4.300000e+03
   endloop
 endfacet
 facet normal  0.000000e+00 -1.000000e+00 -0.000000e+00
   outer loop
     vertex -6.210000e+03 -4.000000e+02 -2.160000e+03
     vertex -6.300000e+03 -4.000000e+02 -4.300000e+03
     vertex -6.210000e+03 -4.000000e+02 -2.210000e+03
   endloop
 endfacet
 facet normal  0.000000e+00 -1.000000e+00  0.000000e+00
   outer loop
     vertex -6.090000e+03 -4.000000e+02 -2.210000e+03
     vertex -6.057500e+03 -4.000000e+02 -2.935000e+03
     vertex -6.022500e+03 -4.000000e+02 -2.935000e+03
   endloop
 endfacet
 facet normal -0.000000e+00 -1.000000e+00 -0.000000e+00
   outer loop
     vertex -6.090000e+03 -4.000000e+02 -2.210000e+03
     vertex -6.210000e+03 -4.000000e+02 -2.210000e+03
     vertex -6.057500e+03 -4.000000e+02 -2.935000e+03
   endloop
 endfacet
 facet normal -0.000000e+00 -1.000000e+00 -0.000000e+00
   outer loop
     vertex -4.170000e+03 -4.000000e+02 -4.090000e+03
     vertex -4.975000e+03 -4.000000e+02 -4.057500e+03
     vertex -4.170000e+03 -4.000000e+02 -4.210000e+03
   endloop
 endfacet
 facet normal  0.000000e+00 -1.000000e+00  0.000000e+00
   outer loop
     vertex -4.170000e+03 -4.000000e+02 -4.090000e+03
     vertex -4.975000e+03 -4.000000e+02 -4.022500e+03
     vertex -4.975000e+03 -4.000000e+02 -4.057500e+03
   endloop
 endfacet
 facet normal  0.000000e+00 -1.000000e+00 -0.000000e+00
   outer loop
     vertex -6.210000e+03 -4.000000e+02 -1.880000e+03
     vertex -6.300000e+03 -4.000000e+02 -4.300000e+03
     vertex -6.210000e+03 -4.000000e+02 -2.160000e+03
   endloop
 endfacet
 facet normal  0.000000e+00 -1.000000e+00 -0.000000e+00
   outer loop
     vertex -6.210000e+03 -4.000000e+02 -1.830000e+03
     vertex -6.300000e+03 -4.000000e+02 -4.300000e+03
     vertex -6.210000e+03 -4.000000e+02 -1.880000e+03
   endloop
 endfacet
 facet normal  0.000000e+00 -1.000000e+00 -0.000000e+00
   outer loop
     vertex -6.090000e+03 -4.000000e+02 -1.880000e+03
     vertex -6.210000e+03 -4.000000e+02 -2.160000e+03
     vertex -6.090000e+03 -4.000000e+02 -2.160000e+03
   endloop
 endfacet
 facet normal -0.000000e+00 -1.000000e+00  0.000000e+00
   outer loop
     vertex -6.090000e+03 -4.000000e+02 -1.880000e+03
     vertex -6.210000e+03 -4.000000e+02 -1.880000e+03
     vertex -6.210000e+03 -4.000000e+02 -2.160000e+03
   endloop
 endfacet
 facet normal -0.000000e+00 -1.000000e+00  0.000000e+00
   outer loop
     vertex -3.840000e+03 -4.000000e+02 -4.090000e+03
     vertex -4.120000e+03 -4.000000e+02 -4.090000e+03
     vertex -4.120000e+03 -4.000000e+02 -4.210000e+03
   endloop
 endfacet
 facet normal  0.000000e+00 -1.000000e+00 -0.000000e+00
   outer loop
     vertex -3.840000e+03 -4.000000e+02 -4.090000e+03
     vertex -4.120000e+03 -4.000000e+02 -4.210000e+03
     vertex -3.840000e+03 -4.000000e+02 -4.210000e+03
   endloop
 endfacet
 facet normal  0.000000e+00 -1.000000e+00  0.000000e+00
   outer loop
     vertex -3.065000e+03 -4.000000e+02 -4.057500e+03
     vertex -3.790000e+03 -4.000000e+02 -4.090000e+03
     vertex -3.790000e+03 -4.000000e+02 -4.210000e+03
   endloop
 endfacet
 facet normal  0.000000e+00 -1.000000e+00 -0.000000e+00
   outer loop
     vertex -3.065000e+03 -4.000000e+02 -4.022500e+03
     vertex -3.790000e+03 -4.000000e+02 -4.090000e+03
     vertex -3.065000e+03 -4.000000e+02 -4.057500e+03
   endloop
 endfacet
 facet normal  0.000000e+00 -1.000000e+00  0.000000e+00
   outer loop
     vertex -6.057500e+03 -4.000000e+02 -1.025000e+03
     vertex -6.210000e+03 -4.000000e+02 -1.830000e+03
     vertex -6.090000e+03 -4.000000e+02 -1.830000e+03
   endloop
 endfacet
 facet normal -0.000000e+00 -1.000000e+00  0.000000e+00
   outer loop
     vertex -6.022500e+03 -4.000000e+02 -1.025000e+03
     vertex -6.057500e+03 -4.000000e+02 -1.025000e+03
     vertex -6.090000e+03 -4.000000e+02 -1.830000e+03
   endloop
 endfacet
 facet normal -0.000000e+00 -1.000000e+00  0.000000e+00
   outer loop
     vertex -2.975000e+03 -4.000000e+02 -4.057500e+03
     vertex -3.065000e+03 -4.000000e+02 -4.057500e+03
     vertex -3.790000e+03 -4.000000e+02 -4.210000e+03
   endloop
 endfacet
 facet normal  0.000000e+00 -1.000000e+00  0.000000e+00
   outer loop
     vertex -6.210000e+03 -4.000000e+02 -2.100000e+02
     vertex -6.057500e+03 -4.000000e+02 -1.025000e+03
     vertex -6.057500e+03 -4.000000e+02 -9.350000e+02
   endloop
 endfacet
 facet normal  0.000000e+00 -1.000000e+00  0.000000e+00
   outer loop
     vertex -6.210000e+03 -4.000000e+02 -2.100000e+02
     vertex -6.210000e+03 -4.000000e+02 -1.830000e+03
     vertex -6.057500e+03 -4.000000e+02 -1.025000e+03
   endloop
 endfacet
 facet normal  0.000000e+00 -1.000000e+00  0.000000e+00
   outer loop
     vertex -2.170000e+03 -4.000000e+02 -4.210000e+03
     vertex -2.975000e+03 -4.000000e+02 -4.057500e+03
     vertex -3.790000e+03 -4.000000e+02 -4.210000e+03
   endloop
 endfacet
 facet normal  0.000000e+00 -1.000000e+00  0.000000e+00
   outer loop
     vertex -6.090000e+03 -4.000000e+02 -2.100000e+02
     vertex -6.057500e+03 -4.000000e+02 -9.350000e+02
     vertex -6.022500e+03 -4.000000e+02 -9.350000e+02
   endloop
 endfacet
 facet normal -0.000000e+00 -1.000000e+00 -0.000000e+00
   outer loop
     vertex -6.090000e+03 -4.000000e+02 -2.100000e+02
     vertex -6.210000e+03 -4.000000e+02 -2.100000e+02
     vertex -6.057500e+03 -4.000000e+02 -9.350000e+02
   endloop
 endfacet
 facet normal  0.000000e+00 -1.000000e+00  0.000000e+00
   outer loop
     vertex -2.170000e+03 -4.000000e+02 -4.090000e+03
     vertex -2.975000e+03 -4.000000e+02 -4.022500e+03
     vertex -2.975000e+03 -4.000000e+02 -4.057500e+03
   endloop
 endfacet
 facet normal -0.000000e+00 -1.000000e+00 -0.000000e+00
   outer loop
     vertex -2.170000e+03 -4.000000e+02 -4.090000e+03
     vertex -2.975000e+03 -4.000000e+02 -4.057500e+03
     vertex -2.170000e+03 -4.000000e+02 -4.210000e+03
   endloop
 endfacet
 facet normal  0.000000e+00 -1.000000e+00 -0.000000e+00
   outer loop
     vertex -6.090000e+03 -4.000000e+02  1.200000e+02
     vertex -6.210000e+03 -4.000000e+02 -1.600000e+02
     vertex -6.090000e+03 -4.000000e+02 -1.600000e+02
   endloop
 endfacet
 facet normal -0.000000e+00 -1.000000e+00  0.000000e+00
   outer loop
     vertex -6.090000e+03 -4.000000e+02  1.200000e+02
     vertex -6.210000e+03 -4.000000e+02  1.200000e+02
     vertex -6.210000e+03 -4.000000e+02 -1.600000e+02
   endloop
 endfacet
 facet normal  0.000000e+00 -1.000000e+00 -0.000000e+00
   outer loop
     vertex -1.840000e+03 -4.000000e+02 -4.090000e+03
     vertex -2.120000e+03 -4.000000e+02 -4.210000e+03
     vertex -1.840000e+03 -4.000000e+02 -4.210000e+03
   endloop
 endfacet
 facet normal -0.000000e+00 -1.000000e+00  0.000000e+00
   outer loop
     vertex -1.840000e+03 -4.000000e+02 -4.090000e+03
     vertex -2.120000e+03 -4.000000e+02 -4.090000e+03
     vertex -2.120000e+03 -4.000000e+02 -4.210000e+03
   endloop
 endfacet
 facet normal  0.000000e+00 -1.000000e+00  0.000000e+00
   outer loop
     vertex -1.065000e+03 -4.000000e+02 -4.057500e+03
     vertex -1.790000e+03 -4.000000e+02 -4.090000e+03
     vertex -1.790000e+03 -4.000000e+02 -4.210000e+03
   endloop
 endfacet
 facet normal  0.000000e+00 -1.000000e+00 -0.000000e+00
   outer loop
     vertex -1.065000e+03 -4.000000e+02 -4.022500e+03
     vertex -1.790000e+03 -4.000000e+02 -4.090000e+03
     vertex -1.065000e+03 -4.000000e+02 -4.057500e+03
   endloop
 endfacet
 facet normal  0.000000e+00 -1.000000e+00  0.000000e+00
   outer loop
     vertex -6.057500e+03 -4.000000e+02  9.750000e+02
     vertex -6.210000e+03 -4.000000e+02  1.700000e+02
     vertex -6.090000e+03 -4.000000e+02  1.700000e+02
   endloop
 endfacet
 facet normal -0.000000e+00 -1.000000e+00  0.000000e+00
   outer loop
     vertex -6.022500e+03 -4.000000e+02  9.750000e+02
     vertex -6.057500e+03 -4.000000e+02  9.750000e+02
     vertex -6.090000e+03 -4.000000e+02  1.700000e+02
   endloop
 endfacet
 facet normal -0.000000e+00 -1.000000e+00  0.000000e+00
   outer loop
     vertex -9.750000e+02 -4.000000e+02 -4.057500e+03
     vertex -1.065000e+03 -4.000000e+02 -4.057500e+03
     vertex -1.790000e+03 -4.000000e+02 -4.210000e+03
   endloop
 endfacet
 facet normal  0.000000e+00 -1.000000e+00  0.000000e+00
   outer loop
     vertex -6.210000e+03 -4.000000e+02  1.790000e+03
     vertex -6.210000e+03 -4.000000e+02  1.700000e+02
     vertex -6.057500e+03 -4.000000e+02  9.750000e+02
   endloop
 endfacet
 facet normal  0.000000e+00 -1.000000e+00  0.000000e+00
   outer loop
     vertex -6.210000e+03 -4.000000e+02  1.790000e+03
     vertex -6.057500e+03 -4.000000e+02  9.750000e+02
     vertex -6.057500e+03 -4.000000e+02  1.065000e+03
   endloop
 endfacet
 facet normal  0.000000e+00 -1.000000e+00  0.000000e+00
   outer loop
     vertex -1.700000e+02 -4.000000e+02 -4.210000e+03
     vertex -9.750000e+02 -4.000000e+02 -4.057500e+03
     vertex -1.790000e+03 -4.000000e+02 -4.210000e+03
   endloop
 endfacet
 facet normal -0.000000e+00 -1.000000e+00 -0.000000e+00
   outer loop
     vertex -6.090000e+03 -4.000000e+02  1.790000e+03
     vertex -6.210000e+03 -4.000000e+02  1.790000e+03
     vertex -6.057500e+03 -4.000000e+02  1.065000e+03
   endloop
 endfacet
 facet normal  0.000000e+00 -1.000000e+00  0.000000e+00
   outer loop
     vertex -6.090000e+03 -4.000000e+02  1.790000e+03
     vertex -6.057500e+03 -4.000000e+02  1.065000e+03
     vertex -6.022500e+03 -4.000000e+02  1.065000e+03
   endloop
 endfacet
 facet normal  0.000000e+00 -1.000000e+00  0.000000e+00
   outer loop
     vertex -1.700000e+02 -4.000000e+02 -4.090000e+03
     vertex -9.750000e+02 -4.000000e+02 -4.022500e+03
     vertex -9.750000e+02 -4.000000e+02 -4.057500e+03
   endloop
 endfacet
 facet normal -0.000000e+00 -1.000000e+00 -0.000000e+00
   outer loop
     vertex -1.700000e+02 -4.000000e+02 -4.090000e+03
     vertex -9.750000e+02 -4.000000e+02 -4.057500e+03
     vertex -1.700000e+02 -4.000000e+02 -4.210000e+03
   endloop
 endfacet
 facet normal -0.000000e+00 -1.000000e+00  0.000000e+00
   outer loop
     vertex -6.090000e+03 -4.000000e+02  2.120000e+03
     vertex -6.210000e+03 -4.000000e+02  2.120000e+03
     vertex -6.210000e+03 -4.000000e+02  1.840000e+03
   endloop
 endfacet
 facet normal  0.000000e+00 -1.000000e+00 -0.000000e+00
   outer loop
     vertex -6.090000e+03 -4.000000e+02  2.120000e+03
     vertex -6.210000e+03 -4.000000e+02  1.840000e+03
     vertex -6.090000e+03 -4.000000e+02  1.840000e+03
   endloop
 endfacet
 facet normal -0.000000e+00 -1.000000e+00  0.000000e+00
   outer loop
     vertex  1.600000e+02 -4.000000e+02 -4.090000e+03
     vertex -1.200000e+02 -4.000000e+02 -4.090000e+03
     vertex -1.200000e+02 -4.000000e+02 -4.210000e+03
   endloop
 endfacet
 facet normal  0.000000e+00 -1.000000e+00 -0.000000e+00
   outer loop
     vertex  1.600000e+02 -4.000000e+02 -4.090000e+03
     vertex -1.200000e+02 -4.000000e+02 -4.210000e+03
     vertex  1.600000e+02 -4.000000e+02 -4.210000e+03
   endloop
 endfacet
 facet normal  0.000000e+00 -1.000000e+00  0.000000e+00
   outer loop
     vertex  9.350000e+02 -4.000000e+02 -4.057500e+03
     vertex  2.100000e+02 -4.000000e+02 -4.090000e+03
     vertex  2.100000e+02 -4.000000e+02 -4.210000e+03
   endloop
 endfacet
 facet normal  0.000000e+00 -1.000000e+00 -0.000000e+00
   outer loop
     vertex  9.350000e+02 -4.000000e+02 -4.022500e+03
     vertex  2.100000e+02 -4.000000e+02 -4.090000e+03
     vertex  9.350000e+02 -4.000000e+02 -4.057500e+03
   endloop
 endfacet
 facet normal  0.000000e+00 -1.000000e+00  0.000000e+00
   outer loop
     vertex -6.057500e+03 -4.000000e+02  2.975000e+03
     vertex -6.210000e+03 -4.000000e+02  2.170000e+03
     vertex -6.090000e+03 -4.000000e+02  2.170000e+03
   endloop
 endfacet
 facet normal -0.000000e+00 -1.000000e+00  0.000000e+00
   outer loop
     vertex -6.022500e+03 -4.000000e+02  2.975000e+03
     vertex -6.057500e+03 -4.000000e+02  2.975000e+03
     vertex -6.090000e+03 -4.000000e+02  2.170000e+03
   endloop
 endfacet
 facet normal -0.000000e+00 -1.000000e+00  0.000000e+00
   outer loop
     vertex  1.025000e+03 -4.000000e+02 -4.057500e+03
     vertex  9.350000e+02 -4.000000e+02 -4.057500e+03
     vertex  2.100000e+02 -4.000000e+02 -4.210000e+03
   endloop
 endfacet
 facet normal  0.000000e+00 -1.000000e+00  0.000000e+00
   outer loop
     vertex -6.210000e+03 -4.000000e+02  3.790000e+03
     vertex -6.210000e+03 -4.000000e+02  2.170000e+03
     vertex -6.057500e+03 -4.000000e+02  2.975000e+03
   endloop
 endfacet
 facet normal  0.000000e+00 -1.000000e+00  0.000000e+00
   outer loop
     vertex -6.210000e+03 -4.000000e+02  3.790000e+03
     vertex -6.057500e+03 -4.000000e+02  2.975000e+03
     vertex -6.057500e+03 -4.000000e+02  3.065000e+03
   endloop
 endfacet
 facet normal  0.000000e+00 -1.000000e+00  0.000000e+00
   outer loop
     vertex  1.830000e+03 -4.000000e+02 -4.210000e+03
     vertex  1.025000e+03 -4.000000e+02 -4.057500e+03
     vertex  2.100000e+02 -4.000000e+02 -4.210000e+03
   endloop
 endfacet
 facet normal  0.000000e+00 -1.000000e+00  0.000000e+00
   outer loop
     vertex -6.090000e+03 -4.000000e+02  3.790000e+03
     vertex -6.057500e+03 -4.000000e+02  3.065000e+03
     vertex -6.022500e+03 -4.000000e+02  3.065000e+03
   endloop
 endfacet
 facet normal -0.000000e+00 -1.000000e+00 -0.000000e+00
   outer loop
     vertex -6.090000e+03 -4.000000e+02  3.790000e+03
     vertex -6.210000e+03 -4.000000e+02  3.790000e+03
     vertex -6.057500e+03 -4.000000e+02  3.065000e+03
   endloop
 endfacet
 facet normal  0.000000e+00 -1.000000e+00  0.000000e+00
   outer loop
     vertex  1.830000e+03 -4.000000e+02 -4.090000e+03
     vertex  1.025000e+03 -4.000000e+02 -4.022500e+03
     vertex  1.025000e+03 -4.000000e+02 -4.057500e+03
   endloop
 endfacet
 facet normal -0.000000e+00 -1.000000e+00 -0.000000e+00
   outer loop
     vertex  1.830000e+03 -4.000000e+02 -4.090000e+03
     vertex  1.025000e+03 -4.000000e+02 -4.057500e+03
     vertex  1.830000e+03 -4.000000e+02 -4.210000e+03
   endloop
 endfacet
 facet normal  0.000000e+00 -1.000000e+00 -0.000000e+00
   outer loop
     vertex -6.090000e+03 -4.000000e+02  4.050000e+03
     vertex -6.210000e+03 -4.000000e+02  3.840000e+03
     vertex -6.090000e+03 -4.000000e+02  3.840000e+03
   endloop
 endfacet
 facet normal -0.000000e+00 -1.000000e+00  0.000000e+00
   outer loop
     vertex -6.090000e+03 -4.000000e+02  4.050000e+03
     vertex -6.210000e+03 -4.000000e+02  4.050000e+03
     vertex -6.210000e+03 -4.000000e+02  3.840000e+03
   endloop
 endfacet
 facet normal  0.000000e+00 -1.000000e+00  0.000000e+00
   outer loop
     vertex -6.300000e+03 -4.000000e+02  4.300000e+03
     vertex -6.210000e+03 -4.000000e+02  4.100000e+03
     vertex -6.210000e+03 -4.000000e+02  4.200000e+03
   endloop
 endfacet
 facet normal  0.000000e+00 -1.000000e+00  0.000000e+00
   outer loop
     vertex -6.300000e+03 -4.000000e+02  4.300000e+03
     vertex -6.210000e+03 -4.000000e+02  1.840000e+03
     vertex -6.210000e+03 -4.000000e+02  2.120000e+03
   endloop
 endfacet
 facet normal  0.000000e+00 -1.000000e+00  0.000000e+00
   outer loop
     vertex -6.300000e+03 -4.000000e+02  4.300000e+03
     vertex -6.210000e+03 -4.000000e+02  4.050000e+03
     vertex -6.210000e+03 -4.000000e+02  4.100000e+03
   endloop
 endfacet
 facet normal  0.000000e+00 -1.000000e+00  0.000000e+00
   outer loop
     vertex -6.300000e+03 -4.000000e+02  4.300000e+03
     vertex -6.210000e+03 -4.000000e+02  2.170000e+03
     vertex -6.210000e+03 -4.000000e+02  3.790000e+03
   endloop
 endfacet
 facet normal  0.000000e+00 -1.000000e+00  0.000000e+00
   outer loop
     vertex -6.300000e+03 -4.000000e+02  4.300000e+03
     vertex -6.210000e+03 -4.000000e+02  3.790000e+03
     vertex -6.210000e+03 -4.000000e+02  3.840000e+03
   endloop
 endfacet
 facet normal  0.000000e+00 -1.000000e+00  0.000000e+00
   outer loop
     vertex -6.300000e+03 -4.000000e+02  4.300000e+03
     vertex -6.210000e+03 -4.000000e+02  2.120000e+03
     vertex -6.210000e+03 -4.000000e+02  2.170000e+03
   endloop
 endfacet
 facet normal  0.000000e+00 -1.000000e+00  0.000000e+00
   outer loop
     vertex -6.300000e+03 -4.000000e+02  4.300000e+03
     vertex -6.210000e+03 -4.000000e+02  3.840000e+03
     vertex -6.210000e+03 -4.000000e+02  4.050000e+03
   endloop
 endfacet
 facet normal  0.000000e+00 -1.000000e+00  0.000000e+00
   outer loop
     vertex -6.300000e+03 -4.000000e+02  4.300000e+03
     vertex -6.210000e+03 -4.000000e+02  1.790000e+03
     vertex -6.210000e+03 -4.000000e+02  1.840000e+03
   endloop
 endfacet
 facet normal  0.000000e+00 -1.000000e+00  0.000000e+00
   outer loop
     vertex -6.000000e+03 -4.000000e+02  4.000000e+03
     vertex -6.090000e+03 -4.000000e+02  3.840000e+03
     vertex -6.090000e+03 -4.000000e+02  3.790000e+03
   endloop
 endfacet
 facet normal -0.000000e+00 -1.000000e+00  0.000000e+00
   outer loop
     vertex -6.000000e+03 -4.000000e+02  4.000000e+03
     vertex -6.090000e+03 -4.000000e+02  4.050000e+03
     vertex -6.090000e+03 -4.000000e+02  3.840000e+03
   endloop
 endfacet
 facet normal  0.000000e+00 -1.000000e+00  0.000000e+00
   outer loop
     vertex -6.090000e+03 -4.000000e+02  4.100000e+03
     vertex -6.090000e+03 -4.000000e+02  4.050000e+03
     vertex -6.000000e+03 -4.000000e+02  4.000000e+03
   endloop
 endfacet
 facet normal  0.000000e+00 -1.000000e+00  0.000000e+00
   outer loop
     vertex -6.090000e+03 -4.000000e+02  4.100000e+03
     vertex -6.210000e+03 -4.000000e+02  4.200000e+03
     vertex -6.210000e+03 -4.000000e+02  4.100000e+03
   endloop
 endfacet
 facet normal -0.000000e+00 -1.000000e+00 -0.000000e+00
   outer loop
     vertex -6.210000e+03 -4.000000e+02  4.250000e+03
     vertex -6.300000e+03 -4.000000e+02  4.300000e+03
     vertex -6.210000e+03 -4.000000e+02  4.200000e+03
   endloop
 endfacet
 facet normal -0.000000e+00 -1.000000e+00  0.000000e+00
   outer loop
     vertex  2.160000e+03 -4.000000e+02 -4.090000e+03
     vertex  1.880000e+03 -4.000000e+02 -4.090000e+03
     vertex  1.880000e+03 -4.000000e+02 -4.210000e+03
   endloop
 endfacet
 facet normal  0.000000e+00 -1.000000e+00 -0.000000e+00
   outer loop
     vertex  2.160000e+03 -4.000000e+02 -4.090000e+03
     vertex  1.880000e+03 -4.000000e+02 -4.210000e+03
     vertex  2.160000e+03 -4.000000e+02 -4.210000e+03
   endloop
 endfacet
 facet normal -0.000000e+00 -1.000000e+00 -0.000000e+00
   outer loop
     vertex -6.090000e+03 -4.000000e+02  4.200000e+03
     vertex -6.210000e+03 -4.000000e+02  4.200000e+03
     vertex -6.090000e+03 -4.000000e+02  4.100000e+03
   endloop
 endfacet
 facet normal  0.000000e+00 -1.000000e+00  0.000000e+00
   outer loop
     vertex -6.090000e+03 -4.000000e+02  4.250000e+03
     vertex -6.300000e+03 -4.000000e+02  4.300000e+03
     vertex -6.210000e+03 -4.000000e+02  4.250000e+03
   endloop
 endfacet
 facet normal -0.000000e+00 -1.000000e+00  0.000000e+00
   outer loop
     vertex -5.880000e+03 -4.000000e+02  4.090000e+03
     vertex -6.090000e+03 -4.000000e+02  4.100000e+03
     vertex -6.000000e+03 -4.000000e+02  4.000000e+03
   endloop
 endfacet
 facet normal -0.000000e+00 -1.000000e+00  0.000000e+00
   outer loop
     vertex -5.830000e+03 -4.000000e+02  4.090000e+03
     vertex -5.880000e+03 -4.000000e+02  4.090000e+03
     vertex -6.000000e+03 -4.000000e+02  4.000000e+03
   endloop
 endfacet
 facet normal  0.000000e+00 -1.000000e+00  0.000000e+00
   outer loop
     vertex -5.880000e+03 -4.000000e+02  4.210000e+03
     vertex -6.090000e+03 -4.000000e+02  4.200000e+03
     vertex -6.090000e+03 -4.000000e+02  4.100000e+03
   endloop
 endfacet
 facet normal  0.000000e+00 -1.000000e+00 -0.000000e+00
   outer loop
     vertex -5.880000e+03 -4.000000e+02  4.210000e+03
     vertex -6.090000e+03 -4.000000e+02  4.100000e+03
     vertex -5.880000e+03 -4.000000e+02  4.090000e+03
   endloop
 endfacet
 facet normal -0.000000e+00 -1.000000e+00  0.000000e+00
   outer loop
     vertex -5.880000e+03 -4.000000e+02  4.210000e+03
     vertex -6.090000e+03 -4.000000e+02  4.250000e+03
     vertex -6.090000e+03 -4.000000e+02  4.200000e+03
   endloop
 endfacet
 facet normal  0.000000e+00 -1.000000e+00  0.000000e+00
   outer loop
     vertex -5.830000e+03 -4.000000e+02  4.210000e+03
     vertex -6.300000e+03 -4.000000e+02  4.300000e+03
     vertex -6.090000e+03 -4.000000e+02  4.250000e+03
   endloop
 endfacet
 facet normal  0.000000e+00 -1.000000e+00  0.000000e+00
   outer loop
     vertex -5.830000e+03 -4.000000e+02  4.210000e+03
     vertex -6.090000e+03 -4.000000e+02  4.250000e+03
     vertex -5.880000e+03 -4.000000e+02  4.210000e+03
   endloop
 endfacet
 facet normal  0.000000e+00 -1.000000e+00  0.000000e+00
   outer loop
     vertex  2.935000e+03 -4.000000e+02 -4.057500e+03
     vertex  2.210000e+03 -4.000000e+02 -4.090000e+03
     vertex  2.210000e+03 -4.000000e+02 -4.210000e+03
   endloop
 endfacet
 facet normal  0.000000e+00 -1.000000e+00 -0.000000e+00
   outer loop
     vertex  2.935000e+03 -4.000000e+02 -4.022500e+03
     vertex  2.210000e+03 -4.000000e+02 -4.090000e+03
     vertex  2.935000e+03 -4.000000e+02 -4.057500e+03
   endloop
 endfacet
 facet normal -0.000000e+00 -1.000000e+00  0.000000e+00
   outer loop
     vertex  3.025000e+03 -4.000000e+02 -4.057500e+03
     vertex  2.935000e+03 -4.000000e+02 -4.057500e+03
     vertex  2.210000e+03 -4.000000e+02 -4.210000e+03
   endloop
 endfacet
 facet normal -0.000000e+00 -1.000000e+00 -0.000000e+00
   outer loop
     vertex -5.025000e+03 -4.000000e+02  4.057500e+03
     vertex -5.830000e+03 -4.000000e+02  4.090000e+03
     vertex -5.025000e+03 -4.000000e+02  4.022500e+03
   endloop
 endfacet
 facet normal  0.000000e+00 -1.000000e+00  0.000000e+00
   outer loop
     vertex -5.025000e+03 -4.000000e+02  4.057500e+03
     vertex -5.830000e+03 -4.000000e+02  4.210000e+03
     vertex -5.830000e+03 -4.000000e+02  4.090000e+03
   endloop
 endfacet
 facet normal  0.000000e+00 -1.000000e+00  0.000000e+00
   outer loop
     vertex  3.830000e+03 -4.000000e+02 -4.210000e+03
     vertex  3.025000e+03 -4.000000e+02 -4.057500e+03
     vertex  2.210000e+03 -4.000000e+02 -4.210000e+03
   endloop
 endfacet
 facet normal  0.000000e+00 -1.000000e+00  0.000000e+00
   outer loop
     vertex  3.830000e+03 -4.000000e+02 -4.090000e+03
     vertex  3.025000e+03 -4.000000e+02 -4.022500e+03
     vertex  3.025000e+03 -4.000000e+02 -4.057500e+03
   endloop
 endfacet
 facet normal -0.000000e+00 -1.000000e+00 -0.000000e+00
   outer loop
     vertex  3.830000e+03 -4.000000e+02 -4.090000e+03
     vertex  3.025000e+03 -4.000000e+02 -4.057500e+03
     vertex  3.830000e+03 -4.000000e+02 -4.210000e+03
   endloop
 endfacet
 facet normal  0.000000e+00 -1.000000e+00  0.000000e+00
   outer loop
     vertex -4.210000e+03 -4.000000e+02  4.090000e+03
     vertex -4.935000e+03 -4.000000e+02  4.057500e+03
     vertex -4.935000e+03 -4.000000e+02  4.022500e+03
   endloop
 endfacet
 facet normal  0.000000e+00 -1.000000e+00  0.000000e+00
   outer loop
     vertex -4.210000e+03 -4.000000e+02  4.210000e+03
     vertex -6.300000e+03 -4.000000e+02  4.300000e+03
     vertex -5.830000e+03 -4.000000e+02  4.210000e+03
   endloop
 endfacet
 facet normal -0.000000e+00 -1.000000e+00  0.000000e+00
   outer loop
     vertex -4.210000e+03 -4.000000e+02  4.210000e+03
     vertex -5.830000e+03 -4.000000e+02  4.210000e+03
     vertex -5.025000e+03 -4.000000e+02  4.057500e+03
   endloop
 endfacet
 facet normal  0.000000e+00 -1.000000e+00 -0.000000e+00
   outer loop
     vertex -4.210000e+03 -4.000000e+02  4.210000e+03
     vertex -4.935000e+03 -4.000000e+02  4.057500e+03
     vertex -4.210000e+03 -4.000000e+02  4.090000e+03
   endloop
 endfacet
 facet normal  0.000000e+00 -1.000000e+00  0.000000e+00
   outer loop
     vertex -4.210000e+03 -4.000000e+02  4.210000e+03
     vertex -5.025000e+03 -4.000000e+02  4.057500e+03
     vertex -4.935000e+03 -4.000000e+02  4.057500e+03
   endloop
 endfacet
 facet normal  0.000000e+00 -1.000000e+00 -0.000000e+00
   outer loop
     vertex  4.160000e+03 -4.000000e+02 -4.090000e+03
     vertex  3.880000e+03 -4.000000e+02 -4.210000e+03
     vertex  4.160000e+03 -4.000000e+02 -4.210000e+03
   endloop
 endfacet
 facet normal -0.000000e+00 -1.000000e+00  0.000000e+00
   outer loop
     vertex  4.160000e+03 -4.000000e+02 -4.090000e+03
     vertex  3.880000e+03 -4.000000e+02 -4.090000e+03
     vertex  3.880000e+03 -4.000000e+02 -4.210000e+03
   endloop
 endfacet
 facet normal  0.000000e+00 -1.000000e+00 -0.000000e+00
   outer loop
     vertex -3.880000e+03 -4.000000e+02  4.210000e+03
     vertex -4.160000e+03 -4.000000e+02  4.090000e+03
     vertex -3.880000e+03 -4.000000e+02  4.090000e+03
   endloop
 endfacet
 facet normal -0.000000e+00 -1.000000e+00  0.000000e+00
   outer loop
     vertex -3.880000e+03 -4.000000e+02  4.210000e+03
     vertex -4.160000e+03 -4.000000e+02  4.210000e+03
     vertex -4.160000e+03 -4.000000e+02  4.090000e+03
   endloop
 endfacet
 facet normal  0.000000e+00 -1.000000e+00  0.000000e+00
   outer loop
     vertex  4.935000e+03 -4.000000e+02 -4.057500e+03
     vertex  4.210000e+03 -4.000000e+02 -4.090000e+03
     vertex  4.210000e+03 -4.000000e+02 -4.210000e+03
   endloop
 endfacet
 facet normal  0.000000e+00 -1.000000e+00 -0.000000e+00
   outer loop
     vertex  4.935000e+03 -4.000000e+02 -4.022500e+03
     vertex  4.210000e+03 -4.000000e+02 -4.090000e+03
     vertex  4.935000e+03 -4.000000e+02 -4.057500e+03
   endloop
 endfacet
 facet normal -0.000000e+00 -1.000000e+00  0.000000e+00
   outer loop
     vertex  5.025000e+03 -4.000000e+02 -4.057500e+03
     vertex  4.935000e+03 -4.000000e+02 -4.057500e+03
     vertex  4.210000e+03 -4.000000e+02 -4.210000e+03
   endloop
 endfacet
 facet normal -0.000000e+00 -1.000000e+00 -0.000000e+00
   outer loop
     vertex -3.025000e+03 -4.000000e+02  4.057500e+03
     vertex -3.830000e+03 -4.000000e+02  4.090000e+03
     vertex -3.025000e+03 -4.000000e+02  4.022500e+03
   endloop
 endfacet
 facet normal  0.000000e+00 -1.000000e+00  0.000000e+00
   outer loop
     vertex -3.025000e+03 -4.000000e+02  4.057500e+03
     vertex -3.830000e+03 -4.000000e+02  4.210000e+03
     vertex -3.830000e+03 -4.000000e+02  4.090000e+03
   endloop
 endfacet
 facet normal  0.000000e+00 -1.000000e+00  0.000000e+00
   outer loop
     vertex  5.830000e+03 -4.000000e+02 -4.210000e+03
     vertex  5.025000e+03 -4.000000e+02 -4.057500e+03
     vertex  4.210000e+03 -4.000000e+02 -4.210000e+03
   endloop
 endfacet
 facet normal  0.000000e+00 -1.000000e+00  0.000000e+00
   outer loop
     vertex  5.830000e+03 -4.000000e+02 -4.090000e+03
     vertex  5.025000e+03 -4.000000e+02 -4.022500e+03
     vertex  5.025000e+03 -4.000000e+02 -4.057500e+03
   endloop
 endfacet
 facet normal -0.000000e+00 -1.000000e+00 -0.000000e+00
   outer loop
     vertex  5.830000e+03 -4.000000e+02 -4.090000e+03
     vertex  5.025000e+03 -4.000000e+02 -4.057500e+03
     vertex  5.830000e+03 -4.000000e+02 -4.210000e+03
   endloop
 endfacet
 facet normal  0.000000e+00 -1.000000e+00  0.000000e+00
   outer loop
     vertex  6.090000e+03 -4.000000e+02 -4.250000e+03
     vertex  5.880000e+03 -4.000000e+02 -4.210000e+03
     vertex  5.830000e+03 -4.000000e+02 -4.210000e+03
   endloop
 endfacet
 facet normal  0.000000e+00 -1.000000e+00  0.000000e+00
   outer loop
     vertex -2.210000e+03 -4.000000e+02  4.090000e+03
     vertex -2.935000e+03 -4.000000e+02  4.057500e+03
     vertex -2.935000e+03 -4.000000e+02  4.022500e+03
   endloop
 endfacet
 facet normal  0.000000e+00 -1.000000e+00 -0.000000e+00
   outer loop
     vertex  6.090000e+03 -4.000000e+02 -4.200000e+03
     vertex  5.880000e+03 -4.000000e+02 -4.210000e+03
     vertex  6.090000e+03 -4.000000e+02 -4.250000e+03
   endloop
 endfacet
 facet normal  0.000000e+00 -1.000000e+00 -0.000000e+00
   outer loop
     vertex  6.090000e+03 -4.000000e+02 -4.100000e+03
     vertex  5.880000e+03 -4.000000e+02 -4.210000e+03
     vertex  6.090000e+03 -4.000000e+02 -4.200000e+03
   endloop
 endfacet
 facet normal -0.000000e+00 -1.000000e+00  0.000000e+00
   outer loop
     vertex  6.090000e+03 -4.000000e+02 -4.100000e+03
     vertex  5.880000e+03 -4.000000e+02 -4.090000e+03
     vertex  5.880000e+03 -4.000000e+02 -4.210000e+03
   endloop
 endfacet
 facet normal  0.000000e+00 -1.000000e+00 -0.000000e+00
   outer loop
     vertex  6.000000e+03 -4.000000e+02 -4.000000e+03
     vertex  5.880000e+03 -4.000000e+02 -4.090000e+03
     vertex  6.090000e+03 -4.000000e+02 -4.100000e+03
   endloop
 endfacet
 facet normal  0.000000e+00 -1.000000e+00  0.000000e+00
   outer loop
     vertex  6.000000e+03 -4.000000e+02 -4.000000e+03
     vertex  5.830000e+03 -4.000000e+02 -4.090000e+03
     vertex  5.880000e+03 -4.000000e+02 -4.090000e+03
   endloop
 endfacet
 facet normal  0.000000e+00 -1.000000e+00  0.000000e+00
   outer loop
     vertex -2.210000e+03 -4.000000e+02  4.210000e+03
     vertex -3.025000e+03 -4.000000e+02  4.057500e+03
     vertex -2.935000e+03 -4.000000e+02  4.057500e+03
   endloop
 endfacet
 facet normal  0.000000e+00 -1.000000e+00 -0.000000e+00
   outer loop
     vertex -2.210000e+03 -4.000000e+02  4.210000e+03
     vertex -2.935000e+03 -4.000000e+02  4.057500e+03
     vertex -2.210000e+03 -4.000000e+02  4.090000e+03
   endloop
 endfacet
 facet normal -0.000000e+00 -1.000000e+00  0.000000e+00
   outer loop
     vertex -2.210000e+03 -4.000000e+02  4.210000e+03
     vertex -3.830000e+03 -4.000000e+02  4.210000e+03
     vertex -3.025000e+03 -4.000000e+02  4.057500e+03
   endloop
 endfacet
 facet normal  0.000000e+00 -1.000000e+00  0.000000e+00
   outer loop
     vertex  6.300000e+03 -4.000000e+02 -4.300000e+03
     vertex  6.210000e+03 -4.000000e+02 -4.250000e+03
     vertex  6.090000e+03 -4.000000e+02 -4.250000e+03
   endloop
 endfacet
 facet normal  0.000000e+00 -1.000000e+00  0.000000e+00
   outer loop
     vertex  6.300000e+03 -4.000000e+02 -4.300000e+03
     vertex  6.090000e+03 -4.000000e+02 -4.250000e+03
     vertex  5.830000e+03 -4.000000e+02 -4.210000e+03
   endloop
 endfacet
 facet normal  0.000000e+00 -1.000000e+00  0.000000e+00
   outer loop
     vertex  6.300000e+03 -4.000000e+02 -4.300000e+03
     vertex  5.830000e+03 -4.000000e+02 -4.210000e+03
     vertex  4.210000e+03 -4.000000e+02 -4.210000e+03
   endloop
 endfacet
 facet normal  0.000000e+00 -1.000000e+00  0.000000e+00
   outer loop
     vertex  6.210000e+03 -4.000000e+02 -4.200000e+03
     vertex  6.090000e+03 -4.000000e+02 -4.100000e+03
     vertex  6.090000e+03 -4.000000e+02 -4.200000e+03
   endloop
 endfacet
 facet normal  0.000000e+00 -1.000000e+00  0.000000e+00
   outer loop
     vertex  6.210000e+03 -4.000000e+02 -4.200000e+03
     vertex  6.210000e+03 -4.000000e+02 -4.250000e+03
     vertex  6.300000e+03 -4.000000e+02 -4.300000e+03
   endloop
 endfacet
 facet normal -0.000000e+00 -1.000000e+00 -0.000000e+00
   outer loop
     vertex  6.090000e+03 -4.000000e+02 -4.050000e+03
     vertex  6.000000e+03 -4.000000e+02 -4.000000e+03
     vertex  6.090000e+03 -4.000000e+02 -4.100000e+03
   endloop
 endfacet
 facet normal  0.000000e+00 -1.000000e+00  0.000000e+00
   outer loop
     vertex  6.210000e+03 -4.000000e+02 -4.100000e+03
     vertex  6.210000e+03 -4.000000e+02 -4.200000e+03
     vertex  6.300000e+03 -4.000000e+02 -4.300000e+03
   endloop
 endfacet
 facet normal -0.000000e+00 -1.000000e+00 -0.000000e+00
   outer loop
     vertex  6.210000e+03 -4.000000e+02 -4.100000e+03
     vertex  6.090000e+03 -4.000000e+02 -4.100000e+03
     vertex  6.210000e+03 -4.000000e+02 -4.200000e+03
   endloop
 endfacet
 facet normal  0.000000e+00 -1.000000e+00  0.000000e+00
   outer loop
     vertex  6.210000e+03 -4.000000e+02 -4.050000e+03
     vertex  6.210000e+03 -4.000000e+02 -4.100000e+03
     vertex  6.300000e+03 -4.000000e+02 -4.300000e+03
   endloop
 endfacet
 facet normal  0.000000e+00 -1.000000e+00 -0.000000e+00
   outer loop
     vertex  6.090000e+03 -4.000000e+02 -3.840000e+03
     vertex  6.000000e+03 -4.000000e+02 -4.000000e+03
     vertex  6.090000e+03 -4.000000e+02 -4.050000e+03
   endloop
 endfacet
 facet normal  0.000000e+00 -1.000000e+00 -0.000000e+00
   outer loop
     vertex  6.090000e+03 -4.000000e+02 -3.790000e+03
     vertex  6.000000e+03 -4.000000e+02 -4.000000e+03
     vertex  6.090000e+03 -4.000000e+02 -3.840000e+03
   endloop
 endfacet
 facet normal  0.000000e+00 -1.000000e+00 -0.000000e+00
   outer loop
     vertex -1.880000e+03 -4.000000e+02  4.210000e+03
     vertex -2.160000e+03 -4.000000e+02  4.090000e+03
     vertex -1.880000e+03 -4.000000e+02  4.090000e+03
   endloop
 endfacet
 facet normal -0.000000e+00 -1.000000e+00  0.000000e+00
   outer loop
     vertex -1.880000e+03 -4.000000e+02  4.210000e+03
     vertex -2.160000e+03 -4.000000e+02  4.210000e+03
     vertex -2.160000e+03 -4.000000e+02  4.090000e+03
   endloop
 endfacet
 facet normal  0.000000e+00 -1.000000e+00  0.000000e+00
   outer loop
     vertex  6.210000e+03 -4.000000e+02 -3.840000e+03
     vertex  6.210000e+03 -4.000000e+02 -4.050000e+03
     vertex  6.300000e+03 -4.000000e+02 -4.300000e+03
   endloop
 endfacet
 facet normal -0.000000e+00 -1.000000e+00  0.000000e+00
   outer loop
     vertex  6.210000e+03 -4.000000e+02 -3.840000e+03
     vertex  6.090000e+03 -4.000000e+02 -3.840000e+03
     vertex  6.090000e+03 -4.000000e+02 -4.050000e+03
   endloop
 endfacet
 facet normal  0.000000e+00 -1.000000e+00 -0.000000e+00
   outer loop
     vertex  6.210000e+03 -4.000000e+02 -3.840000e+03
     vertex  6.090000e+03 -4.000000e+02 -4.050000e+03
     vertex  6.210000e+03 -4.000000e+02 -4.050000e+03
   endloop
 endfacet
 facet normal  0.000000e+00 -1.000000e+00  0.000000e+00
   outer loop
     vertex  6.210000e+03 -4.000000e+02 -3.790000e+03
     vertex  6.210000e+03 -4.000000e+02 -3.840000e+03
     vertex  6.300000e+03 -4.000000e+02 -4.300000e+03
   endloop
 endfacet
 facet normal -0.000000e+00 -1.000000e+00 -0.000000e+00
   outer loop
     vertex  6.057500e+03 -4.000000e+02 -3.065000e+03
     vertex  6.022500e+03 -4.000000e+02 -3.065000e+03
     vertex  6.090000e+03 -4.000000e+02 -3.790000e+03
   endloop
 endfacet
 facet normal  0.000000e+00 -1.000000e+00  0.000000e+00
   outer loop
     vertex  6.057500e+03 -4.000000e+02 -3.065000e+03
     vertex  6.090000e+03 -4.000000e+02 -3.790000e+03
     vertex  6.210000e+03 -4.000000e+02 -3.790000e+03
   endloop
 endfacet
 facet normal -0.000000e+00 -1.000000e+00 -0.000000e+00
   outer loop
     vertex -1.025000e+03 -4.000000e+02  4.057500e+03
     vertex -1.830000e+03 -4.000000e+02  4.090000e+03
     vertex -1.025000e+03 -4.000000e+02  4.022500e+03
   endloop
 endfacet
 facet normal  0.000000e+00 -1.000000e+00  0.000000e+00
   outer loop
     vertex -1.025000e+03 -4.000000e+02  4.057500e+03
     vertex -1.830000e+03 -4.000000e+02  4.210000e+03
     vertex -1.830000e+03 -4.000000e+02  4.090000e+03
   endloop
 endfacet
 facet normal  0.000000e+00 -1.000000e+00  0.000000e+00
   outer loop
     vertex  6.057500e+03 -4.000000e+02 -2.975000e+03
     vertex  6.057500e+03 -4.000000e+02 -3.065000e+03
     vertex  6.210000e+03 -4.000000e+02 -3.790000e+03
   endloop
 endfacet
 facet normal  0.000000e+00 -1.000000e+00  0.000000e+00
   outer loop
     vertex -2.100000e+02 -4.000000e+02  4.090000e+03
     vertex -9.350000e+02 -4.000000e+02  4.057500e+03
     vertex -9.350000e+02 -4.000000e+02  4.022500e+03
   endloop
 endfacet
 facet normal  0.000000e+00 -1.000000e+00  0.000000e+00
   outer loop
     vertex  6.090000e+03 -4.000000e+02 -2.170000e+03
     vertex  6.022500e+03 -4.000000e+02 -2.975000e+03
     vertex  6.057500e+03 -4.000000e+02 -2.975000e+03
   endloop
 endfacet
 facet normal  0.000000e+00 -1.000000e+00  0.000000e+00
   outer loop
     vertex -2.100000e+02 -4.000000e+02  4.210000e+03
     vertex -1.025000e+03 -4.000000e+02  4.057500e+03
     vertex -9.350000e+02 -4.000000e+02  4.057500e+03
   endloop
 endfacet
 facet normal  0.000000e+00 -1.000000e+00 -0.000000e+00
   outer loop
     vertex -2.100000e+02 -4.000000e+02  4.210000e+03
     vertex -9.350000e+02 -4.000000e+02  4.057500e+03
     vertex -2.100000e+02 -4.000000e+02  4.090000e+03
   endloop
 endfacet
 facet normal -0.000000e+00 -1.000000e+00  0.000000e+00
   outer loop
     vertex -2.100000e+02 -4.000000e+02  4.210000e+03
     vertex -1.830000e+03 -4.000000e+02  4.210000e+03
     vertex -1.025000e+03 -4.000000e+02  4.057500e+03
   endloop
 endfacet
 facet normal  0.000000e+00 -1.000000e+00  0.000000e+00
   outer loop
     vertex  6.210000e+03 -4.000000e+02 -2.170000e+03
     vertex  6.210000e+03 -4.000000e+02 -3.790000e+03
     vertex  6.300000e+03 -4.000000e+02 -4.300000e+03
   endloop
 endfacet
 facet normal  0.000000e+00 -1.000000e+00 -0.000000e+00
   outer loop
     vertex  6.210000e+03 -4.000000e+02 -2.170000e+03
     vertex  6.057500e+03 -4.000000e+02 -2.975000e+03
     vertex  6.210000e+03 -4.000000e+02 -3.790000e+03
   endloop
 endfacet
 facet normal -0.000000e+00 -1.000000e+00  0.000000e+00
   outer loop
     vertex  6.210000e+03 -4.000000e+02 -2.170000e+03
     vertex  6.090000e+03 -4.000000e+02 -2.170000e+03
     vertex  6.057500e+03 -4.000000e+02 -2.975000e+03
   endloop
 endfacet
 facet normal -0.000000e+00 -1.000000e+00  0.000000e+00
   outer loop
     vertex  1.200000e+02 -4.000000e+02  4.210000e+03
     vertex -1.600000e+02 -4.000000e+02  4.210000e+03
     vertex -1.600000e+02 -4.000000e+02  4.090000e+03
   endloop
 endfacet
 facet normal  0.000000e+00 -1.000000e+00 -0.000000e+00
   outer loop
     vertex  1.200000e+02 -4.000000e+02  4.210000e+03
     vertex -1.600000e+02 -4.000000e+02  4.090000e+03
     vertex  1.200000e+02 -4.000000e+02  4.090000e+03
   endloop
 endfacet
 facet normal  0.000000e+00 -1.000000e+00 -0.000000e+00
   outer loop
     vertex  6.210000e+03 -4.000000e+02 -1.840000e+03
     vertex  6.090000e+03 -4.000000e+02 -2.120000e+03
     vertex  6.210000e+03 -4.000000e+02 -2.120000e+03
   endloop
 endfacet
 facet normal -0.000000e+00 -1.000000e+00  0.000000e+00
   outer loop
     vertex  6.210000e+03 -4.000000e+02 -1.840000e+03
     vertex  6.090000e+03 -4.000000e+02 -1.840000e+03
     vertex  6.090000e+03 -4.000000e+02 -2.120000e+03
   endloop
 endfacet
 facet normal  0.000000e+00 -1.000000e+00  0.000000e+00
   outer loop
     vertex  6.057500e+03 -4.000000e+02 -1.065000e+03
     vertex  6.090000e+03 -4.000000e+02 -1.790000e+03
     vertex  6.210000e+03 -4.000000e+02 -1.790000e+03
   endloop
 endfacet
 facet normal -0.000000e+00 -1.000000e+00 -0.000000e+00
   outer loop
     vertex  6.057500e+03 -4.000000e+02 -1.065000e+03
     vertex  6.022500e+03 -4.000000e+02 -1.065000e+03
     vertex  6.090000e+03 -4.000000e+02 -1.790000e+03
   endloop
 endfacet
 facet normal  0.000000e+00 -1.000000e+00  0.000000e+00
   outer loop
     vertex  9.750000e+02 -4.000000e+02  4.057500e+03
     vertex  1.700000e+02 -4.000000e+02  4.210000e+03
     vertex  1.700000e+02 -4.000000e+02  4.090000e+03
   endloop
 endfacet
 facet normal -0.000000e+00 -1.000000e+00 -0.000000e+00
   outer loop
     vertex  9.750000e+02 -4.000000e+02  4.057500e+03
     vertex  1.700000e+02 -4.000000e+02  4.090000e+03
     vertex  9.750000e+02 -4.000000e+02  4.022500e+03
   endloop
 endfacet
 facet normal  0.000000e+00 -1.000000e+00  0.000000e+00
   outer loop
     vertex  6.057500e+03 -4.000000e+02 -9.750000e+02
     vertex  6.057500e+03 -4.000000e+02 -1.065000e+03
     vertex  6.210000e+03 -4.000000e+02 -1.790000e+03
   endloop
 endfacet
 facet normal  0.000000e+00 -1.000000e+00  0.000000e+00
   outer loop
     vertex  1.790000e+03 -4.000000e+02  4.090000e+03
     vertex  1.065000e+03 -4.000000e+02  4.057500e+03
     vertex  1.065000e+03 -4.000000e+02  4.022500e+03
   endloop
 endfacet
 facet normal  0.000000e+00 -1.000000e+00  0.000000e+00
   outer loop
     vertex  6.090000e+03 -4.000000e+02 -1.700000e+02
     vertex  6.022500e+03 -4.000000e+02 -9.750000e+02
     vertex  6.057500e+03 -4.000000e+02 -9.750000e+02
   endloop
 endfacet
 facet normal -0.000000e+00 -1.000000e+00  0.000000e+00
   outer loop
     vertex  1.790000e+03 -4.000000e+02  4.210000e+03
     vertex  1.700000e+02 -4.000000e+02  4.210000e+03
     vertex  9.750000e+02 -4.000000e+02  4.057500e+03
   endloop
 endfacet
 facet normal  0.000000e+00 -1.000000e+00  0.000000e+00
   outer loop
     vertex  1.790000e+03 -4.000000e+02  4.210000e+03
     vertex  9.750000e+02 -4.000000e+02  4.057500e+03
     vertex  1.065000e+03 -4.000000e+02  4.057500e+03
   endloop
 endfacet
 facet normal  0.000000e+00 -1.000000e+00 -0.000000e+00
   outer loop
     vertex  1.790000e+03 -4.000000e+02  4.210000e+03
     vertex  1.065000e+03 -4.000000e+02  4.057500e+03
     vertex  1.790000e+03 -4.000000e+02  4.090000e+03
   endloop
 endfacet
 facet normal  0.000000e+00 -1.000000e+00 -0.000000e+00
   outer loop
     vertex  6.210000e+03 -4.000000e+02 -1.700000e+02
     vertex  6.057500e+03 -4.000000e+02 -9.750000e+02
     vertex  6.210000e+03 -4.000000e+02 -1.790000e+03
   endloop
 endfacet
 facet normal -0.000000e+00 -1.000000e+00  0.000000e+00
   outer loop
     vertex  6.210000e+03 -4.000000e+02 -1.700000e+02
     vertex  6.090000e+03 -4.000000e+02 -1.700000e+02
     vertex  6.057500e+03 -4.000000e+02 -9.750000e+02
   endloop
 endfacet
 facet normal  0.000000e+00 -1.000000e+00 -0.000000e+00
   outer loop
     vertex  2.120000e+03 -4.000000e+02  4.210000e+03
     vertex  1.840000e+03 -4.000000e+02  4.090000e+03
     vertex  2.120000e+03 -4.000000e+02  4.090000e+03
   endloop
 endfacet
 facet normal -0.000000e+00 -1.000000e+00  0.000000e+00
   outer loop
     vertex  2.120000e+03 -4.000000e+02  4.210000e+03
     vertex  1.840000e+03 -4.000000e+02  4.210000e+03
     vertex  1.840000e+03 -4.000000e+02  4.090000e+03
   endloop
 endfacet
 facet normal -0.000000e+00 -1.000000e+00  0.000000e+00
   outer loop
     vertex  6.210000e+03 -4.000000e+02  1.600000e+02
     vertex  6.090000e+03 -4.000000e+02  1.600000e+02
     vertex  6.090000e+03 -4.000000e+02 -1.200000e+02
   endloop
 endfacet
 facet normal  0.000000e+00 -1.000000e+00 -0.000000e+00
   outer loop
     vertex  6.210000e+03 -4.000000e+02  1.600000e+02
     vertex  6.090000e+03 -4.000000e+02 -1.200000e+02
     vertex  6.210000e+03 -4.000000e+02 -1.200000e+02
   endloop
 endfacet
 facet normal -0.000000e+00 -1.000000e+00 -0.000000e+00
   outer loop
     vertex  6.057500e+03 -4.000000e+02  9.350000e+02
     vertex  6.022500e+03 -4.000000e+02  9.350000e+02
     vertex  6.090000e+03 -4.000000e+02  2.100000e+02
   endloop
 endfacet
 facet normal  0.000000e+00 -1.000000e+00  0.000000e+00
   outer loop
     vertex  6.057500e+03 -4.000000e+02  9.350000e+02
     vertex  6.090000e+03 -4.000000e+02  2.100000e+02
     vertex  6.210000e+03 -4.000000e+02  2.100000e+02
   endloop
 endfacet
 facet normal  0.000000e+00 -1.000000e+00  0.000000e+00
   outer loop
     vertex  2.975000e+03 -4.000000e+02  4.057500e+03
     vertex  2.170000e+03 -4.000000e+02  4.210000e+03
     vertex  2.170000e+03 -4.000000e+02  4.090000e+03
   endloop
 endfacet
 facet normal -0.000000e+00 -1.000000e+00 -0.000000e+00
   outer loop
     vertex  2.975000e+03 -4.000000e+02  4.057500e+03
     vertex  2.170000e+03 -4.000000e+02  4.090000e+03
     vertex  2.975000e+03 -4.000000e+02  4.022500e+03
   endloop
 endfacet
 facet normal  0.000000e+00 -1.000000e+00  0.000000e+00
   outer loop
     vertex  6.057500e+03 -4.000000e+02  1.025000e+03
     vertex  6.057500e+03 -4.000000e+02  9.350000e+02
     vertex  6.210000e+03 -4.000000e+02  2.100000e+02
   endloop
 endfacet
 facet normal  0.000000e+00 -1.000000e+00  0.000000e+00
   outer loop
     vertex  3.790000e+03 -4.000000e+02  4.090000e+03
     vertex  3.065000e+03 -4.000000e+02  4.057500e+03
     vertex  3.065000e+03 -4.000000e+02  4.022500e+03
   endloop
 endfacet
 facet normal  0.000000e+00 -1.000000e+00  0.000000e+00
   outer loop
     vertex  6.090000e+03 -4.000000e+02  1.830000e+03
     vertex  6.022500e+03 -4.000000e+02  1.025000e+03
     vertex  6.057500e+03 -4.000000e+02  1.025000e+03
   endloop
 endfacet
 facet normal  0.000000e+00 -1.000000e+00  0.000000e+00
   outer loop
     vertex  3.790000e+03 -4.000000e+02  4.210000e+03
     vertex  2.975000e+03 -4.000000e+02  4.057500e+03
     vertex  3.065000e+03 -4.000000e+02  4.057500e+03
   endloop
 endfacet
 facet normal -0.000000e+00 -1.000000e+00  0.000000e+00
   outer loop
     vertex  3.790000e+03 -4.000000e+02  4.210000e+03
     vertex  2.170000e+03 -4.000000e+02  4.210000e+03
     vertex  2.975000e+03 -4.000000e+02  4.057500e+03
   endloop
 endfacet
 facet normal  0.000000e+00 -1.000000e+00 -0.000000e+00
   outer loop
     vertex  3.790000e+03 -4.000000e+02  4.210000e+03
     vertex  3.065000e+03 -4.000000e+02  4.057500e+03
     vertex  3.790000e+03 -4.000000e+02  4.090000e+03
   endloop
 endfacet
 facet normal  0.000000e+00 -1.000000e+00 -0.000000e+00
   outer loop
     vertex  6.210000e+03 -4.000000e+02  1.830000e+03
     vertex  6.057500e+03 -4.000000e+02  1.025000e+03
     vertex  6.210000e+03 -4.000000e+02  2.100000e+02
   endloop
 endfacet
 facet normal -0.000000e+00 -1.000000e+00  0.000000e+00
   outer loop
     vertex  6.210000e+03 -4.000000e+02  1.830000e+03
     vertex  6.090000e+03 -4.000000e+02  1.830000e+03
     vertex  6.057500e+03 -4.000000e+02  1.025000e+03
   endloop
 endfacet
 facet normal -0.000000e+00 -1.000000e+00  0.000000e+00
   outer loop
     vertex  4.120000e+03 -4.000000e+02  4.210000e+03
     vertex  3.840000e+03 -4.000000e+02  4.210000e+03
     vertex  3.840000e+03 -4.000000e+02  4.090000e+03
   endloop
 endfacet
 facet normal  0.000000e+00 -1.000000e+00 -0.000000e+00
   outer loop
     vertex  4.120000e+03 -4.000000e+02  4.210000e+03
     vertex  3.840000e+03 -4.000000e+02  4.090000e+03
     vertex  4.120000e+03 -4.000000e+02  4.090000e+03
   endloop
 endfacet
 facet normal -0.000000e+00 -1.000000e+00  0.000000e+00
   outer loop
     vertex  6.210000e+03 -4.000000e+02  2.160000e+03
     vertex  6.090000e+03 -4.000000e+02  2.160000e+03
     vertex  6.090000e+03 -4.000000e+02  1.880000e+03
   endloop
 endfacet
 facet normal  0.000000e+00 -1.000000e+00 -0.000000e+00
   outer loop
     vertex  6.210000e+03 -4.000000e+02  2.160000e+03
     vertex  6.090000e+03 -4.000000e+02  1.880000e+03
     vertex  6.210000e+03 -4.000000e+02  1.880000e+03
   endloop
 endfacet
 facet normal  0.000000e+00 -1.000000e+00  0.000000e+00
   outer loop
     vertex  6.057500e+03 -4.000000e+02  2.935000e+03
     vertex  6.090000e+03 -4.000000e+02  2.210000e+03
     vertex  6.210000e+03 -4.000000e+02  2.210000e+03
   endloop
 endfacet
 facet normal -0.000000e+00 -1.000000e+00 -0.000000e+00
   outer loop
     vertex  6.057500e+03 -4.000000e+02  2.935000e+03
     vertex  6.022500e+03 -4.000000e+02  2.935000e+03
     vertex  6.090000e+03 -4.000000e+02  2.210000e+03
   endloop
 endfacet
 facet normal  0.000000e+00 -1.000000e+00  0.000000e+00
   outer loop
     vertex  4.975000e+03 -4.000000e+02  4.057500e+03
     vertex  4.170000e+03 -4.000000e+02  4.210000e+03
     vertex  4.170000e+03 -4.000000e+02  4.090000e+03
   endloop
 endfacet
 facet normal -0.000000e+00 -1.000000e+00 -0.000000e+00
   outer loop
     vertex  4.975000e+03 -4.000000e+02  4.057500e+03
     vertex  4.170000e+03 -4.000000e+02  4.090000e+03
     vertex  4.975000e+03 -4.000000e+02  4.022500e+03
   endloop
 endfacet
 facet normal  0.000000e+00 -1.000000e+00  0.000000e+00
   outer loop
     vertex  6.057500e+03 -4.000000e+02  3.025000e+03
     vertex  6.057500e+03 -4.000000e+02  2.935000e+03
     vertex  6.210000e+03 -4.000000e+02  2.210000e+03
   endloop
 endfacet
 facet normal  0.000000e+00 -1.000000e+00  0.000000e+00
   outer loop
     vertex  5.790000e+03 -4.000000e+02  4.090000e+03
     vertex  5.065000e+03 -4.000000e+02  4.057500e+03
     vertex  5.065000e+03 -4.000000e+02  4.022500e+03
   endloop
 endfacet
 facet normal  0.000000e+00 -1.000000e+00  0.000000e+00
   outer loop
     vertex  6.090000e+03 -4.000000e+02  3.830000e+03
     vertex  6.022500e+03 -4.000000e+02  3.025000e+03
     vertex  6.057500e+03 -4.000000e+02  3.025000e+03
   endloop
 endfacet
 facet normal  0.000000e+00 -1.000000e+00  0.000000e+00
   outer loop
     vertex  6.000000e+03 -4.000000e+02  4.000000e+03
     vertex  5.840000e+03 -4.000000e+02  4.090000e+03
     vertex  5.790000e+03 -4.000000e+02  4.090000e+03
   endloop
 endfacet
 facet normal  0.000000e+00 -1.000000e+00  0.000000e+00
   outer loop
     vertex  6.000000e+03 -4.000000e+02  4.000000e+03
     vertex  6.090000e+03 -4.000000e+02  3.830000e+03
     vertex  6.090000e+03 -4.000000e+02  3.880000e+03
   endloop
 endfacet
 facet normal  0.000000e+00 -1.000000e+00 -0.000000e+00
   outer loop
     vertex  5.790000e+03 -4.000000e+02  4.210000e+03
     vertex  5.065000e+03 -4.000000e+02  4.057500e+03
     vertex  5.790000e+03 -4.000000e+02  4.090000e+03
   endloop
 endfacet
 facet normal  0.000000e+00 -1.000000e+00  0.000000e+00
   outer loop
     vertex  5.790000e+03 -4.000000e+02  4.210000e+03
     vertex  4.975000e+03 -4.000000e+02  4.057500e+03
     vertex  5.065000e+03 -4.000000e+02  4.057500e+03
   endloop
 endfacet
 facet normal -0.000000e+00 -1.000000e+00  0.000000e+00
   outer loop
     vertex  5.790000e+03 -4.000000e+02  4.210000e+03
     vertex  4.170000e+03 -4.000000e+02  4.210000e+03
     vertex  4.975000e+03 -4.000000e+02  4.057500e+03
   endloop
 endfacet
 facet normal -0.000000e+00 -1.000000e+00  0.000000e+00
   outer loop
     vertex  6.210000e+03 -4.000000e+02  3.830000e+03
     vertex  6.090000e+03 -4.000000e+02  3.830000e+03
     vertex  6.057500e+03 -4.000000e+02  3.025000e+03
   endloop
 endfacet
 facet normal  0.000000e+00 -1.000000e+00 -0.000000e+00
   outer loop
     vertex  6.210000e+03 -4.000000e+02  3.830000e+03
     vertex  6.057500e+03 -4.000000e+02  3.025000e+03
     vertex  6.210000e+03 -4.000000e+02  2.210000e+03
   endloop
 endfacet
 facet normal -0.000000e+00 -1.000000e+00  0.000000e+00
   outer loop
     vertex  6.050000e+03 -4.000000e+02  4.090000e+03
     vertex  5.840000e+03 -4.000000e+02  4.090000e+03
     vertex  6.000000e+03 -4.000000e+02  4.000000e+03
   endloop
 endfacet
 facet normal  0.000000e+00 -1.000000e+00  0.000000e+00
   outer loop
     vertex  6.100000e+03 -4.000000e+02  4.090000e+03
     vertex  6.000000e+03 -4.000000e+02  4.000000e+03
     vertex  6.090000e+03 -4.000000e+02  3.880000e+03
   endloop
 endfacet
 facet normal -0.000000e+00 -1.000000e+00  0.000000e+00
   outer loop
     vertex  6.100000e+03 -4.000000e+02  4.090000e+03
     vertex  6.050000e+03 -4.000000e+02  4.090000e+03
     vertex  6.000000e+03 -4.000000e+02  4.000000e+03
   endloop
 endfacet
 facet normal  0.000000e+00 -1.000000e+00 -0.000000e+00
   outer loop
     vertex  6.050000e+03 -4.000000e+02  4.210000e+03
     vertex  5.840000e+03 -4.000000e+02  4.090000e+03
     vertex  6.050000e+03 -4.000000e+02  4.090000e+03
   endloop
 endfacet
 facet normal -0.000000e+00 -1.000000e+00  0.000000e+00
   outer loop
     vertex  6.050000e+03 -4.000000e+02  4.210000e+03
     vertex  5.840000e+03 -4.000000e+02  4.210000e+03
     vertex  5.840000e+03 -4.000000e+02  4.090000e+03
   endloop
 endfacet
 facet normal -0.000000e+00 -1.000000e+00  0.000000e+00
   outer loop
     vertex  6.200000e+03 -4.000000e+02  4.090000e+03
     vertex  6.100000e+03 -4.000000e+02  4.090000e+03
     vertex  6.090000e+03 -4.000000e+02  3.880000e+03
   endloop
 endfacet
 facet normal  0.000000e+00 -1.000000e+00 -0.000000e+00
   outer loop
     vertex  6.200000e+03 -4.000000e+02  4.090000e+03
     vertex  6.090000e+03 -4.000000e+02  3.880000e+03
     vertex  6.210000e+03 -4.000000e+02  3.880000e+03
   endloop
 endfacet
 facet normal  0.000000e+00 -1.000000e+00  0.000000e+00
   outer loop
     vertex  6.100000e+03 -4.000000e+02  4.210000e+03
     vertex  6.100000e+03 -4.000000e+02  4.090000e+03
     vertex  6.200000e+03 -4.000000e+02  4.090000e+03
   endloop
 endfacet
 facet normal -0.000000e+00 -1.000000e+00  0.000000e+00
   outer loop
     vertex  6.250000e+03 -4.000000e+02  4.090000e+03
     vertex  6.200000e+03 -4.000000e+02  4.090000e+03
     vertex  6.210000e+03 -4.000000e+02  3.880000e+03
   endloop
 endfacet
 facet normal  0.000000e+00 -1.000000e+00  0.000000e+00
   outer loop
     vertex  6.250000e+03 -4.000000e+02  4.090000e+03
     vertex  6.210000e+03 -4.000000e+02  3.880000e+03
     vertex  6.210000e+03 -4.000000e+02  3.830000e+03
   endloop
 endfacet
 facet normal -0.000000e+00 -1.000000e+00 -0.000000e+00
   outer loop
     vertex  6.200000e+03 -4.000000e+02  4.210000e+03
     vertex  6.100000e+03 -4.000000e+02  4.210000e+03
     vertex  6.200000e+03 -4.000000e+02  4.090000e+03
   endloop
 endfacet
 facet normal  0.000000e+00 -1.000000e+00  0.000000e+00
   outer loop
     vertex  6.300000e+03 -4.000000e+02  4.300000e+03
     vertex  6.250000e+03 -4.000000e+02  4.090000e+03
     vertex  6.210000e+03 -4.000000e+02  3.830000e+03
   endloop
 endfacet
 facet normal  0.000000e+00 -1.000000e+00  0.000000e+00
   outer loop
     vertex  6.300000e+03 -4.000000e+02  4.300000e+03
     vertex  4.170000e+03 -4.000000e+02  4.210000e+03
     vertex  5.790000e+03 -4.000000e+02  4.210000e+03
   endloop
 endfacet
 facet normal  0.000000e+00 -1.000000e+00  0.000000e+00
   outer loop
     vertex  6.300000e+03 -4.000000e+02  4.300000e+03
     vertex  5.840000e+03 -4.000000e+02  4.210000e+03
     vertex  6.050000e+03 -4.000000e+02  4.210000e+03
   endloop
 endfacet
 facet normal  0.000000e+00 -1.000000e+00  0.000000e+00
   outer loop
     vertex  6.300000e+03 -4.000000e+02  4.300000e+03
     vertex  6.210000e+03 -4.000000e+02  3.830000e+03
     vertex  6.210000e+03 -4.000000e+02  2.210000e+03
   endloop
 endfacet
 facet normal  0.000000e+00 -1.000000e+00  0.000000e+00
   outer loop
     vertex  6.300000e+03 -4.000000e+02  4.300000e+03
     vertex  6.100000e+03 -4.000000e+02  4.210000e+03
     vertex  6.200000e+03 -4.000000e+02  4.210000e+03
   endloop
 endfacet
 facet normal  0.000000e+00 -1.000000e+00  0.000000e+00
   outer loop
     vertex  6.300000e+03 -4.000000e+02  4.300000e+03
     vertex  6.250000e+03 -4.000000e+02  4.210000e+03
     vertex  6.250000e+03 -4.000000e+02  4.090000e+03
   endloop
 endfacet
 facet normal  0.000000e+00 -1.000000e+00  0.000000e+00
   outer loop
     vertex  6.300000e+03 -4.000000e+02  4.300000e+03
     vertex  6.200000e+03 -4.000000e+02  4.210000e+03
     vertex  6.250000e+03 -4.000000e+02  4.210000e+03
   endloop
 endfacet
 facet normal  0.000000e+00 -1.000000e+00  0.000000e+00
   outer loop
     vertex  6.300000e+03 -4.000000e+02  4.300000e+03
     vertex  6.050000e+03 -4.000000e+02  4.210000e+03
     vertex  6.100000e+03 -4.000000e+02  4.210000e+03
   endloop
 endfacet
 facet normal  0.000000e+00 -1.000000e+00  0.000000e+00
   outer loop
     vertex  6.300000e+03 -4.000000e+02  4.300000e+03
     vertex  5.790000e+03 -4.000000e+02  4.210000e+03
     vertex  5.840000e+03 -4.000000e+02  4.210000e+03
   endloop
 endfacet
 facet normal  0.000000e+00 -1.000000e+00  0.000000e+00
   outer loop
     vertex -6.300000e+03 -4.000000e+02  4.300000e+03
     vertex  4.170000e+03 -4.000000e+02  4.210000e+03
     vertex  6.300000e+03 -4.000000e+02  4.300000e+03
   endloop
 endfacet
 facet normal  0.000000e+00 -1.000000e+00  0.000000e+00
   outer loop
     vertex -6.300000e+03 -4.000000e+02  4.300000e+03
     vertex  4.120000e+03 -4.000000e+02  4.210000e+03
     vertex  4.170000e+03 -4.000000e+02  4.210000e+03
   endloop
 endfacet
 facet normal  0.000000e+00 -1.000000e+00  0.000000e+00
   outer loop
     vertex -6.300000e+03 -4.000000e+02  4.300000e+03
     vertex  3.840000e+03 -4.000000e+02  4.210000e+03
     vertex  4.120000e+03 -4.000000e+02  4.210000e+03
   endloop
 endfacet
 facet normal  0.000000e+00 -1.000000e+00  0.000000e+00
   outer loop
     vertex -6.300000e+03 -4.000000e+02  4.300000e+03
     vertex  3.790000e+03 -4.000000e+02  4.210000e+03
     vertex  3.840000e+03 -4.000000e+02  4.210000e+03
   endloop
 endfacet
 facet normal  0.000000e+00 -1.000000e+00  0.000000e+00
   outer loop
     vertex -6.300000e+03 -4.000000e+02  4.300000e+03
     vertex  2.170000e+03 -4.000000e+02  4.210000e+03
     vertex  3.790000e+03 -4.000000e+02  4.210000e+03
   endloop
 endfacet
 facet normal  0.000000e+00 -1.000000e+00  0.000000e+00
   outer loop
     vertex -6.300000e+03 -4.000000e+02  4.300000e+03
     vertex  2.120000e+03 -4.000000e+02  4.210000e+03
     vertex  2.170000e+03 -4.000000e+02  4.210000e+03
   endloop
 endfacet
 facet normal  0.000000e+00 -1.000000e+00  0.000000e+00
   outer loop
     vertex -6.300000e+03 -4.000000e+02  4.300000e+03
     vertex  1.840000e+03 -4.000000e+02  4.210000e+03
     vertex  2.120000e+03 -4.000000e+02  4.210000e+03
   endloop
 endfacet
 facet normal  0.000000e+00 -1.000000e+00  0.000000e+00
   outer loop
     vertex -6.300000e+03 -4.000000e+02  4.300000e+03
     vertex  1.790000e+03 -4.000000e+02  4.210000e+03
     vertex  1.840000e+03 -4.000000e+02  4.210000e+03
   endloop
 endfacet
 facet normal  0.000000e+00 -1.000000e+00  0.000000e+00
   outer loop
     vertex -6.300000e+03 -4.000000e+02  4.300000e+03
     vertex  1.700000e+02 -4.000000e+02  4.210000e+03
     vertex  1.790000e+03 -4.000000e+02  4.210000e+03
   endloop
 endfacet
 facet normal  0.000000e+00 -1.000000e+00  0.000000e+00
   outer loop
     vertex -6.300000e+03 -4.000000e+02  4.300000e+03
     vertex  1.200000e+02 -4.000000e+02  4.210000e+03
     vertex  1.700000e+02 -4.000000e+02  4.210000e+03
   endloop
 endfacet
 facet normal  0.000000e+00 -1.000000e+00  0.000000e+00
   outer loop
     vertex -6.300000e+03 -4.000000e+02  4.300000e+03
     vertex -1.600000e+02 -4.000000e+02  4.210000e+03
     vertex  1.200000e+02 -4.000000e+02  4.210000e+03
   endloop
 endfacet
 facet normal  0.000000e+00 -1.000000e+00  0.000000e+00
   outer loop
     vertex -6.300000e+03 -4.000000e+02  4.300000e+03
     vertex -2.100000e+02 -4.000000e+02  4.210000e+03
     vertex -1.600000e+02 -4.000000e+02  4.210000e+03
   endloop
 endfacet
 facet normal  0.000000e+00 -1.000000e+00  0.000000e+00
   outer loop
     vertex -6.300000e+03 -4.000000e+02  4.300000e+03
     vertex -1.830000e+03 -4.000000e+02  4.210000e+03
     vertex -2.100000e+02 -4.000000e+02  4.210000e+03
   endloop
 endfacet
 facet normal  0.000000e+00 -1.000000e+00  0.000000e+00
   outer loop
     vertex -6.300000e+03 -4.000000e+02  4.300000e+03
     vertex -1.880000e+03 -4.000000e+02  4.210000e+03
     vertex -1.830000e+03 -4.000000e+02  4.210000e+03
   endloop
 endfacet
 facet normal  0.000000e+00 -1.000000e+00  0.000000e+00
   outer loop
     vertex -6.300000e+03 -4.000000e+02  4.300000e+03
     vertex -2.160000e+03 -4.000000e+02  4.210000e+03
     vertex -1.880000e+03 -4.000000e+02  4.210000e+03
   endloop
 endfacet
 facet normal  0.000000e+00 -1.000000e+00  0.000000e+00
   outer loop
     vertex -6.300000e+03 -4.000000e+02  4.300000e+03
     vertex -2.210000e+03 -4.000000e+02  4.210000e+03
     vertex -2.160000e+03 -4.000000e+02  4.210000e+03
   endloop
 endfacet
 facet normal  0.000000e+00 -1.000000e+00  0.000000e+00
   outer loop
     vertex -6.300000e+03 -4.000000e+02  4.300000e+03
     vertex -3.830000e+03 -4.000000e+02  4.210000e+03
     vertex -2.210000e+03 -4.000000e+02  4.210000e+03
   endloop
 endfacet
 facet normal  0.000000e+00 -1.000000e+00  0.000000e+00
   outer loop
     vertex -6.300000e+03 -4.000000e+02  4.300000e+03
     vertex -3.880000e+03 -4.000000e+02  4.210000e+03
     vertex -3.830000e+03 -4.000000e+02  4.210000e+03
   endloop
 endfacet
 facet normal  0.000000e+00 -1.000000e+00  0.000000e+00
   outer loop
     vertex -6.300000e+03 -4.000000e+02  4.300000e+03
     vertex -4.160000e+03 -4.000000e+02  4.210000e+03
     vertex -3.880000e+03 -4.000000e+02  4.210000e+03
   endloop
 endfacet
 facet normal  0.000000e+00 -1.000000e+00  0.000000e+00
   outer loop
     vertex -6.300000e+03 -4.000000e+02  4.300000e+03
     vertex -4.210000e+03 -4.000000e+02  4.210000e+03
     vertex -4.160000e+03 -4.000000e+02  4.210000e+03
   endloop
 endfacet
 facet normal  0.000000e+00 -1.000000e+00 -0.000000e+00
   outer loop
     vertex  6.300000e+03 -4.000000e+02  4.300000e+03
     vertex  6.210000e+03 -4.000000e+02 -2.170000e+03
     vertex  6.300000e+03 -4.000000e+02 -4.300000e+03
   endloop
 endfacet
 facet normal  0.000000e+00 -1.000000e+00  0.000000e+00
   outer loop
     vertex  6.300000e+03 -4.000000e+02  4.300000e+03
     vertex  6.210000e+03 -4.000000e+02 -2.120000e+03
     vertex  6.210000e+03 -4.000000e+02 -2.170000e+03
   endloop
 endfacet
 facet normal  0.000000e+00 -1.000000e+00  0.000000e+00
   outer loop
     vertex  6.300000e+03 -4.000000e+02  4.300000e+03
     vertex  6.210000e+03 -4.000000e+02 -1.840000e+03
     vertex  6.210000e+03 -4.000000e+02 -2.120000e+03
   endloop
 endfacet
 facet normal  0.000000e+00 -1.000000e+00  0.000000e+00
   outer loop
     vertex  6.300000e+03 -4.000000e+02  4.300000e+03
     vertex  6.210000e+03 -4.000000e+02 -1.790000e+03
     vertex  6.210000e+03 -4.000000e+02 -1.840000e+03
   endloop
 endfacet
 facet normal  0.000000e+00 -1.000000e+00  0.000000e+00
   outer loop
     vertex  6.300000e+03 -4.000000e+02  4.300000e+03
     vertex  6.210000e+03 -4.000000e+02 -1.700000e+02
     vertex  6.210000e+03 -4.000000e+02 -1.790000e+03
   endloop
 endfacet
 facet normal  0.000000e+00 -1.000000e+00  0.000000e+00
   outer loop
     vertex  6.300000e+03 -4.000000e+02  4.300000e+03
     vertex  6.210000e+03 -4.000000e+02 -1.200000e+02
     vertex  6.210000e+03 -4.000000e+02 -1.700000e+02
   endloop
 endfacet
 facet normal  0.000000e+00 -1.000000e+00  0.000000e+00
   outer loop
     vertex  6.300000e+03 -4.000000e+02  4.300000e+03
     vertex  6.210000e+03 -4.000000e+02  1.600000e+02
     vertex  6.210000e+03 -4.000000e+02 -1.200000e+02
   endloop
 endfacet
 facet normal  0.000000e+00 -1.000000e+00  0.000000e+00
   outer loop
     vertex  6.300000e+03 -4.000000e+02  4.300000e+03
     vertex  6.210000e+03 -4.000000e+02  2.100000e+02
     vertex  6.210000e+03 -4.000000e+02  1.600000e+02
   endloop
 endfacet
 facet normal  0.000000e+00 -1.000000e+00  0.000000e+00
   outer loop
     vertex  6.300000e+03 -4.000000e+02  4.300000e+03
     vertex  6.210000e+03 -4.000000e+02  1.830000e+03
     vertex  6.210000e+03 -4.000000e+02  2.100000e+02
   endloop
 endfacet
 facet normal  0.000000e+00 -1.000000e+00  0.000000e+00
   outer loop
     vertex  6.300000e+03 -4.000000e+02  4.300000e+03
     vertex  6.210000e+03 -4.000000e+02  1.880000e+03
     vertex  6.210000e+03 -4.000000e+02  1.830000e+03
   endloop
 endfacet
 facet normal  0.000000e+00 -1.000000e+00  0.000000e+00
   outer loop
     vertex  6.300000e+03 -4.000000e+02  4.300000e+03
     vertex  6.210000e+03 -4.000000e+02  2.160000e+03
     vertex  6.210000e+03 -4.000000e+02  1.880000e+03
   endloop
 endfacet
 facet normal  0.000000e+00 -1.000000e+00  0.000000e+00
   outer loop
     vertex  6.300000e+03 -4.000000e+02  4.300000e+03
     vertex  6.210000e+03 -4.000000e+02  2.210000e+03
     vertex  6.210000e+03 -4.000000e+02  2.160000e+03
   endloop
 endfacet
 facet normal  0.000000e+00 -1.000000e+00  0.000000e+00
   outer loop
     vertex  6.300000e+03 -4.000000e+02 -4.300000e+03
     vertex -4.170000e+03 -4.000000e+02 -4.210000e+03
     vertex -6.300000e+03 -4.000000e+02 -4.300000e+03
   endloop
 endfacet
 facet normal  0.000000e+00 -1.000000e+00  0.000000e+00
   outer loop
     vertex  6.300000e+03 -4.000000e+02 -4.300000e+03
     vertex -4.120000e+03 -4.000000e+02 -4.210000e+03
     vertex -4.170000e+03 -4.000000e+02 -4.210000e+03
   endloop
 endfacet
 facet normal  0.000000e+00 -1.000000e+00  0.000000e+00
   outer loop
     vertex  6.300000e+03 -4.000000e+02 -4.300000e+03
     vertex -3.840000e+03 -4.000000e+02 -4.210000e+03
     vertex -4.120000e+03 -4.000000e+02 -4.210000e+03
   endloop
 endfacet
 facet normal  0.000000e+00 -1.000000e+00  0.000000e+00
   outer loop
     vertex  6.300000e+03 -4.000000e+02 -4.300000e+03
     vertex -3.790000e+03 -4.000000e+02 -4.210000e+03
     vertex -3.840000e+03 -4.000000e+02 -4.210000e+03
   endloop
 endfacet
 facet normal  0.000000e+00 -1.000000e+00  0.000000e+00
   outer loop
     vertex  6.300000e+03 -4.000000e+02 -4.300000e+03
     vertex -2.170000e+03 -4.000000e+02 -4.210000e+03
     vertex -3.790000e+03 -4.000000e+02 -4.210000e+03
   endloop
 endfacet
 facet normal  0.000000e+00 -1.000000e+00  0.000000e+00
   outer loop
     vertex  6.300000e+03 -4.000000e+02 -4.300000e+03
     vertex -2.120000e+03 -4.000000e+02 -4.210000e+03
     vertex -2.170000e+03 -4.000000e+02 -4.210000e+03
   endloop
 endfacet
 facet normal  0.000000e+00 -1.000000e+00  0.000000e+00
   outer loop
     vertex  6.300000e+03 -4.000000e+02 -4.300000e+03
     vertex -1.840000e+03 -4.000000e+02 -4.210000e+03
     vertex -2.120000e+03 -4.000000e+02 -4.210000e+03
   endloop
 endfacet
 facet normal  0.000000e+00 -1.000000e+00  0.000000e+00
   outer loop
     vertex  6.300000e+03 -4.000000e+02 -4.300000e+03
     vertex -1.790000e+03 -4.000000e+02 -4.210000e+03
     vertex -1.840000e+03 -4.000000e+02 -4.210000e+03
   endloop
 endfacet
 facet normal  0.000000e+00 -1.000000e+00  0.000000e+00
   outer loop
     vertex  6.300000e+03 -4.000000e+02 -4.300000e+03
     vertex -1.700000e+02 -4.000000e+02 -4.210000e+03
     vertex -1.790000e+03 -4.000000e+02 -4.210000e+03
   endloop
 endfacet
 facet normal  0.000000e+00 -1.000000e+00  0.000000e+00
   outer loop
     vertex  6.300000e+03 -4.000000e+02 -4.300000e+03
     vertex -1.200000e+02 -4.000000e+02 -4.210000e+03
     vertex -1.700000e+02 -4.000000e+02 -4.210000e+03
   endloop
 endfacet
 facet normal  0.000000e+00 -1.000000e+00  0.000000e+00
   outer loop
     vertex  6.300000e+03 -4.000000e+02 -4.300000e+03
     vertex  1.600000e+02 -4.000000e+02 -4.210000e+03
     vertex -1.200000e+02 -4.000000e+02 -4.210000e+03
   endloop
 endfacet
 facet normal  0.000000e+00 -1.000000e+00  0.000000e+00
   outer loop
     vertex  6.300000e+03 -4.000000e+02 -4.300000e+03
     vertex  2.100000e+02 -4.000000e+02 -4.210000e+03
     vertex  1.600000e+02 -4.000000e+02 -4.210000e+03
   endloop
 endfacet
 facet normal  0.000000e+00 -1.000000e+00  0.000000e+00
   outer loop
     vertex  6.300000e+03 -4.000000e+02 -4.300000e+03
     vertex  1.830000e+03 -4.000000e+02 -4.210000e+03
     vertex  2.100000e+02 -4.000000e+02 -4.210000e+03
   endloop
 endfacet
 facet normal  0.000000e+00 -1.000000e+00  0.000000e+00
   outer loop
     vertex  6.300000e+03 -4.000000e+02 -4.300000e+03
     vertex  1.880000e+03 -4.000000e+02 -4.210000e+03
     vertex  1.830000e+03 -4.000000e+02 -4.210000e+03
   endloop
 endfacet
 facet normal  0.000000e+00 -1.000000e+00  0.000000e+00
   outer loop
     vertex  6.300000e+03 -4.000000e+02 -4.300000e+03
     vertex  2.160000e+03 -4.000000e+02 -4.210000e+03
     vertex  1.880000e+03 -4.000000e+02 -4.210000e+03
   endloop
 endfacet
 facet normal  0.000000e+00 -1.000000e+00  0.000000e+00
   outer loop
     vertex  6.300000e+03 -4.000000e+02 -4.300000e+03
     vertex  2.210000e+03 -4.000000e+02 -4.210000e+03
     vertex  2.160000e+03 -4.000000e+02 -4.210000e+03
   endloop
 endfacet
 facet normal  0.000000e+00 -1.000000e+00  0.000000e+00
   outer loop
     vertex  6.300000e+03 -4.000000e+02 -4.300000e+03
     vertex  3.830000e+03 -4.000000e+02 -4.210000e+03
     vertex  2.210000e+03 -4.000000e+02 -4.210000e+03
   endloop
 endfacet
 facet normal  0.000000e+00 -1.000000e+00  0.000000e+00
   outer loop
     vertex  6.300000e+03 -4.000000e+02 -4.300000e+03
     vertex  3.880000e+03 -4.000000e+02 -4.210000e+03
     vertex  3.830000e+03 -4.000000e+02 -4.210000e+03
   endloop
 endfacet
 facet normal  0.000000e+00 -1.000000e+00  0.000000e+00
   outer loop
     vertex  6.300000e+03 -4.000000e+02 -4.300000e+03
     vertex  4.160000e+03 -4.000000e+02 -4.210000e+03
     vertex  3.880000e+03 -4.000000e+02 -4.210000e+03
   endloop
 endfacet
 facet normal  0.000000e+00 -1.000000e+00  0.000000e+00
   outer loop
     vertex  6.300000e+03 -4.000000e+02 -4.300000e+03
     vertex  4.210000e+03 -4.000000e+02 -4.210000e+03
     vertex  4.160000e+03 -4.000000e+02 -4.210000e+03
   endloop
 endfacet
 facet normal  0.000000e+00 -1.000000e+00  0.000000e+00
   outer loop
     vertex -6.300000e+03 -4.000000e+02 -4.300000e+03
     vertex -6.210000e+03 -4.000000e+02  1.790000e+03
     vertex -6.300000e+03 -4.000000e+02  4.300000e+03
   endloop
 endfacet
 facet normal  0.000000e+00 -1.000000e+00  0.000000e+00
   outer loop
     vertex -6.300000e+03 -4.000000e+02 -4.300000e+03
     vertex -6.210000e+03 -4.000000e+02  1.700000e+02
     vertex -6.210000e+03 -4.000000e+02  1.790000e+03
   endloop
 endfacet
 facet normal  0.000000e+00 -1.000000e+00  0.000000e+00
   outer loop
     vertex -6.300000e+03 -4.000000e+02 -4.300000e+03
     vertex -6.210000e+03 -4.000000e+02  1.200000e+02
     vertex -6.210000e+03 -4.000000e+02  1.700000e+02
   endloop
 endfacet
 facet normal  0.000000e+00 -1.000000e+00  0.000000e+00
   outer loop
     vertex -6.300000e+03 -4.000000e+02 -4.300000e+03
     vertex -6.210000e+03 -4.000000e+02 -1.600000e+02
     vertex -6.210000e+03 -4.000000e+02  1.200000e+02
   endloop
 endfacet
 facet normal  0.000000e+00 -1.000000e+00  0.000000e+00
   outer loop
     vertex -6.300000e+03 -4.000000e+02 -4.300000e+03
     vertex -6.210000e+03 -4.000000e+02 -2.100000e+02
     vertex -6.210000e+03 -4.000000e+02 -1.600000e+02
   endloop
 endfacet
 facet normal  0.000000e+00 -1.000000e+00  0.000000e+00
   outer loop
     vertex -6.300000e+03 -4.000000e+02 -4.300000e+03
     vertex -6.210000e+03 -4.000000e+02 -1.830000e+03
     vertex -6.210000e+03 -4.000000e+02 -2.100000e+02
   endloop
 endfacet
 facet normal  0.000000e+00 -1.000000e+00  0.000000e+00
   outer loop
     vertex  6.000000e+03 -4.000000e+02  4.000000e+03
     vertex -5.025000e+03 -4.000000e+02  4.022500e+03
     vertex -6.000000e+03 -4.000000e+02  4.000000e+03
   endloop
 endfacet
 facet normal -0.000000e+00 -1.000000e+00  0.000000e+00
   outer loop
     vertex -5.025000e+03 -4.000000e+02  4.022500e+03
     vertex -5.830000e+03 -4.000000e+02  4.090000e+03
     vertex -6.000000e+03 -4.000000e+02  4.000000e+03
   endloop
 endfacet
 facet normal  0.000000e+00 -1.000000e+00  0.000000e+00
   outer loop
     vertex  6.000000e+03 -4.000000e+02  4.000000e+03
     vertex -4.935000e+03 -4.000000e+02  4.022500e+03
     vertex -5.025000e+03 -4.000000e+02  4.022500e+03
   endloop
 endfacet
 facet normal  0.000000e+00 -1.000000e+00  0.000000e+00
   outer loop
     vertex  6.000000e+03 -4.000000e+02  4.000000e+03
     vertex -3.025000e+03 -4.000000e+02  4.022500e+03
     vertex -4.935000e+03 -4.000000e+02  4.022500e+03
   endloop
 endfacet
 facet normal  0.000000e+00 -1.000000e+00  0.000000e+00
   outer loop
     vertex -3.025000e+03 -4.000000e+02  4.022500e+03
     vertex -4.210000e+03 -4.000000e+02  4.090000e+03
     vertex -4.935000e+03 -4.000000e+02  4.022500e+03
   endloop
 endfacet
 facet normal  0.000000e+00 -1.000000e+00  0.000000e+00
   outer loop
     vertex -3.025000e+03 -4.000000e+02  4.022500e+03
     vertex -4.160000e+03 -4.000000e+02  4.090000e+03
     vertex -4.210000e+03 -4.000000e+02  4.090000e+03
   endloop
 endfacet
 facet normal  0.000000e+00 -1.000000e+00  0.000000e+00
   outer loop
     vertex -3.025000e+03 -4.000000e+02  4.022500e+03
     vertex -3.880000e+03 -4.000000e+02  4.090000e+03
     vertex -4.160000e+03 -4.000000e+02  4.090000e+03
   endloop
 endfacet
 facet normal  0.000000e+00 -1.000000e+00  0.000000e+00
   outer loop
     vertex -3.025000e+03 -4.000000e+02  4.022500e+03
     vertex -3.830000e+03 -4.000000e+02  4.090000e+03
     vertex -3.880000e+03 -4.000000e+02  4.090000e+03
   endloop
 endfacet
 facet normal  0.000000e+00 -1.000000e+00  0.000000e+00
   outer loop
     vertex  6.000000e+03 -4.000000e+02  4.000000e+03
     vertex -2.935000e+03 -4.000000e+02  4.022500e+03
     vertex -3.025000e+03 -4.000000e+02  4.022500e+03
   endloop
 endfacet
 facet normal  0.000000e+00 -1.000000e+00  0.000000e+00
   outer loop
     vertex  6.000000e+03 -4.000000e+02  4.000000e+03
     vertex -1.025000e+03 -4.000000e+02  4.022500e+03
     vertex -2.935000e+03 -4.000000e+02  4.022500e+03
   endloop
 endfacet
 facet normal  0.000000e+00 -1.000000e+00  0.000000e+00
   outer loop
     vertex -1.025000e+03 -4.000000e+02  4.022500e+03
     vertex -2.210000e+03 -4.000000e+02  4.090000e+03
     vertex -2.935000e+03 -4.000000e+02  4.022500e+03
   endloop
 endfacet
 facet normal  0.000000e+00 -1.000000e+00  0.000000e+00
   outer loop
     vertex -1.025000e+03 -4.000000e+02  4.022500e+03
     vertex -2.160000e+03 -4.000000e+02  4.090000e+03
     vertex -2.210000e+03 -4.000000e+02  4.090000e+03
   endloop
 endfacet
 facet normal  0.000000e+00 -1.000000e+00  0.000000e+00
   outer loop
     vertex -1.025000e+03 -4.000000e+02  4.022500e+03
     vertex -1.880000e+03 -4.000000e+02  4.090000e+03
     vertex -2.160000e+03 -4.000000e+02  4.090000e+03
   endloop
 endfacet
 facet normal  0.000000e+00 -1.000000e+00  0.000000e+00
   outer loop
     vertex -1.025000e+03 -4.000000e+02  4.022500e+03
     vertex -1.830000e+03 -4.000000e+02  4.090000e+03
     vertex -1.880000e+03 -4.000000e+02  4.090000e+03
   endloop
 endfacet
 facet normal  0.000000e+00 -1.000000e+00  0.000000e+00
   outer loop
     vertex  6.000000e+03 -4.000000e+02  4.000000e+03
     vertex -9.350000e+02 -4.000000e+02  4.022500e+03
     vertex -1.025000e+03 -4.000000e+02  4.022500e+03
   endloop
 endfacet
 facet normal  0.000000e+00 -1.000000e+00  0.000000e+00
   outer loop
     vertex  6.000000e+03 -4.000000e+02  4.000000e+03
     vertex  9.750000e+02 -4.000000e+02  4.022500e+03
     vertex -9.350000e+02 -4.000000e+02  4.022500e+03
   endloop
 endfacet
 facet normal  0.000000e+00 -1.000000e+00  0.000000e+00
   outer loop
     vertex  9.750000e+02 -4.000000e+02  4.022500e+03
     vertex -2.100000e+02 -4.000000e+02  4.090000e+03
     vertex -9.350000e+02 -4.000000e+02  4.022500e+03
   endloop
 endfacet
 facet normal  0.000000e+00 -1.000000e+00  0.000000e+00
   outer loop
     vertex  9.750000e+02 -4.000000e+02  4.022500e+03
     vertex -1.600000e+02 -4.000000e+02  4.090000e+03
     vertex -2.100000e+02 -4.000000e+02  4.090000e+03
   endloop
 endfacet
 facet normal  0.000000e+00 -1.000000e+00  0.000000e+00
   outer loop
     vertex  9.750000e+02 -4.000000e+02  4.022500e+03
     vertex  1.200000e+02 -4.000000e+02  4.090000e+03
     vertex -1.600000e+02 -4.000000e+02  4.090000e+03
   endloop
 endfacet
 facet normal  0.000000e+00 -1.000000e+00  0.000000e+00
   outer loop
     vertex  9.750000e+02 -4.000000e+02  4.022500e+03
     vertex  1.700000e+02 -4.000000e+02  4.090000e+03
     vertex  1.200000e+02 -4.000000e+02  4.090000e+03
   endloop
 endfacet
 facet normal  0.000000e+00 -1.000000e+00  0.000000e+00
   outer loop
     vertex  6.000000e+03 -4.000000e+02  4.000000e+03
     vertex  1.065000e+03 -4.000000e+02  4.022500e+03
     vertex  9.750000e+02 -4.000000e+02  4.022500e+03
   endloop
 endfacet
 facet normal  0.000000e+00 -1.000000e+00  0.000000e+00
   outer loop
     vertex  6.000000e+03 -4.000000e+02  4.000000e+03
     vertex  2.975000e+03 -4.000000e+02  4.022500e+03
     vertex  1.065000e+03 -4.000000e+02  4.022500e+03
   endloop
 endfacet
 facet normal  0.000000e+00 -1.000000e+00  0.000000e+00
   outer loop
     vertex  2.975000e+03 -4.000000e+02  4.022500e+03
     vertex  1.790000e+03 -4.000000e+02  4.090000e+03
     vertex  1.065000e+03 -4.000000e+02  4.022500e+03
   endloop
 endfacet
 facet normal  0.000000e+00 -1.000000e+00  0.000000e+00
   outer loop
     vertex  2.975000e+03 -4.000000e+02  4.022500e+03
     vertex  1.840000e+03 -4.000000e+02  4.090000e+03
     vertex  1.790000e+03 -4.000000e+02  4.090000e+03
   endloop
 endfacet
 facet normal  0.000000e+00 -1.000000e+00  0.000000e+00
   outer loop
     vertex  2.975000e+03 -4.000000e+02  4.022500e+03
     vertex  2.120000e+03 -4.000000e+02  4.090000e+03
     vertex  1.840000e+03 -4.000000e+02  4.090000e+03
   endloop
 endfacet
 facet normal  0.000000e+00 -1.000000e+00  0.000000e+00
   outer loop
     vertex  2.975000e+03 -4.000000e+02  4.022500e+03
     vertex  2.170000e+03 -4.000000e+02  4.090000e+03
     vertex  2.120000e+03 -4.000000e+02  4.090000e+03
   endloop
 endfacet
 facet normal  0.000000e+00 -1.000000e+00  0.000000e+00
   outer loop
     vertex  6.000000e+03 -4.000000e+02  4.000000e+03
     vertex  3.065000e+03 -4.000000e+02  4.022500e+03
     vertex  2.975000e+03 -4.000000e+02  4.022500e+03
   endloop
 endfacet
 facet normal  0.000000e+00 -1.000000e+00  0.000000e+00
   outer loop
     vertex  6.000000e+03 -4.000000e+02  4.000000e+03
     vertex  4.975000e+03 -4.000000e+02  4.022500e+03
     vertex  3.065000e+03 -4.000000e+02  4.022500e+03
   endloop
 endfacet
 facet normal  0.000000e+00 -1.000000e+00  0.000000e+00
   outer loop
     vertex  4.975000e+03 -4.000000e+02  4.022500e+03
     vertex  3.790000e+03 -4.000000e+02  4.090000e+03
     vertex  3.065000e+03 -4.000000e+02  4.022500e+03
   endloop
 endfacet
 facet normal  0.000000e+00 -1.000000e+00  0.000000e+00
   outer loop
     vertex  4.975000e+03 -4.000000e+02  4.022500e+03
     vertex  3.840000e+03 -4.000000e+02  4.090000e+03
     vertex  3.790000e+03 -4.000000e+02  4.090000e+03
   endloop
 endfacet
 facet normal  0.000000e+00 -1.000000e+00  0.000000e+00
   outer loop
     vertex  4.975000e+03 -4.000000e+02  4.022500e+03
     vertex  4.120000e+03 -4.000000e+02  4.090000e+03
     vertex  3.840000e+03 -4.000000e+02  4.090000e+03
   endloop
 endfacet
 facet normal  0.000000e+00 -1.000000e+00  0.000000e+00
   outer loop
     vertex  4.975000e+03 -4.000000e+02  4.022500e+03
     vertex  4.170000e+03 -4.000000e+02  4.090000e+03
     vertex  4.120000e+03 -4.000000e+02  4.090000e+03
   endloop
 endfacet
 facet normal  0.000000e+00 -1.000000e+00  0.000000e+00
   outer loop
     vertex  6.000000e+03 -4.000000e+02  4.000000e+03
     vertex  5.065000e+03 -4.000000e+02  4.022500e+03
     vertex  4.975000e+03 -4.000000e+02  4.022500e+03
   endloop
 endfacet
 facet normal  0.000000e+00 -1.000000e+00  0.000000e+00
   outer loop
     vertex  6.000000e+03 -4.000000e+02  4.000000e+03
     vertex  5.790000e+03 -4.000000e+02  4.090000e+03
     vertex  5.065000e+03 -4.000000e+02  4.022500e+03
   endloop
 endfacet
 facet normal  0.000000e+00 -1.000000e+00 -0.000000e+00
   outer loop
     vertex -6.000000e+03 -4.000000e+02  4.000000e+03
     vertex -6.022500e+03 -4.000000e+02 -3.025000e+03
     vertex -6.000000e+03 -4.000000e+02 -4.000000e+03
   endloop
 endfacet
 facet normal  0.000000e+00 -1.000000e+00 -0.000000e+00
   outer loop
     vertex -6.022500e+03 -4.000000e+02 -3.025000e+03
     vertex -6.090000e+03 -4.000000e+02 -3.830000e+03
     vertex -6.000000e+03 -4.000000e+02 -4.000000e+03
   endloop
 endfacet
 facet normal  0.000000e+00 -1.000000e+00  0.000000e+00
   outer loop
     vertex -6.000000e+03 -4.000000e+02  4.000000e+03
     vertex -6.022500e+03 -4.000000e+02 -2.935000e+03
     vertex -6.022500e+03 -4.000000e+02 -3.025000e+03
   endloop
 endfacet
 facet normal  0.000000e+00 -1.000000e+00  0.000000e+00
   outer loop
     vertex -6.000000e+03 -4.000000e+02  4.000000e+03
     vertex -6.022500e+03 -4.000000e+02 -1.025000e+03
     vertex -6.022500e+03 -4.000000e+02 -2.935000e+03
   endloop
 endfacet
 facet normal  0.000000e+00 -1.000000e+00 -0.000000e+00
   outer loop
     vertex -6.022500e+03 -4.000000e+02 -1.025000e+03
     vertex -6.090000e+03 -4.000000e+02 -2.210000e+03
     vertex -6.022500e+03 -4.000000e+02 -2.935000e+03
   endloop
 endfacet
 facet normal  0.000000e+00 -1.000000e+00  0.000000e+00
   outer loop
     vertex -6.022500e+03 -4.000000e+02 -1.025000e+03
     vertex -6.090000e+03 -4.000000e+02 -2.160000e+03
     vertex -6.090000e+03 -4.000000e+02 -2.210000e+03
   endloop
 endfacet
 facet normal  0.000000e+00 -1.000000e+00  0.000000e+00
   outer loop
     vertex -6.022500e+03 -4.000000e+02 -1.025000e+03
     vertex -6.090000e+03 -4.000000e+02 -1.880000e+03
     vertex -6.090000e+03 -4.000000e+02 -2.160000e+03
   endloop
 endfacet
 facet normal  0.000000e+00 -1.000000e+00  0.000000e+00
   outer loop
     vertex -6.022500e+03 -4.000000e+02 -1.025000e+03
     vertex -6.090000e+03 -4.000000e+02 -1.830000e+03
     vertex -6.090000e+03 -4.000000e+02 -1.880000e+03
   endloop
 endfacet
 facet normal  0.000000e+00 -1.000000e+00  0.000000e+00
   outer loop
     vertex -6.000000e+03 -4.000000e+02  4.000000e+03
     vertex -6.022500e+03 -4.000000e+02 -9.350000e+02
     vertex -6.022500e+03 -4.000000e+02 -1.025000e+03
   endloop
 endfacet
 facet normal  0.000000e+00 -1.000000e+00  0.000000e+00
   outer loop
     vertex -6.000000e+03 -4.000000e+02  4.000000e+03
     vertex -6.022500e+03 -4.000000e+02  9.750000e+02
     vertex -6.022500e+03 -4.000000e+02 -9.350000e+02
   endloop
 endfacet
 facet normal  0.000000e+00 -1.000000e+00 -0.000000e+00
   outer loop
     vertex -6.022500e+03 -4.000000e+02  9.750000e+02
     vertex -6.090000e+03 -4.000000e+02 -2.100000e+02
     vertex -6.022500e+03 -4.000000e+02 -9.350000e+02
   endloop
 endfacet
 facet normal  0.000000e+00 -1.000000e+00  0.000000e+00
   outer loop
     vertex -6.022500e+03 -4.000000e+02  9.750000e+02
     vertex -6.090000e+03 -4.000000e+02 -1.600000e+02
     vertex -6.090000e+03 -4.000000e+02 -2.100000e+02
   endloop
 endfacet
 facet normal  0.000000e+00 -1.000000e+00  0.000000e+00
   outer loop
     vertex -6.022500e+03 -4.000000e+02  9.750000e+02
     vertex -6.090000e+03 -4.000000e+02  1.200000e+02
     vertex -6.090000e+03 -4.000000e+02 -1.600000e+02
   endloop
 endfacet
 facet normal  0.000000e+00 -1.000000e+00  0.000000e+00
   outer loop
     vertex -6.022500e+03 -4.000000e+02  9.750000e+02
     vertex -6.090000e+03 -4.000000e+02  1.700000e+02
     vertex -6.090000e+03 -4.000000e+02  1.200000e+02
   endloop
 endfacet
 facet normal  0.000000e+00 -1.000000e+00  0.000000e+00
   outer loop
     vertex -6.000000e+03 -4.000000e+02  4.000000e+03
     vertex -6.022500e+03 -4.000000e+02  1.065000e+03
     vertex -6.022500e+03 -4.000000e+02  9.750000e+02
   endloop
 endfacet
 facet normal  0.000000e+00 -1.000000e+00  0.000000e+00
   outer loop
     vertex -6.000000e+03 -4.000000e+02  4.000000e+03
     vertex -6.022500e+03 -4.000000e+02  2.975000e+03
     vertex -6.022500e+03 -4.000000e+02  1.065000e+03
   endloop
 endfacet
 facet normal  0.000000e+00 -1.000000e+00 -0.000000e+00
   outer loop
     vertex -6.022500e+03 -4.000000e+02  2.975000e+03
     vertex -6.090000e+03 -4.000000e+02  1.790000e+03
     vertex -6.022500e+03 -4.000000e+02  1.065000e+03
   endloop
 endfacet
 facet normal  0.000000e+00 -1.000000e+00  0.000000e+00
   outer loop
     vertex -6.022500e+03 -4.000000e+02  2.975000e+03
     vertex -6.090000e+03 -4.000000e+02  1.840000e+03
     vertex -6.090000e+03 -4.000000e+02  1.790000e+03
   endloop
 endfacet
 facet normal  0.000000e+00 -1.000000e+00  0.000000e+00
   outer loop
     vertex -6.022500e+03 -4.000000e+02  2.975000e+03
     vertex -6.090000e+03 -4.000000e+02  2.120000e+03
     vertex -6.090000e+03 -4.000000e+02  1.840000e+03
   endloop
 endfacet
 facet normal  0.000000e+00 -1.000000e+00  0.000000e+00
   outer loop
     vertex -6.022500e+03 -4.000000e+02  2.975000e+03
     vertex -6.090000e+03 -4.000000e+02  2.170000e+03
     vertex -6.090000e+03 -4.000000e+02  2.120000e+03
   endloop
 endfacet
 facet normal  0.000000e+00 -1.000000e+00  0.000000e+00
   outer loop
     vertex -6.000000e+03 -4.000000e+02  4.000000e+03
     vertex -6.022500e+03 -4.000000e+02  3.065000e+03
     vertex -6.022500e+03 -4.000000e+02  2.975000e+03
   endloop
 endfacet
 facet normal  0.000000e+00 -1.000000e+00  0.000000e+00
   outer loop
     vertex -6.000000e+03 -4.000000e+02  4.000000e+03
     vertex -6.090000e+03 -4.000000e+02  3.790000e+03
     vertex -6.022500e+03 -4.000000e+02  3.065000e+03
   endloop
 endfacet
 facet normal  0.000000e+00 -1.000000e+00  0.000000e+00
   outer loop
     vertex -6.000000e+03 -4.000000e+02 -4.000000e+03
     vertex  5.025000e+03 -4.000000e+02 -4.022500e+03
     vertex  6.000000e+03 -4.000000e+02 -4.000000e+03
   endloop
 endfacet
 facet normal  0.000000e+00 -1.000000e+00  0.000000e+00
   outer loop
     vertex  5.025000e+03 -4.000000e+02 -4.022500e+03
     vertex  5.830000e+03 -4.000000e+02 -4.090000e+03
     vertex  6.000000e+03 -4.000000e+02 -4.000000e+03
   endloop
 endfacet
 facet normal  0.000000e+00 -1.000000e+00  0.000000e+00
   outer loop
     vertex -6.000000e+03 -4.000000e+02 -4.000000e+03
     vertex  4.935000e+03 -4.000000e+02 -4.022500e+03
     vertex  5.025000e+03 -4.000000e+02 -4.022500e+03
   endloop
 endfacet
 facet normal  0.000000e+00 -1.000000e+00  0.000000e+00
   outer loop
     vertex -6.000000e+03 -4.000000e+02 -4.000000e+03
     vertex  3.025000e+03 -4.000000e+02 -4.022500e+03
     vertex  4.935000e+03 -4.000000e+02 -4.022500e+03
   endloop
 endfacet
 facet normal  0.000000e+00 -1.000000e+00  0.000000e+00
   outer loop
     vertex  3.025000e+03 -4.000000e+02 -4.022500e+03
     vertex  4.210000e+03 -4.000000e+02 -4.090000e+03
     vertex  4.935000e+03 -4.000000e+02 -4.022500e+03
   endloop
 endfacet
 facet normal  0.000000e+00 -1.000000e+00  0.000000e+00
   outer loop
     vertex  3.025000e+03 -4.000000e+02 -4.022500e+03
     vertex  4.160000e+03 -4.000000e+02 -4.090000e+03
     vertex  4.210000e+03 -4.000000e+02 -4.090000e+03
   endloop
 endfacet
 facet normal  0.000000e+00 -1.000000e+00  0.000000e+00
   outer loop
     vertex  3.025000e+03 -4.000000e+02 -4.022500e+03
     vertex  3.880000e+03 -4.000000e+02 -4.090000e+03
     vertex  4.160000e+03 -4.000000e+02 -4.090000e+03
   endloop
 endfacet
 facet normal  0.000000e+00 -1.000000e+00  0.000000e+00
   outer loop
     vertex  3.025000e+03 -4.000000e+02 -4.022500e+03
     vertex  3.830000e+03 -4.000000e+02 -4.090000e+03
     vertex  3.880000e+03 -4.000000e+02 -4.090000e+03
   endloop
 endfacet
 facet normal  0.000000e+00 -1.000000e+00  0.000000e+00
   outer loop
     vertex -6.000000e+03 -4.000000e+02 -4.000000e+03
     vertex  2.935000e+03 -4.000000e+02 -4.022500e+03
     vertex  3.025000e+03 -4.000000e+02 -4.022500e+03
   endloop
 endfacet
 facet normal  0.000000e+00 -1.000000e+00  0.000000e+00
   outer loop
     vertex -6.000000e+03 -4.000000e+02 -4.000000e+03
     vertex  1.025000e+03 -4.000000e+02 -4.022500e+03
     vertex  2.935000e+03 -4.000000e+02 -4.022500e+03
   endloop
 endfacet
 facet normal  0.000000e+00 -1.000000e+00  0.000000e+00
   outer loop
     vertex  1.025000e+03 -4.000000e+02 -4.022500e+03
     vertex  2.210000e+03 -4.000000e+02 -4.090000e+03
     vertex  2.935000e+03 -4.000000e+02 -4.022500e+03
   endloop
 endfacet
 facet normal  0.000000e+00 -1.000000e+00  0.000000e+00
   outer loop
     vertex  1.025000e+03 -4.000000e+02 -4.022500e+03
     vertex  2.160000e+03 -4.000000e+02 -4.090000e+03
     vertex  2.210000e+03 -4.000000e+02 -4.090000e+03
   endloop
 endfacet
 facet normal  0.000000e+00 -1.000000e+00  0.000000e+00
   outer loop
     vertex  1.025000e+03 -4.000000e+02 -4.022500e+03
     vertex  1.880000e+03 -4.000000e+02 -4.090000e+03
     vertex  2.160000e+03 -4.000000e+02 -4.090000e+03
   endloop
 endfacet
 facet normal  0.000000e+00 -1.000000e+00  0.000000e+00
   outer loop
     vertex  1.025000e+03 -4.000000e+02 -4.022500e+03
     vertex  1.830000e+03 -4.000000e+02 -4.090000e+03
     vertex  1.880000e+03 -4.000000e+02 -4.090000e+03
   endloop
 endfacet
 facet normal  0.000000e+00 -1.000000e+00  0.000000e+00
   outer loop
     vertex -6.000000e+03 -4.000000e+02 -4.000000e+03
     vertex  9.350000e+02 -4.000000e+02 -4.022500e+03
     vertex  1.025000e+03 -4.000000e+02 -4.022500e+03
   endloop
 endfacet
 facet normal  0.000000e+00 -1.000000e+00  0.000000e+00
   outer loop
     vertex -6.000000e+03 -4.000000e+02 -4.000000e+03
     vertex -9.750000e+02 -4.000000e+02 -4.022500e+03
     vertex  9.350000e+02 -4.000000e+02 -4.022500e+03
   endloop
 endfacet
 facet normal  0.000000e+00 -1.000000e+00  0.000000e+00
   outer loop
     vertex -9.750000e+02 -4.000000e+02 -4.022500e+03
     vertex  2.100000e+02 -4.000000e+02 -4.090000e+03
     vertex  9.350000e+02 -4.000000e+02 -4.022500e+03
   endloop
 endfacet
 facet normal  0.000000e+00 -1.000000e+00  0.000000e+00
   outer loop
     vertex -9.750000e+02 -4.000000e+02 -4.022500e+03
     vertex  1.600000e+02 -4.000000e+02 -4.090000e+03
     vertex  2.100000e+02 -4.000000e+02 -4.090000e+03
   endloop
 endfacet
 facet normal  0.000000e+00 -1.000000e+00  0.000000e+00
   outer loop
     vertex -9.750000e+02 -4.000000e+02 -4.022500e+03
     vertex -1.200000e+02 -4.000000e+02 -4.090000e+03
     vertex  1.600000e+02 -4.000000e+02 -4.090000e+03
   endloop
 endfacet
 facet normal  0.000000e+00 -1.000000e+00  0.000000e+00
   outer loop
     vertex -9.750000e+02 -4.000000e+02 -4.022500e+03
     vertex -1.700000e+02 -4.000000e+02 -4.090000e+03
     vertex -1.200000e+02 -4.000000e+02 -4.090000e+03
   endloop
 endfacet
 facet normal  0.000000e+00 -1.000000e+00  0.000000e+00
   outer loop
     vertex -6.000000e+03 -4.000000e+02 -4.000000e+03
     vertex -1.065000e+03 -4.000000e+02 -4.022500e+03
     vertex -9.750000e+02 -4.000000e+02 -4.022500e+03
   endloop
 endfacet
 facet normal  0.000000e+00 -1.000000e+00  0.000000e+00
   outer loop
     vertex -6.000000e+03 -4.000000e+02 -4.000000e+03
     vertex -2.975000e+03 -4.000000e+02 -4.022500e+03
     vertex -1.065000e+03 -4.000000e+02 -4.022500e+03
   endloop
 endfacet
 facet normal  0.000000e+00 -1.000000e+00  0.000000e+00
   outer loop
     vertex -2.975000e+03 -4.000000e+02 -4.022500e+03
     vertex -1.790000e+03 -4.000000e+02 -4.090000e+03
     vertex -1.065000e+03 -4.000000e+02 -4.022500e+03
   endloop
 endfacet
 facet normal  0.000000e+00 -1.000000e+00  0.000000e+00
   outer loop
     vertex -2.975000e+03 -4.000000e+02 -4.022500e+03
     vertex -1.840000e+03 -4.000000e+02 -4.090000e+03
     vertex -1.790000e+03 -4.000000e+02 -4.090000e+03
   endloop
 endfacet
 facet normal  0.000000e+00 -1.000000e+00  0.000000e+00
   outer loop
     vertex -2.975000e+03 -4.000000e+02 -4.022500e+03
     vertex -2.120000e+03 -4.000000e+02 -4.090000e+03
     vertex -1.840000e+03 -4.000000e+02 -4.090000e+03
   endloop
 endfacet
 facet normal  0.000000e+00 -1.000000e+00  0.000000e+00
   outer loop
     vertex -2.975000e+03 -4.000000e+02 -4.022500e+03
     vertex -2.170000e+03 -4.000000e+02 -4.090000e+03
     vertex -2.120000e+03 -4.000000e+02 -4.090000e+03
   endloop
 endfacet
 facet normal  0.000000e+00 -1.000000e+00  0.000000e+00
   outer loop
     vertex -6.000000e+03 -4.000000e+02 -4.000000e+03
     vertex -3.065000e+03 -4.000000e+02 -4.022500e+03
     vertex -2.975000e+03 -4.000000e+02 -4.022500e+03
   endloop
 endfacet
 facet normal  0.000000e+00 -1.000000e+00  0.000000e+00
   outer loop
     vertex -6.000000e+03 -4.000000e+02 -4.000000e+03
     vertex -4.975000e+03 -4.000000e+02 -4.022500e+03
     vertex -3.065000e+03 -4.000000e+02 -4.022500e+03
   endloop
 endfacet
 facet normal  0.000000e+00 -1.000000e+00  0.000000e+00
   outer loop
     vertex -4.975000e+03 -4.000000e+02 -4.022500e+03
     vertex -3.790000e+03 -4.000000e+02 -4.090000e+03
     vertex -3.065000e+03 -4.000000e+02 -4.022500e+03
   endloop
 endfacet
 facet normal  0.000000e+00 -1.000000e+00  0.000000e+00
   outer loop
     vertex -4.975000e+03 -4.000000e+02 -4.022500e+03
     vertex -3.840000e+03 -4.000000e+02 -4.090000e+03
     vertex -3.790000e+03 -4.000000e+02 -4.090000e+03
   endloop
 endfacet
 facet normal  0.000000e+00 -1.000000e+00  0.000000e+00
   outer loop
     vertex -4.975000e+03 -4.000000e+02 -4.022500e+03
     vertex -4.120000e+03 -4.000000e+02 -4.090000e+03
     vertex -3.840000e+03 -4.000000e+02 -4.090000e+03
   endloop
 endfacet
 facet normal  0.000000e+00 -1.000000e+00  0.000000e+00
   outer loop
     vertex -4.975000e+03 -4.000000e+02 -4.022500e+03
     vertex -4.170000e+03 -4.000000e+02 -4.090000e+03
     vertex -4.120000e+03 -4.000000e+02 -4.090000e+03
   endloop
 endfacet
 facet normal  0.000000e+00 -1.000000e+00  0.000000e+00
   outer loop
     vertex -6.000000e+03 -4.000000e+02 -4.000000e+03
     vertex -5.065000e+03 -4.000000e+02 -4.022500e+03
     vertex -4.975000e+03 -4.000000e+02 -4.022500e+03
   endloop
 endfacet
 facet normal  0.000000e+00 -1.000000e+00  0.000000e+00
   outer loop
     vertex -6.000000e+03 -4.000000e+02 -4.000000e+03
     vertex -5.790000e+03 -4.000000e+02 -4.090000e+03
     vertex -5.065000e+03 -4.000000e+02 -4.022500e+03
   endloop
 endfacet
 facet normal  0.000000e+00 -1.000000e+00  0.000000e+00
   outer loop
     vertex  6.000000e+03 -4.000000e+02 -4.000000e+03
     vertex  6.022500e+03 -4.000000e+02  3.025000e+03
     vertex  6.000000e+03 -4.000000e+02  4.000000e+03
   endloop
 endfacet
 facet normal  0.000000e+00 -1.000000e+00  0.000000e+00
   outer loop
     vertex  6.022500e+03 -4.000000e+02  3.025000e+03
     vertex  6.090000e+03 -4.000000e+02  3.830000e+03
     vertex  6.000000e+03 -4.000000e+02  4.000000e+03
   endloop
 endfacet
 facet normal  0.000000e+00 -1.000000e+00  0.000000e+00
   outer loop
     vertex  6.000000e+03 -4.000000e+02 -4.000000e+03
     vertex  6.022500e+03 -4.000000e+02  2.935000e+03
     vertex  6.022500e+03 -4.000000e+02  3.025000e+03
   endloop
 endfacet
 facet normal  0.000000e+00 -1.000000e+00  0.000000e+00
   outer loop
     vertex  6.000000e+03 -4.000000e+02 -4.000000e+03
     vertex  6.022500e+03 -4.000000e+02  1.025000e+03
     vertex  6.022500e+03 -4.000000e+02  2.935000e+03
   endloop
 endfacet
 facet normal  0.000000e+00 -1.000000e+00  0.000000e+00
   outer loop
     vertex  6.022500e+03 -4.000000e+02  1.025000e+03
     vertex  6.090000e+03 -4.000000e+02  2.210000e+03
     vertex  6.022500e+03 -4.000000e+02  2.935000e+03
   endloop
 endfacet
 facet normal  0.000000e+00 -1.000000e+00  0.000000e+00
   outer loop
     vertex  6.022500e+03 -4.000000e+02  1.025000e+03
     vertex  6.090000e+03 -4.000000e+02  2.160000e+03
     vertex  6.090000e+03 -4.000000e+02  2.210000e+03
   endloop
 endfacet
 facet normal  0.000000e+00 -1.000000e+00  0.000000e+00
   outer loop
     vertex  6.022500e+03 -4.000000e+02  1.025000e+03
     vertex  6.090000e+03 -4.000000e+02  1.880000e+03
     vertex  6.090000e+03 -4.000000e+02  2.160000e+03
   endloop
 endfacet
 facet normal  0.000000e+00 -1.000000e+00  0.000000e+00
   outer loop
     vertex  6.022500e+03 -4.000000e+02  1.025000e+03
     vertex  6.090000e+03 -4.000000e+02  1.830000e+03
     vertex  6.090000e+03 -4.000000e+02  1.880000e+03
   endloop
 endfacet
 facet normal  0.000000e+00 -1.000000e+00  0.000000e+00
   outer loop
     vertex  6.000000e+03 -4.000000e+02 -4.000000e+03
     vertex  6.022500e+03 -4.000000e+02  9.350000e+02
     vertex  6.022500e+03 -4.000000e+02  1.025000e+03
   endloop
 endfacet
 facet normal  0.000000e+00 -1.000000e+00  0.000000e+00
   outer loop
     vertex  6.000000e+03 -4.000000e+02 -4.000000e+03
     vertex  6.022500e+03 -4.000000e+02 -9.750000e+02
     vertex  6.022500e+03 -4.000000e+02  9.350000e+02
   endloop
 endfacet
 facet normal  0.000000e+00 -1.000000e+00  0.000000e+00
   outer loop
     vertex  6.022500e+03 -4.000000e+02 -9.750000e+02
     vertex  6.090000e+03 -4.000000e+02  2.100000e+02
     vertex  6.022500e+03 -4.000000e+02  9.350000e+02
   endloop
 endfacet
 facet normal  0.000000e+00 -1.000000e+00  0.000000e+00
   outer loop
     vertex  6.022500e+03 -4.000000e+02 -9.750000e+02
     vertex  6.090000e+03 -4.000000e+02  1.600000e+02
     vertex  6.090000e+03 -4.000000e+02  2.100000e+02
   endloop
 endfacet
 facet normal  0.000000e+00 -1.000000e+00  0.000000e+00
   outer loop
     vertex  6.022500e+03 -4.000000e+02 -9.750000e+02
     vertex  6.090000e+03 -4.000000e+02 -1.200000e+02
     vertex  6.090000e+03 -4.000000e+02  1.600000e+02
   endloop
 endfacet
 facet normal  0.000000e+00 -1.000000e+00  0.000000e+00
   outer loop
     vertex  6.022500e+03 -4.000000e+02 -9.750000e+02
     vertex  6.090000e+03 -4.000000e+02 -1.700000e+02
     vertex  6.090000e+03 -4.000000e+02 -1.200000e+02
   endloop
 endfacet
 facet normal  0.000000e+00 -1.000000e+00  0.000000e+00
   outer loop
     vertex  6.000000e+03 -4.000000e+02 -4.000000e+03
     vertex  6.022500e+03 -4.000000e+02 -1.065000e+03
     vertex  6.022500e+03 -4.000000e+02 -9.750000e+02
   endloop
 endfacet
 facet normal  0.000000e+00 -1.000000e+00  0.000000e+00
   outer loop
     vertex  6.000000e+03 -4.000000e+02 -4.000000e+03
     vertex  6.022500e+03 -4.000000e+02 -2.975000e+03
     vertex  6.022500e+03 -4.000000e+02 -1.065000e+03
   endloop
 endfacet
 facet normal  0.000000e+00 -1.000000e+00  0.000000e+00
   outer loop
     vertex  6.022500e+03 -4.000000e+02 -2.975000e+03
     vertex  6.090000e+03 -4.000000e+02 -1.790000e+03
     vertex  6.022500e+03 -4.000000e+02 -1.065000e+03
   endloop
 endfacet
 facet normal  0.000000e+00 -1.000000e+00  0.000000e+00
   outer loop
     vertex  6.022500e+03 -4.000000e+02 -2.975000e+03
     vertex  6.090000e+03 -4.000000e+02 -1.840000e+03
     vertex  6.090000e+03 -4.000000e+02 -1.790000e+03
   endloop
 endfacet
 facet normal  0.000000e+00 -1.000000e+00  0.000000e+00
   outer loop
     vertex  6.022500e+03 -4.000000e+02 -2.975000e+03
     vertex  6.090000e+03 -4.000000e+02 -2.120000e+03
     vertex  6.090000e+03 -4.000000e+02 -1.840000e+03
   endloop
 endfacet
 facet normal  0.000000e+00 -1.000000e+00  0.000000e+00
   outer loop
     vertex  6.022500e+03 -4.000000e+02 -2.975000e+03
     vertex  6.090000e+03 -4.000000e+02 -2.170000e+03
     vertex  6.090000e+03 -4.000000e+02 -2.120000e+03
   endloop
 endfacet
 facet normal  0.000000e+00 -1.000000e+00  0.000000e+00
   outer loop
     vertex  6.000000e+03 -4.000000e+02 -4.000000e+03
     vertex  6.022500e+03 -4.000000e+02 -3.065000e+03
     vertex  6.022500e+03 -4.000000e+02 -2.975000e+03
   endloop
 endfacet
 facet normal  0.000000e+00 -1.000000e+00  0.000000e+00
   outer loop
     vertex  6.000000e+03 -4.000000e+02 -4.000000e+03
     vertex  6.090000e+03 -4.000000e+02 -3.790000e+03
     vertex  6.022500e+03 -4.000000e+02 -3.065000e+03
   endloop
 endfacet
 facet normal -0.000000e+00  0.000000e+00 -1.000000e+00
   outer loop
     vertex -4.500000e+03 -3.000000e+00  4.000000e+03
     vertex -6.000000e+03 -4.000000e+02  4.000000e+03
     vertex -6.000000e+03 -3.000000e+00  4.000000e+03
   endloop
 endfacet
 facet normal -0.000000e+00  0.000000e+00 -1.000000e+00
   outer loop
     vertex -3.500000e+03  0.000000e+00  4.000000e+03
     vertex -4.500000e+03 -3.000000e+00  4.000000e+03
     vertex -4.500000e+03  0.000000e+00  4.000000e+03
   endloop
 endfacet
 facet normal  0.000000e+00  0.000000e+00 -1.000000e+00
   outer loop
     vertex -3.500000e+03 -2.000000e+02  4.000000e+03
     vertex -4.500000e+03 -3.000000e+00  4.000000e+03
     vertex -3.500000e+03  0.000000e+00  4.000000e+03
   endloop
 endfacet
 facet normal -0.000000e+00  0.000000e+00 -1.000000e+00
   outer loop
     vertex -3.500000e+03 -2.000000e+02  4.000000e+03
     vertex -6.000000e+03 -4.000000e+02  4.000000e+03
     vertex -4.500000e+03 -3.000000e+00  4.000000e+03
   endloop
 endfacet
 facet normal -0.000000e+00  0.000000e+00 -1.000000e+00
   outer loop
     vertex  6.000000e+03  0.000000e+00  4.000000e+03
     vertex -1.500000e+03 -2.000000e+02  4.000000e+03
     vertex -1.500000e+03  0.000000e+00  4.000000e+03
   endloop
 endfacet
 facet normal  0.000000e+00  0.000000e+00 -1.000000e+00
   outer loop
     vertex  6.000000e+03 -4.000000e+02  4.000000e+03
     vertex -1.500000e+03 -2.000000e+02  4.000000e+03
     vertex  6.000000e+03  0.000000e+00  4.000000e+03
   endloop
 endfacet
 facet normal  0.000000e+00  0.000000e+00 -1.000000e+00
   outer loop
     vertex -6.000000e+03 -4.000000e+02  4.000000e+03
     vertex -1.500000e+03 -2.000000e+02  4.000000e+03
     vertex  6.000000e+03 -4.000000e+02  4.000000e+03
   endloop
 endfacet
 facet normal  0.000000e+00  0.000000e+00 -1.000000e+00
   outer loop
     vertex -6.000000e+03 -4.000000e+02  4.000000e+03
     vertex -3.500000e+03 -2.000000e+02  4.000000e+03
     vertex -1.500000e+03 -2.000000e+02  4.000000e+03
   endloop
 endfacet
 facet normal -1.000000e+00  0.000000e+00  0.000000e+00
   outer loop
     vertex -3.500000e+03  0.000000e+00 -2.500000e+03
     vertex -3.500000e+03 -2.000000e+02  4.000000e+03
     vertex -3.500000e+03  0.000000e+00  4.000000e+03
   endloop
 endfacet
 facet normal -1.000000e+00  0.000000e+00  0.000000e+00
   outer loop
     vertex -3.500000e+03  0.000000e+00 -2.500000e+03
     vertex -3.500000e+03 -2.000000e+02 -2.500000e+03
     vertex -3.500000e+03 -2.000000e+02  4.000000e+03
   endloop
 endfacet
 facet normal  0.000000e+00 -1.000000e+00  0.000000e+00
   outer loop
     vertex -1.650000e+03 -2.000000e+02 -1.000000e+02
     vertex -1.500000e+03 -2.000000e+02 -2.500000e+03
     vertex -1.500000e+03 -2.000000e+02 -1.000000e+02
   endloop
 endfacet
 facet normal  0.000000e+00 -1.000000e+00 -0.000000e+00
   outer loop
     vertex -1.650000e+03 -2.000000e+02 -1.000000e+02
     vertex -3.500000e+03 -2.000000e+02 -2.500000e+03
     vertex -1.500000e+03 -2.000000e+02 -2.500000e+03
   endloop
 endfacet
 facet normal  0.000000e+00 -1.000000e+00 -0.000000e+00
   outer loop
     vertex -1.500000e+03 -2.000000e+02  4.000000e+03
     vertex -1.650000e+03 -2.000000e+02  1.700000e+03
     vertex -1.500000e+03 -2.000000e+02  1.700000e+03
   endloop
 endfacet
 facet normal  0.000000e+00 -1.000000e+00  0.000000e+00
   outer loop
     vertex -3.500000e+03 -2.000000e+02  4.000000e+03
     vertex -1.650000e+03 -2.000000e+02 -1.000000e+02
     vertex -1.650000e+03 -2.000000e+02  1.700000e+03
   endloop
 endfacet
 facet normal  0.000000e+00 -1.000000e+00  0.000000e+00
   outer loop
     vertex -3.500000e+03 -2.000000e+02  4.000000e+03
     vertex -3.500000e+03 -2.000000e+02 -2.500000e+03
     vertex -1.650000e+03 -2.000000e+02 -1.000000e+02
   endloop
 endfacet
 facet normal  0.000000e+00 -1.000000e+00  0.000000e+00
   outer loop
     vertex -3.500000e+03 -2.000000e+02  4.000000e+03
     vertex -1.650000e+03 -2.000000e+02  1.700000e+03
     vertex -1.500000e+03 -2.000000e+02  4.000000e+03
   endloop
 endfacet
 facet normal  1.000000e+00  0.000000e+00  0.000000e+00
   outer loop
     vertex -1.500000e+03 -1.200000e+01 -1.500000e+03
     vertex -1.500000e+03 -2.000000e+02 -2.500000e+03
     vertex -1.500000e+03  0.000000e+00 -2.500000e+03
   endloop
 endfacet
 facet normal  1.000000e+00 -0.000000e+00  0.000000e+00
   outer loop
     vertex -1.500000e+03 -1.200000e+01 -1.500000e+03
     vertex -1.500000e+03  0.000000e+00 -2.500000e+03
     vertex -1.500000e+03 -9.000000e+00 -1.500000e+03
   endloop
 endfacet
 facet normal  1.000000e+00  0.000000e+00  0.000000e+00
   outer loop
     vertex -1.500000e+03 -1.200000e+01  1.500000e+03
     vertex -1.500000e+03 -4.000000e+02 -1.000000e+02
     vertex -1.500000e+03 -2.000000e+02 -1.000000e+02
   endloop
 endfacet
 facet normal  1.000000e+00  0.000000e+00  0.000000e+00
   outer loop
     vertex -1.500000e+03 -2.000000e+02  1.700000e+03
     vertex -1.500000e+03 -1.200000e+01  1.500000e+03
     vertex -1.500000e+03 -9.000000e+00  1.500000e+03
   endloop
 endfacet
 facet normal  1.000000e+00  0.000000e+00  0.000000e+00
   outer loop
     vertex -1.500000e+03 -4.000000e+02  1.700000e+03
     vertex -1.500000e+03 -4.000000e+02 -1.000000e+02
     vertex -1.500000e+03 -1.200000e+01  1.500000e+03
   endloop
 endfacet
 facet normal  1.000000e+00 -0.000000e+00  0.000000e+00
   outer loop
     vertex -1.500000e+03 -4.000000e+02  1.700000e+03
     vertex -1.500000e+03 -1.200000e+01  1.500000e+03
     vertex -1.500000e+03 -2.000000e+02  1.700000e+03
   endloop
 endfacet
 facet normal  1.000000e+00  0.000000e+00  0.000000e+00
   outer loop
     vertex -1.500000e+03  0.000000e+00  4.000000e+03
     vertex -1.500000e+03 -2.000000e+02  1.700000e+03
     vertex -1.500000e+03 -9.000000e+00  1.500000e+03
   endloop
 endfacet
 facet normal  1.000000e+00 -0.000000e+00  0.000000e+00
   outer loop
     vertex -1.500000e+03 -2.000000e+02  4.000000e+03
     vertex -1.500000e+03 -2.000000e+02  1.700000e+03
     vertex -1.500000e+03  0.000000e+00  4.000000e+03
   endloop
 endfacet
 facet normal  1.000000e+00  0.000000e+00  0.000000e+00
   outer loop
     vertex -1.500000e+03 -2.000000e+02 -1.000000e+02
     vertex -1.500000e+03 -2.000000e+02 -2.500000e+03
     vertex -1.500000e+03 -1.200000e+01 -1.500000e+03
   endloop
 endfacet
 facet normal  1.000000e+00 -0.000000e+00  0.000000e+00
   outer loop
     vertex -1.500000e+03 -2.000000e+02 -1.000000e+02
     vertex -1.500000e+03 -1.200000e+01 -1.500000e+03
     vertex -1.500000e+03 -1.200000e+01  1.500000e+03
   endloop
 endfacet
 facet normal  1.000000e+00  0.000000e+00 -0.000000e+00
   outer loop
     vertex -1.500000e+03  0.000000e+00 -2.500000e+03
     vertex -1.500000e+03  0.000000e+00  4.000000e+03
     vertex -1.500000e+03 -9.000000e+00  1.500000e+03
   endloop
 endfacet
 facet normal  1.000000e+00  0.000000e+00  0.000000e+00
   outer loop
     vertex -1.500000e+03  0.000000e+00 -2.500000e+03
     vertex -1.500000e+03 -9.000000e+00  1.500000e+03
     vertex -1.500000e+03 -9.000000e+00 -1.500000e+03
   endloop
 endfacet
 facet normal  0.000000e+00  0.000000e+00  1.000000e+00
   outer loop
     vertex -1.500000e+03 -1.200000e+01  1.500000e+03
     vertex  1.500000e+03 -9.000000e+00  1.500000e+03
     vertex -1.500000e+03 -9.000000e+00  1.500000e+03
   endloop
 endfacet
 facet normal  0.000000e+00  0.000000e+00  1.000000e+00
   outer loop
     vertex -1.500000e+03 -1.200000e+01  1.500000e+03
     vertex  1.500000e+03 -1.200000e+01  1.500000e+03
     vertex  1.500000e+03 -9.000000e+00  1.500000e+03
   endloop
 endfacet
 facet normal -1.000000e+00  0.000000e+00  0.000000e+00
   outer loop
     vertex  1.500000e+03 -1.200000e+01  1.500000e+03
     vertex  1.500000e+03 -2.000000e+02  2.500000e+03
     vertex  1.500000e+03  0.000000e+00  2.500000e+03
   endloop
 endfacet
 facet normal -1.000000e+00  0.000000e+00  0.000000e+00
   outer loop
     vertex  1.500000e+03 -9.000000e+00  1.500000e+03
     vertex  1.500000e+03 -1.200000e+01  1.500000e+03
     vertex  1.500000e+03  0.000000e+00  2.500000e+03
   endloop
 endfacet
 facet normal -1.000000e+00  0.000000e+00  0.000000e+00
   outer loop
     vertex  1.500000e+03 -1.200000e+01 -1.500000e+03
     vertex  1.500000e+03 -4.000000e+02  1.000000e+02
     vertex  1.500000e+03 -2.000000e+02  1.000000e+02
   endloop
 endfacet
 facet normal -1.000000e+00 -0.000000e+00  0.000000e+00
   outer loop
     vertex  1.500000e+03 -1.200000e+01 -1.500000e+03
     vertex  1.500000e+03 -4.000000e+02 -1.700000e+03
     vertex  1.500000e+03 -4.000000e+02  1.000000e+02
   endloop
 endfacet
 facet normal -1.000000e+00  0.000000e+00  0.000000e+00
   outer loop
     vertex  1.500000e+03 -2.000000e+02 -1.700000e+03
     vertex  1.500000e+03 -1.200000e+01 -1.500000e+03
     vertex  1.500000e+03 -9.000000e+00 -1.500000e+03
   endloop
 endfacet
 facet normal -1.000000e+00  0.000000e+00  0.000000e+00
   outer loop
     vertex  1.500000e+03 -2.000000e+02 -1.700000e+03
     vertex  1.500000e+03 -4.000000e+02 -1.700000e+03
     vertex  1.500000e+03 -1.200000e+01 -1.500000e+03
   endloop
 endfacet
 facet normal -1.000000e+00  0.000000e+00  0.000000e+00
   outer loop
     vertex  1.500000e+03  0.000000e+00 -4.000000e+03
     vertex  1.500000e+03 -2.000000e+02 -4.000000e+03
     vertex  1.500000e+03 -2.000000e+02 -1.700000e+03
   endloop
 endfacet
 facet normal -1.000000e+00  0.000000e+00  0.000000e+00
   outer loop
     vertex  1.500000e+03  0.000000e+00 -4.000000e+03
     vertex  1.500000e+03 -2.000000e+02 -1.700000e+03
     vertex  1.500000e+03 -9.000000e+00 -1.500000e+03
   endloop
 endfacet
 facet normal -1.000000e+00  0.000000e+00  0.000000e+00
   outer loop
     vertex  1.500000e+03  0.000000e+00 -4.000000e+03
     vertex  1.500000e+03 -9.000000e+00  1.500000e+03
     vertex  1.500000e+03  0.000000e+00  2.500000e+03
   endloop
 endfacet
 facet normal -1.000000e+00  0.000000e+00  0.000000e+00
   outer loop
     vertex  1.500000e+03  0.000000e+00 -4.000000e+03
     vertex  1.500000e+03 -9.000000e+00 -1.500000e+03
     vertex  1.500000e+03 -9.000000e+00  1.500000e+03
   endloop
 endfacet
 facet normal -1.000000e+00  0.000000e+00  0.000000e+00
   outer loop
     vertex  1.500000e+03 -2.000000e+02  2.500000e+03
     vertex  1.500000e+03 -1.200000e+01 -1.500000e+03
     vertex  1.500000e+03 -2.000000e+02  1.000000e+02
   endloop
 endfacet
 facet normal -1.000000e+00  0.000000e+00  0.000000e+00
   outer loop
     vertex  1.500000e+03 -2.000000e+02  2.500000e+03
     vertex  1.500000e+03 -1.200000e+01  1.500000e+03
     vertex  1.500000e+03 -1.200000e+01 -1.500000e+03
   endloop
 endfacet
 facet normal  0.000000e+00  1.000000e+00  0.000000e+00
   outer loop
     vertex -1.500000e+03 -9.000000e+00 -1.500000e+03
     vertex  1.500000e+03 -9.000000e+00  1.500000e+03
     vertex  1.500000e+03 -9.000000e+00 -1.500000e+03
   endloop
 endfacet
 facet normal -0.000000e+00  1.000000e+00  0.000000e+00
   outer loop
     vertex -1.500000e+03 -9.000000e+00  1.500000e+03
     vertex  1.500000e+03 -9.000000e+00  1.500000e+03
     vertex -1.500000e+03 -9.000000e+00 -1.500000e+03
   endloop
 endfacet
 facet normal  0.000000e+00  0.000000e+00 -1.000000e+00
   outer loop
     vertex -1.500000e+03 -9.000000e+00 -1.500000e+03
     vertex  1.500000e+03 -9.000000e+00 -1.500000e+03
     vertex  1.500000e+03 -1.200000e+01 -1.500000e+03
   endloop
 endfacet
 facet normal  0.000000e+00  0.000000e+00 -1.000000e+00
   outer loop
     vertex -1.500000e+03 -9.000000e+00 -1.500000e+03
     vertex  1.500000e+03 -1.200000e+01 -1.500000e+03
     vertex -1.500000e+03 -1.200000e+01 -1.500000e+03
   endloop
 endfacet
 facet normal  0.000000e+00 -1.000000e+00  0.000000e+00
   outer loop
     vertex  4.363084e+02 -1.200000e+01 -3.107841e+02
     vertex  4.573291e+02 -1.200000e+01 -5.023940e+02
     vertex  1.500000e+03 -1.200000e+01 -1.500000e+03
   endloop
 endfacet
 facet normal  0.000000e+00 -1.000000e+00  0.000000e+00
   outer loop
     vertex  2.518780e+02 -1.200000e+01 -4.830082e+02
     vertex  1.500000e+03 -1.200000e+01 -1.500000e+03
     vertex  4.573291e+02 -1.200000e+01 -5.023940e+02
   endloop
 endfacet
 facet normal  0.000000e+00 -1.000000e+00  0.000000e+00
   outer loop
     vertex  3.995784e+02 -1.200000e+01  4.377231e+01
     vertex  4.363084e+02 -1.200000e+01 -3.107841e+02
     vertex  4.718853e+02 -1.200000e+01  1.112155e+02
   endloop
 endfacet
 facet normal  0.000000e+00 -1.000000e+00 -0.000000e+00
   outer loop
     vertex  5.853445e+02 -1.200000e+01  3.840985e+02
     vertex  4.363084e+02 -1.200000e+01 -3.107841e+02
     vertex  1.500000e+03 -1.200000e+01 -1.500000e+03
   endloop
 endfacet
 facet normal  0.000000e+00 -1.000000e+00  0.000000e+00
   outer loop
     vertex  5.853445e+02 -1.200000e+01  3.840985e+02
     vertex  4.718853e+02 -1.200000e+01  1.112155e+02
     vertex  4.363084e+02 -1.200000e+01 -3.107841e+02
   endloop
 endfacet
 facet normal  0.000000e+00 -1.000000e+00 -0.000000e+00
   outer loop
     vertex  5.146588e+02 -1.200000e+01  3.179522e+02
     vertex  4.718853e+02 -1.200000e+01  1.112155e+02
     vertex  5.853445e+02 -1.200000e+01  3.840985e+02
   endloop
 endfacet
 facet normal  0.000000e+00 -1.000000e+00  0.000000e+00
   outer loop
     vertex  1.717856e+02 -1.200000e+01 -2.315296e+01
     vertex  3.995784e+02 -1.200000e+01  4.377231e+01
     vertex  3.212542e+02 -1.200000e+01  1.202318e+02
   endloop
 endfacet
 facet normal  0.000000e+00 -1.000000e+00  0.000000e+00
   outer loop
     vertex  1.717856e+02 -1.200000e+01 -2.315296e+01
     vertex  4.363084e+02 -1.200000e+01 -3.107841e+02
     vertex  3.995784e+02 -1.200000e+01  4.377231e+01
   endloop
 endfacet
 facet normal  0.000000e+00 -1.000000e+00  0.000000e+00
   outer loop
     vertex -3.149566e+02 -1.200000e+01 -4.840748e+02
     vertex  2.518780e+02 -1.200000e+01 -4.830082e+02
     vertex -5.318699e+01 -1.200000e+01 -2.318893e+02
   endloop
 endfacet
 facet normal  0.000000e+00 -1.000000e+00  0.000000e+00
   outer loop
     vertex  3.613482e+02 -1.200000e+01  2.131459e+02
     vertex  5.146588e+02 -1.200000e+01  3.179522e+02
     vertex  4.909888e+02 -1.200000e+01  3.393525e+02
   endloop
 endfacet
 facet normal  0.000000e+00 -1.000000e+00  0.000000e+00
   outer loop
     vertex  3.613482e+02 -1.200000e+01  2.131459e+02
     vertex  4.718853e+02 -1.200000e+01  1.112155e+02
     vertex  5.146588e+02 -1.200000e+01  3.179522e+02
   endloop
 endfacet
 facet normal  0.000000e+00 -1.000000e+00 -0.000000e+00
   outer loop
     vertex  1.500000e+03 -1.200000e+01  1.500000e+03
     vertex  5.853445e+02 -1.200000e+01  3.840985e+02
     vertex  1.500000e+03 -1.200000e+01 -1.500000e+03
   endloop
 endfacet
 facet normal  0.000000e+00 -1.000000e+00  0.000000e+00
   outer loop
     vertex -1.500000e+03 -1.200000e+01 -1.500000e+03
     vertex  1.500000e+03 -1.200000e+01 -1.500000e+03
     vertex  2.518780e+02 -1.200000e+01 -4.830082e+02
   endloop
 endfacet
 facet normal  0.000000e+00 -1.000000e+00  0.000000e+00
   outer loop
     vertex -1.500000e+03 -1.200000e+01 -1.500000e+03
     vertex  2.518780e+02 -1.200000e+01 -4.830082e+02
     vertex -3.149566e+02 -1.200000e+01 -4.840748e+02
   endloop
 endfacet
 facet normal  0.000000e+00 -1.000000e+00 -0.000000e+00
   outer loop
     vertex -5.218085e+02 -1.200000e+01 -5.019854e+02
     vertex -1.500000e+03 -1.200000e+01 -1.500000e+03
     vertex -3.149566e+02 -1.200000e+01 -4.840748e+02
   endloop
 endfacet
 facet normal  0.000000e+00 -1.000000e+00  0.000000e+00
   outer loop
     vertex  4.291638e+02 -1.200000e+01  5.301371e+02
     vertex  5.853445e+02 -1.200000e+01  3.840985e+02
     vertex  1.500000e+03 -1.200000e+01  1.500000e+03
   endloop
 endfacet
 facet normal  0.000000e+00 -1.000000e+00 -0.000000e+00
   outer loop
     vertex  3.610980e+02 -1.200000e+01  4.653916e+02
     vertex  2.430667e+02 -1.200000e+01  3.166672e+02
     vertex  3.811772e+02 -1.200000e+01  4.472910e+02
   endloop
 endfacet
 facet normal  0.000000e+00 -1.000000e+00  0.000000e+00
   outer loop
     vertex -4.981554e+02 -1.200000e+01 -3.118436e+02
     vertex -1.500000e+03 -1.200000e+01 -1.500000e+03
     vertex -5.218085e+02 -1.200000e+01 -5.019854e+02
   endloop
 endfacet
 facet normal  0.000000e+00 -1.000000e+00  0.000000e+00
   outer loop
     vertex  1.294834e+02 -1.200000e+01  4.221103e+02
     vertex  3.610980e+02 -1.200000e+01  4.653916e+02
     vertex  4.291638e+02 -1.200000e+01  5.301371e+02
   endloop
 endfacet
 facet normal  0.000000e+00 -1.000000e+00  0.000000e+00
   outer loop
     vertex  1.294834e+02 -1.200000e+01  4.221103e+02
     vertex  2.430667e+02 -1.200000e+01  3.166672e+02
     vertex  3.610980e+02 -1.200000e+01  4.653916e+02
   endloop
 endfacet
 facet normal  0.000000e+00 -1.000000e+00 -0.000000e+00
   outer loop
     vertex  5.994173e+01 -1.200000e+01  3.559432e+02
     vertex -6.642547e+00 -1.200000e+01  1.462295e+02
     vertex  1.366573e+02 -1.200000e+01  2.844118e+02
   endloop
 endfacet
 facet normal  0.000000e+00 -1.000000e+00  0.000000e+00
   outer loop
     vertex -1.252483e+02 -1.200000e+01  3.571901e+02
     vertex  5.994173e+01 -1.200000e+01  3.559432e+02
     vertex  1.294834e+02 -1.200000e+01  4.221103e+02
   endloop
 endfacet
 facet normal  0.000000e+00 -1.000000e+00  0.000000e+00
   outer loop
     vertex -1.252483e+02 -1.200000e+01  3.571901e+02
     vertex -6.642547e+00 -1.200000e+01  1.462295e+02
     vertex  5.994173e+01 -1.200000e+01  3.559432e+02
   endloop
 endfacet
 facet normal  0.000000e+00 -1.000000e+00  0.000000e+00
   outer loop
     vertex -2.020024e+02 -1.200000e+01  2.855336e+02
     vertex -6.642547e+00 -1.200000e+01  1.462295e+02
     vertex -1.252483e+02 -1.200000e+01  3.571901e+02
   endloop
 endfacet
 facet normal  0.000000e+00 -1.000000e+00 -0.000000e+00
   outer loop
     vertex -4.648302e+02 -1.200000e+01  4.354252e+01
     vertex -4.981554e+02 -1.200000e+01 -3.118436e+02
     vertex -2.346082e+02 -1.200000e+01 -6.143146e+01
   endloop
 endfacet
 facet normal  0.000000e+00 -1.000000e+00  0.000000e+00
   outer loop
     vertex -4.648302e+02 -1.200000e+01  4.354252e+01
     vertex -2.346082e+02 -1.200000e+01 -6.143146e+01
     vertex -3.864035e+02 -1.200000e+01  1.179335e+02
   endloop
 endfacet
 facet normal  0.000000e+00 -1.000000e+00  0.000000e+00
   outer loop
     vertex -1.943392e+02 -1.200000e+01  4.222362e+02
     vertex -1.252483e+02 -1.200000e+01  3.571901e+02
     vertex  1.294834e+02 -1.200000e+01  4.221103e+02
   endloop
 endfacet
 facet normal  0.000000e+00 -1.000000e+00  0.000000e+00
   outer loop
     vertex -5.331116e+02 -1.200000e+01  1.072119e+02
     vertex -4.981554e+02 -1.200000e+01 -3.118436e+02
     vertex -4.648302e+02 -1.200000e+01  4.354252e+01
   endloop
 endfacet
 facet normal  0.000000e+00 -1.000000e+00  0.000000e+00
   outer loop
     vertex -4.235566e+02 -1.200000e+01  4.673083e+02
     vertex -3.054103e+02 -1.200000e+01  3.185888e+02
     vertex -1.943392e+02 -1.200000e+01  4.222362e+02
   endloop
 endfacet
 facet normal  0.000000e+00 -1.000000e+00 -0.000000e+00
   outer loop
     vertex -4.235566e+02 -1.200000e+01  4.673083e+02
     vertex -4.430521e+02 -1.200000e+01  4.475369e+02
     vertex -3.054103e+02 -1.200000e+01  3.185888e+02
   endloop
 endfacet
 facet normal  0.000000e+00 -1.000000e+00  0.000000e+00
   outer loop
     vertex -5.765343e+02 -1.200000e+01  3.195226e+02
     vertex -4.226289e+02 -1.200000e+01  2.138962e+02
     vertex -5.539180e+02 -1.200000e+01  3.380166e+02
   endloop
 endfacet
 facet normal  0.000000e+00 -1.000000e+00  0.000000e+00
   outer loop
     vertex -5.765343e+02 -1.200000e+01  3.195226e+02
     vertex -5.331116e+02 -1.200000e+01  1.072119e+02
     vertex -4.226289e+02 -1.200000e+01  2.138962e+02
   endloop
 endfacet
 facet normal  0.000000e+00 -1.000000e+00  0.000000e+00
   outer loop
     vertex -4.892803e+02 -1.200000e+01  5.287513e+02
     vertex -4.235566e+02 -1.200000e+01  4.673083e+02
     vertex -1.943392e+02 -1.200000e+01  4.222362e+02
   endloop
 endfacet
 facet normal  0.000000e+00 -1.000000e+00  0.000000e+00
   outer loop
     vertex -4.892803e+02 -1.200000e+01  5.287513e+02
     vertex -1.943392e+02 -1.200000e+01  4.222362e+02
     vertex  1.294834e+02 -1.200000e+01  4.221103e+02
   endloop
 endfacet
 facet normal  0.000000e+00 -1.000000e+00  0.000000e+00
   outer loop
     vertex -4.892803e+02 -1.200000e+01  5.287513e+02
     vertex  1.294834e+02 -1.200000e+01  4.221103e+02
     vertex  4.291638e+02 -1.200000e+01  5.301371e+02
   endloop
 endfacet
 facet normal  0.000000e+00 -1.000000e+00  0.000000e+00
   outer loop
     vertex -6.438279e+02 -1.200000e+01  3.820656e+02
     vertex -4.981554e+02 -1.200000e+01 -3.118436e+02
     vertex -5.331116e+02 -1.200000e+01  1.072119e+02
   endloop
 endfacet
 facet normal  0.000000e+00 -1.000000e+00  0.000000e+00
   outer loop
     vertex -6.438279e+02 -1.200000e+01  3.820656e+02
     vertex -5.331116e+02 -1.200000e+01  1.072119e+02
     vertex -5.765343e+02 -1.200000e+01  3.195226e+02
   endloop
 endfacet
 facet normal  0.000000e+00 -1.000000e+00 -0.000000e+00
   outer loop
     vertex -6.438279e+02 -1.200000e+01  3.820656e+02
     vertex -1.500000e+03 -1.200000e+01 -1.500000e+03
     vertex -4.981554e+02 -1.200000e+01 -3.118436e+02
   endloop
 endfacet
 facet normal  0.000000e+00 -1.000000e+00  0.000000e+00
   outer loop
     vertex -1.500000e+03 -1.200000e+01  1.500000e+03
     vertex -4.892803e+02 -1.200000e+01  5.287513e+02
     vertex  4.291638e+02 -1.200000e+01  5.301371e+02
   endloop
 endfacet
 facet normal  0.000000e+00 -1.000000e+00  0.000000e+00
   outer loop
     vertex -1.500000e+03 -1.200000e+01  1.500000e+03
     vertex -6.438279e+02 -1.200000e+01  3.820656e+02
     vertex -4.892803e+02 -1.200000e+01  5.287513e+02
   endloop
 endfacet
 facet normal  0.000000e+00 -1.000000e+00  0.000000e+00
   outer loop
     vertex -1.500000e+03 -1.200000e+01  1.500000e+03
     vertex -1.500000e+03 -1.200000e+01 -1.500000e+03
     vertex -6.438279e+02 -1.200000e+01  3.820656e+02
   endloop
 endfacet
 facet normal  0.000000e+00 -1.000000e+00  0.000000e+00
   outer loop
     vertex -1.500000e+03 -1.200000e+01  1.500000e+03
     vertex  4.291638e+02 -1.200000e+01  5.301371e+02
     vertex  1.500000e+03 -1.200000e+01  1.500000e+03
   endloop
 endfacet
 facet normal  0.000000e+00 -1.000000e+00  0.000000e+00
   outer loop
     vertex -3.864035e+02 -1.200000e+01  1.179335e+02
     vertex -5.318699e+01 -1.200000e+01 -2.318893e+02
     vertex  2.518780e+02 -1.200000e+01 -4.830082e+02
   endloop
 endfacet
 facet normal  0.000000e+00 -1.000000e+00  0.000000e+00
   outer loop
     vertex -3.864035e+02 -1.200000e+01  1.179335e+02
     vertex -2.346082e+02 -1.200000e+01 -6.143146e+01
     vertex -5.318699e+01 -1.200000e+01 -2.318893e+02
   endloop
 endfacet
 facet normal  0.000000e+00 -1.000000e+00  0.000000e+00
   outer loop
     vertex  4.363084e+02 -1.200000e+01 -3.107841e+02
     vertex  1.717856e+02 -1.200000e+01 -2.315296e+01
     vertex -2.020024e+02 -1.200000e+01  2.855336e+02
   endloop
 endfacet
 facet normal  0.000000e+00 -1.000000e+00  0.000000e+00
   outer loop
     vertex  1.717856e+02 -1.200000e+01 -2.315296e+01
     vertex -6.642547e+00 -1.200000e+01  1.462295e+02
     vertex -2.020024e+02 -1.200000e+01  2.855336e+02
   endloop
 endfacet
 facet normal  7.120580e-01  0.000000e+00 -7.021207e-01
   outer loop
     vertex -4.235566e+02 -1.200000e+01  4.673083e+02
     vertex -4.430521e+02 -1.300000e+01  4.475369e+02
     vertex -4.430521e+02 -1.200000e+01  4.475369e+02
   endloop
 endfacet
 facet normal  7.120580e-01  0.000000e+00 -7.021207e-01
   outer loop
     vertex -4.235566e+02 -1.300000e+01  4.673083e+02
     vertex -4.430521e+02 -1.300000e+01  4.475369e+02
     vertex -4.235566e+02 -1.200000e+01  4.673083e+02
   endloop
 endfacet
 facet normal  6.836839e-01  0.000000e+00  7.297782e-01
   outer loop
     vertex -4.430521e+02 -1.300000e+01  4.475369e+02
     vertex -3.054103e+02 -1.300000e+01  3.185888e+02
     vertex -3.054103e+02 -1.200000e+01  3.185888e+02
   endloop
 endfacet
 facet normal  6.836839e-01 -0.000000e+00  7.297782e-01
   outer loop
     vertex -4.430521e+02 -1.300000e+01  4.475369e+02
     vertex -3.054103e+02 -1.200000e+01  3.185888e+02
     vertex -4.430521e+02 -1.200000e+01  4.475369e+02
   endloop
 endfacet
 facet normal -6.822511e-01  0.000000e+00  7.311179e-01
   outer loop
     vertex -3.054103e+02 -1.300000e+01  3.185888e+02
     vertex -1.943392e+02 -1.300000e+01  4.222362e+02
     vertex -1.943392e+02 -1.200000e+01  4.222362e+02
   endloop
 endfacet
 facet normal -6.822511e-01  0.000000e+00  7.311179e-01
   outer loop
     vertex -3.054103e+02 -1.300000e+01  3.185888e+02
     vertex -1.943392e+02 -1.200000e+01  4.222362e+02
     vertex -3.054103e+02 -1.200000e+01  3.185888e+02
   endloop
 endfacet
 facet normal  6.854729e-01  0.000000e+00  7.280981e-01
   outer loop
     vertex -1.943392e+02 -1.300000e+01  4.222362e+02
     vertex -1.252483e+02 -1.300000e+01  3.571901e+02
     vertex -1.252483e+02 -1.200000e+01  3.571901e+02
   endloop
 endfacet
 facet normal  6.854729e-01 -0.000000e+00  7.280981e-01
   outer loop
     vertex -1.943392e+02 -1.300000e+01  4.222362e+02
     vertex -1.252483e+02 -1.200000e+01  3.571901e+02
     vertex -1.943392e+02 -1.200000e+01  4.222362e+02
   endloop
 endfacet
 facet normal  6.824165e-01  0.000000e+00 -7.309635e-01
   outer loop
     vertex -1.252483e+02 -1.200000e+01  3.571901e+02
     vertex -2.020024e+02 -1.300000e+01  2.855336e+02
     vertex -2.020024e+02 -1.200000e+01  2.855336e+02
   endloop
 endfacet
 facet normal  6.824165e-01  0.000000e+00 -7.309635e-01
   outer loop
     vertex -1.252483e+02 -1.200000e+01  3.571901e+02
     vertex -1.252483e+02 -1.300000e+01  3.571901e+02
     vertex -2.020024e+02 -1.300000e+01  2.855336e+02
   endloop
 endfacet
 facet normal  6.826614e-01  0.000000e+00  7.307349e-01
   outer loop
     vertex -2.020024e+02 -1.300000e+01  2.855336e+02
     vertex  4.363084e+02 -1.300000e+01 -3.107841e+02
     vertex  4.363084e+02 -1.200000e+01 -3.107841e+02
   endloop
 endfacet
 facet normal  6.826614e-01 -0.000000e+00  7.307349e-01
   outer loop
     vertex -2.020024e+02 -1.300000e+01  2.855336e+02
     vertex  4.363084e+02 -1.200000e+01 -3.107841e+02
     vertex -2.020024e+02 -1.200000e+01  2.855336e+02
   endloop
 endfacet
 facet normal  9.940361e-01  0.000000e+00  1.090515e-01
   outer loop
     vertex  4.363084e+02 -1.200000e+01 -3.107841e+02
     vertex  4.573291e+02 -1.300000e+01 -5.023940e+02
     vertex  4.573291e+02 -1.200000e+01 -5.023940e+02
   endloop
 endfacet
 facet normal  9.940361e-01 -0.000000e+00  1.090515e-01
   outer loop
     vertex  4.363084e+02 -1.300000e+01 -3.107841e+02
     vertex  4.573291e+02 -1.300000e+01 -5.023940e+02
     vertex  4.363084e+02 -1.200000e+01 -3.107841e+02
   endloop
 endfacet
 facet normal -9.393995e-02  0.000000e+00 -9.955779e-01
   outer loop
     vertex  4.573291e+02 -1.300000e+01 -5.023940e+02
     vertex  2.518780e+02 -1.300000e+01 -4.830082e+02
     vertex  2.518780e+02 -1.200000e+01 -4.830082e+02
   endloop
 endfacet
 facet normal -9.393995e-02 -0.000000e+00 -9.955779e-01
   outer loop
     vertex  4.573291e+02 -1.200000e+01 -5.023940e+02
     vertex  4.573291e+02 -1.300000e+01 -5.023940e+02
     vertex  2.518780e+02 -1.200000e+01 -4.830082e+02
   endloop
 endfacet
 facet normal -6.854894e-01  0.000000e+00 -7.280826e-01
   outer loop
     vertex  2.518780e+02 -1.200000e+01 -4.830082e+02
     vertex -3.864035e+02 -1.300000e+01  1.179335e+02
     vertex -3.864035e+02 -1.200000e+01  1.179335e+02
   endloop
 endfacet
 facet normal -6.854894e-01 -0.000000e+00 -7.280826e-01
   outer loop
     vertex  2.518780e+02 -1.200000e+01 -4.830082e+02
     vertex  2.518780e+02 -1.300000e+01 -4.830082e+02
     vertex -3.864035e+02 -1.300000e+01  1.179335e+02
   endloop
 endfacet
 facet normal  6.881928e-01  0.000000e+00 -7.255279e-01
   outer loop
     vertex -3.864035e+02 -1.200000e+01  1.179335e+02
     vertex -4.648302e+02 -1.300000e+01  4.354252e+01
     vertex -4.648302e+02 -1.200000e+01  4.354252e+01
   endloop
 endfacet
 facet normal  6.881928e-01  0.000000e+00 -7.255279e-01
   outer loop
     vertex -3.864035e+02 -1.200000e+01  1.179335e+02
     vertex -3.864035e+02 -1.300000e+01  1.179335e+02
     vertex -4.648302e+02 -1.300000e+01  4.354252e+01
   endloop
 endfacet
 facet normal -6.819757e-01  0.000000e+00 -7.313748e-01
   outer loop
     vertex -4.648302e+02 -1.200000e+01  4.354252e+01
     vertex -5.331116e+02 -1.300000e+01  1.072119e+02
     vertex -5.331116e+02 -1.200000e+01  1.072119e+02
   endloop
 endfacet
 facet normal -6.819757e-01 -0.000000e+00 -7.313748e-01
   outer loop
     vertex -4.648302e+02 -1.200000e+01  4.354252e+01
     vertex -4.648302e+02 -1.300000e+01  4.354252e+01
     vertex -5.331116e+02 -1.300000e+01  1.072119e+02
   endloop
 endfacet
 facet normal -6.946325e-01  0.000000e+00  7.193648e-01
   outer loop
     vertex -5.331116e+02 -1.300000e+01  1.072119e+02
     vertex -4.226289e+02 -1.300000e+01  2.138962e+02
     vertex -4.226289e+02 -1.200000e+01  2.138962e+02
   endloop
 endfacet
 facet normal -6.946325e-01  0.000000e+00  7.193648e-01
   outer loop
     vertex -5.331116e+02 -1.300000e+01  1.072119e+02
     vertex -4.226289e+02 -1.200000e+01  2.138962e+02
     vertex -5.331116e+02 -1.200000e+01  1.072119e+02
   endloop
 endfacet
 facet normal -6.869896e-01  0.000000e+00 -7.266673e-01
   outer loop
     vertex -4.226289e+02 -1.300000e+01  2.138962e+02
     vertex -5.539180e+02 -1.300000e+01  3.380166e+02
     vertex -5.539180e+02 -1.200000e+01  3.380166e+02
   endloop
 endfacet
 facet normal -6.869896e-01 -0.000000e+00 -7.266673e-01
   outer loop
     vertex -4.226289e+02 -1.200000e+01  2.138962e+02
     vertex -4.226289e+02 -1.300000e+01  2.138962e+02
     vertex -5.539180e+02 -1.200000e+01  3.380166e+02
   endloop
 endfacet
 facet normal  6.330269e-01  0.000000e+00 -7.741298e-01
   outer loop
     vertex -5.539180e+02 -1.200000e+01  3.380166e+02
     vertex -5.765343e+02 -1.300000e+01  3.195226e+02
     vertex -5.765343e+02 -1.200000e+01  3.195226e+02
   endloop
 endfacet
 facet normal  6.330269e-01  0.000000e+00 -7.741298e-01
   outer loop
     vertex -5.539180e+02 -1.200000e+01  3.380166e+02
     vertex -5.539180e+02 -1.300000e+01  3.380166e+02
     vertex -5.765343e+02 -1.300000e+01  3.195226e+02
   endloop
 endfacet
 facet normal -6.807791e-01  0.000000e+00 -7.324887e-01
   outer loop
     vertex -5.765343e+02 -1.200000e+01  3.195226e+02
     vertex -6.438279e+02 -1.300000e+01  3.820656e+02
     vertex -6.438279e+02 -1.200000e+01  3.820656e+02
   endloop
 endfacet
 facet normal -6.807791e-01 -0.000000e+00 -7.324887e-01
   outer loop
     vertex -5.765343e+02 -1.200000e+01  3.195226e+02
     vertex -5.765343e+02 -1.300000e+01  3.195226e+02
     vertex -6.438279e+02 -1.300000e+01  3.820656e+02
   endloop
 endfacet
 facet normal -6.884173e-01  0.000000e+00  7.253148e-01
   outer loop
     vertex -6.438279e+02 -1.200000e+01  3.820656e+02
     vertex -4.892803e+02 -1.300000e+01  5.287513e+02
     vertex -4.892803e+02 -1.200000e+01  5.287513e+02
   endloop
 endfacet
 facet normal -6.884173e-01  0.000000e+00  7.253148e-01
   outer loop
     vertex -6.438279e+02 -1.300000e+01  3.820656e+02
     vertex -4.892803e+02 -1.300000e+01  5.287513e+02
     vertex -6.438279e+02 -1.200000e+01  3.820656e+02
   endloop
 endfacet
 facet normal  6.829173e-01  0.000000e+00  7.304957e-01
   outer loop
     vertex -4.892803e+02 -1.300000e+01  5.287513e+02
     vertex -4.235566e+02 -1.300000e+01  4.673083e+02
     vertex -4.235566e+02 -1.200000e+01  4.673083e+02
   endloop
 endfacet
 facet normal  6.829173e-01 -0.000000e+00  7.304957e-01
   outer loop
     vertex -4.892803e+02 -1.300000e+01  5.287513e+02
     vertex -4.235566e+02 -1.200000e+01  4.673083e+02
     vertex -4.892803e+02 -1.200000e+01  5.287513e+02
   endloop
 endfacet
 facet normal -0.000000e+00 -1.000000e+00  0.000000e+00
   outer loop
     vertex -5.539180e+02 -1.300000e+01  3.380166e+02
     vertex -6.438279e+02 -1.300000e+01  3.820656e+02
     vertex -5.765343e+02 -1.300000e+01  3.195226e+02
   endloop
 endfacet
 facet normal  0.000000e+00 -1.000000e+00  0.000000e+00
   outer loop
     vertex -5.539180e+02 -1.300000e+01  3.380166e+02
     vertex -4.892803e+02 -1.300000e+01  5.287513e+02
     vertex -6.438279e+02 -1.300000e+01  3.820656e+02
   endloop
 endfacet
 facet normal  0.000000e+00 -1.000000e+00  0.000000e+00
   outer loop
     vertex -4.430521e+02 -1.300000e+01  4.475369e+02
     vertex -4.235566e+02 -1.300000e+01  4.673083e+02
     vertex -4.892803e+02 -1.300000e+01  5.287513e+02
   endloop
 endfacet
 facet normal -0.000000e+00 -1.000000e+00  0.000000e+00
   outer loop
     vertex -4.430521e+02 -1.300000e+01  4.475369e+02
     vertex -4.892803e+02 -1.300000e+01  5.287513e+02
     vertex -5.539180e+02 -1.300000e+01  3.380166e+02
   endloop
 endfacet
 facet normal  0.000000e+00 -1.000000e+00  0.000000e+00
   outer loop
     vertex -4.226289e+02 -1.300000e+01  2.138962e+02
     vertex -4.430521e+02 -1.300000e+01  4.475369e+02
     vertex -5.539180e+02 -1.300000e+01  3.380166e+02
   endloop
 endfacet
 facet normal -0.000000e+00 -1.000000e+00  0.000000e+00
   outer loop
     vertex -3.054103e+02 -1.300000e+01  3.185888e+02
     vertex -4.430521e+02 -1.300000e+01  4.475369e+02
     vertex -4.226289e+02 -1.300000e+01  2.138962e+02
   endloop
 endfacet
 facet normal  0.000000e+00 -1.000000e+00  0.000000e+00
   outer loop
     vertex -3.864035e+02 -1.300000e+01  1.179335e+02
     vertex -5.331116e+02 -1.300000e+01  1.072119e+02
     vertex -4.648302e+02 -1.300000e+01  4.354252e+01
   endloop
 endfacet
 facet normal -0.000000e+00 -1.000000e+00  0.000000e+00
   outer loop
     vertex -3.864035e+02 -1.300000e+01  1.179335e+02
     vertex -4.226289e+02 -1.300000e+01  2.138962e+02
     vertex -5.331116e+02 -1.300000e+01  1.072119e+02
   endloop
 endfacet
 facet normal  0.000000e+00 -1.000000e+00  0.000000e+00
   outer loop
     vertex -3.864035e+02 -1.300000e+01  1.179335e+02
     vertex -3.054103e+02 -1.300000e+01  3.185888e+02
     vertex -4.226289e+02 -1.300000e+01  2.138962e+02
   endloop
 endfacet
 facet normal  0.000000e+00 -1.000000e+00  0.000000e+00
   outer loop
     vertex -2.020024e+02 -1.300000e+01  2.855336e+02
     vertex -1.943392e+02 -1.300000e+01  4.222362e+02
     vertex -3.054103e+02 -1.300000e+01  3.185888e+02
   endloop
 endfacet
 facet normal -0.000000e+00 -1.000000e+00  0.000000e+00
   outer loop
     vertex -2.020024e+02 -1.300000e+01  2.855336e+02
     vertex -3.054103e+02 -1.300000e+01  3.185888e+02
     vertex -3.864035e+02 -1.300000e+01  1.179335e+02
   endloop
 endfacet
 facet normal -0.000000e+00 -1.000000e+00  0.000000e+00
   outer loop
     vertex -1.252483e+02 -1.300000e+01  3.571901e+02
     vertex -1.943392e+02 -1.300000e+01  4.222362e+02
     vertex -2.020024e+02 -1.300000e+01  2.855336e+02
   endloop
 endfacet
 facet normal  0.000000e+00 -1.000000e+00  0.000000e+00
   outer loop
     vertex  2.518780e+02 -1.300000e+01 -4.830082e+02
     vertex -2.020024e+02 -1.300000e+01  2.855336e+02
     vertex -3.864035e+02 -1.300000e+01  1.179335e+02
   endloop
 endfacet
 facet normal -0.000000e+00 -1.000000e+00  0.000000e+00
   outer loop
     vertex  4.363084e+02 -1.300000e+01 -3.107841e+02
     vertex -2.020024e+02 -1.300000e+01  2.855336e+02
     vertex  2.518780e+02 -1.300000e+01 -4.830082e+02
   endloop
 endfacet
 facet normal  0.000000e+00 -1.000000e+00  0.000000e+00
   outer loop
     vertex  4.573291e+02 -1.300000e+01 -5.023940e+02
     vertex  4.363084e+02 -1.300000e+01 -3.107841e+02
     vertex  2.518780e+02 -1.300000e+01 -4.830082e+02
   endloop
 endfacet
 facet normal -6.888106e-01  0.000000e+00  7.249414e-01
   outer loop
     vertex -4.981554e+02 -1.200000e+01 -3.118436e+02
     vertex -2.346082e+02 -1.300000e+01 -6.143146e+01
     vertex -2.346082e+02 -1.200000e+01 -6.143146e+01
   endloop
 endfacet
 facet normal -6.888106e-01  0.000000e+00  7.249414e-01
   outer loop
     vertex -4.981554e+02 -1.300000e+01 -3.118436e+02
     vertex -2.346082e+02 -1.300000e+01 -6.143146e+01
     vertex -4.981554e+02 -1.200000e+01 -3.118436e+02
   endloop
 endfacet
 facet normal  6.847436e-01  0.000000e+00  7.287841e-01
   outer loop
     vertex -2.346082e+02 -1.300000e+01 -6.143146e+01
     vertex -5.318699e+01 -1.300000e+01 -2.318893e+02
     vertex -5.318699e+01 -1.200000e+01 -2.318893e+02
   endloop
 endfacet
 facet normal  6.847436e-01 -0.000000e+00  7.287841e-01
   outer loop
     vertex -2.346082e+02 -1.300000e+01 -6.143146e+01
     vertex -5.318699e+01 -1.200000e+01 -2.318893e+02
     vertex -2.346082e+02 -1.200000e+01 -6.143146e+01
   endloop
 endfacet
 facet normal  6.938002e-01  0.000000e+00 -7.201676e-01
   outer loop
     vertex -5.318699e+01 -1.200000e+01 -2.318893e+02
     vertex -3.149566e+02 -1.300000e+01 -4.840748e+02
     vertex -3.149566e+02 -1.200000e+01 -4.840748e+02
   endloop
 endfacet
 facet normal  6.938002e-01  0.000000e+00 -7.201676e-01
   outer loop
     vertex -5.318699e+01 -1.200000e+01 -2.318893e+02
     vertex -5.318699e+01 -1.300000e+01 -2.318893e+02
     vertex -3.149566e+02 -1.300000e+01 -4.840748e+02
   endloop
 endfacet
 facet normal  8.626360e-02  0.000000e+00 -9.962723e-01
   outer loop
     vertex -3.149566e+02 -1.200000e+01 -4.840748e+02
     vertex -5.218085e+02 -1.300000e+01 -5.019854e+02
     vertex -5.218085e+02 -1.200000e+01 -5.019854e+02
   endloop
 endfacet
 facet normal  8.626360e-02  0.000000e+00 -9.962723e-01
   outer loop
     vertex -3.149566e+02 -1.200000e+01 -4.840748e+02
     vertex -3.149566e+02 -1.300000e+01 -4.840748e+02
     vertex -5.218085e+02 -1.300000e+01 -5.019854e+02
   endloop
 endfacet
 facet normal -9.923513e-01  0.000000e+00  1.234455e-01
   outer loop
     vertex -5.218085e+02 -1.200000e+01 -5.019854e+02
     vertex -4.981554e+02 -1.300000e+01 -3.118436e+02
     vertex -4.981554e+02 -1.200000e+01 -3.118436e+02
   endloop
 endfacet
 facet normal -9.923513e-01  0.000000e+00  1.234455e-01
   outer loop
     vertex -5.218085e+02 -1.200000e+01 -5.019854e+02
     vertex -5.218085e+02 -1.300000e+01 -5.019854e+02
     vertex -4.981554e+02 -1.300000e+01 -3.118436e+02
   endloop
 endfacet
 facet normal  0.000000e+00 -1.000000e+00  0.000000e+00
   outer loop
     vertex -3.149566e+02 -1.300000e+01 -4.840748e+02
     vertex -2.346082e+02 -1.300000e+01 -6.143146e+01
     vertex -4.981554e+02 -1.300000e+01 -3.118436e+02
   endloop
 endfacet
 facet normal -0.000000e+00 -1.000000e+00  0.000000e+00
   outer loop
     vertex -3.149566e+02 -1.300000e+01 -4.840748e+02
     vertex -4.981554e+02 -1.300000e+01 -3.118436e+02
     vertex -5.218085e+02 -1.300000e+01 -5.019854e+02
   endloop
 endfacet
 facet normal -0.000000e+00 -1.000000e+00  0.000000e+00
   outer loop
     vertex -5.318699e+01 -1.300000e+01 -2.318893e+02
     vertex -2.346082e+02 -1.300000e+01 -6.143146e+01
     vertex -3.149566e+02 -1.300000e+01 -4.840748e+02
   endloop
 endfacet
 facet normal -6.941362e-01  0.000000e+00  7.198437e-01
   outer loop
     vertex -6.642547e+00 -1.200000e+01  1.462295e+02
     vertex  1.366573e+02 -1.300000e+01  2.844118e+02
     vertex  1.366573e+02 -1.200000e+01  2.844118e+02
   endloop
 endfacet
 facet normal -6.941362e-01  0.000000e+00  7.198437e-01
   outer loop
     vertex -6.642547e+00 -1.300000e+01  1.462295e+02
     vertex  1.366573e+02 -1.300000e+01  2.844118e+02
     vertex -6.642547e+00 -1.200000e+01  1.462295e+02
   endloop
 endfacet
 facet normal -6.819622e-01  0.000000e+00 -7.313874e-01
   outer loop
     vertex  1.366573e+02 -1.200000e+01  2.844118e+02
     vertex  5.994173e+01 -1.300000e+01  3.559432e+02
     vertex  5.994173e+01 -1.200000e+01  3.559432e+02
   endloop
 endfacet
 facet normal -6.819622e-01 -0.000000e+00 -7.313874e-01
   outer loop
     vertex  1.366573e+02 -1.200000e+01  2.844118e+02
     vertex  1.366573e+02 -1.300000e+01  2.844118e+02
     vertex  5.994173e+01 -1.300000e+01  3.559432e+02
   endloop
 endfacet
 facet normal -6.893111e-01  0.000000e+00  7.244655e-01
   outer loop
     vertex  5.994173e+01 -1.200000e+01  3.559432e+02
     vertex  1.294834e+02 -1.300000e+01  4.221103e+02
     vertex  1.294834e+02 -1.200000e+01  4.221103e+02
   endloop
 endfacet
 facet normal -6.893111e-01  0.000000e+00  7.244655e-01
   outer loop
     vertex  5.994173e+01 -1.300000e+01  3.559432e+02
     vertex  1.294834e+02 -1.300000e+01  4.221103e+02
     vertex  5.994173e+01 -1.200000e+01  3.559432e+02
   endloop
 endfacet
 facet normal  6.803572e-01  0.000000e+00  7.328807e-01
   outer loop
     vertex  1.294834e+02 -1.300000e+01  4.221103e+02
     vertex  2.430667e+02 -1.300000e+01  3.166672e+02
     vertex  2.430667e+02 -1.200000e+01  3.166672e+02
   endloop
 endfacet
 facet normal  6.803572e-01 -0.000000e+00  7.328807e-01
   outer loop
     vertex  1.294834e+02 -1.300000e+01  4.221103e+02
     vertex  2.430667e+02 -1.200000e+01  3.166672e+02
     vertex  1.294834e+02 -1.200000e+01  4.221103e+02
   endloop
 endfacet
 facet normal -6.871407e-01  0.000000e+00  7.265244e-01
   outer loop
     vertex  2.430667e+02 -1.300000e+01  3.166672e+02
     vertex  3.811772e+02 -1.300000e+01  4.472910e+02
     vertex  3.811772e+02 -1.200000e+01  4.472910e+02
   endloop
 endfacet
 facet normal -6.871407e-01  0.000000e+00  7.265244e-01
   outer loop
     vertex  2.430667e+02 -1.300000e+01  3.166672e+02
     vertex  3.811772e+02 -1.200000e+01  4.472910e+02
     vertex  2.430667e+02 -1.200000e+01  3.166672e+02
   endloop
 endfacet
 facet normal -6.695641e-01  0.000000e+00 -7.427543e-01
   outer loop
     vertex  3.811772e+02 -1.300000e+01  4.472910e+02
     vertex  3.610980e+02 -1.300000e+01  4.653916e+02
     vertex  3.610980e+02 -1.200000e+01  4.653916e+02
   endloop
 endfacet
 facet normal -6.695641e-01 -0.000000e+00 -7.427543e-01
   outer loop
     vertex  3.811772e+02 -1.200000e+01  4.472910e+02
     vertex  3.811772e+02 -1.300000e+01  4.472910e+02
     vertex  3.610980e+02 -1.200000e+01  4.653916e+02
   endloop
 endfacet
 facet normal -6.892138e-01  0.000000e+00  7.245581e-01
   outer loop
     vertex  3.610980e+02 -1.200000e+01  4.653916e+02
     vertex  4.291638e+02 -1.300000e+01  5.301371e+02
     vertex  4.291638e+02 -1.200000e+01  5.301371e+02
   endloop
 endfacet
 facet normal -6.892138e-01  0.000000e+00  7.245581e-01
   outer loop
     vertex  3.610980e+02 -1.300000e+01  4.653916e+02
     vertex  4.291638e+02 -1.300000e+01  5.301371e+02
     vertex  3.610980e+02 -1.200000e+01  4.653916e+02
   endloop
 endfacet
 facet normal  6.829929e-01  0.000000e+00  7.304250e-01
   outer loop
     vertex  4.291638e+02 -1.200000e+01  5.301371e+02
     vertex  5.853445e+02 -1.300000e+01  3.840985e+02
     vertex  5.853445e+02 -1.200000e+01  3.840985e+02
   endloop
 endfacet
 facet normal  6.829929e-01 -0.000000e+00  7.304250e-01
   outer loop
     vertex  4.291638e+02 -1.300000e+01  5.301371e+02
     vertex  5.853445e+02 -1.300000e+01  3.840985e+02
     vertex  4.291638e+02 -1.200000e+01  5.301371e+02
   endloop
 endfacet
 facet normal  6.832724e-01  0.000000e+00 -7.301636e-01
   outer loop
     vertex  5.853445e+02 -1.200000e+01  3.840985e+02
     vertex  5.146588e+02 -1.300000e+01  3.179522e+02
     vertex  5.146588e+02 -1.200000e+01  3.179522e+02
   endloop
 endfacet
 facet normal  6.832724e-01  0.000000e+00 -7.301636e-01
   outer loop
     vertex  5.853445e+02 -1.200000e+01  3.840985e+02
     vertex  5.853445e+02 -1.300000e+01  3.840985e+02
     vertex  5.146588e+02 -1.300000e+01  3.179522e+02
   endloop
 endfacet
 facet normal -6.706472e-01  0.000000e+00 -7.417765e-01
   outer loop
     vertex  5.146588e+02 -1.200000e+01  3.179522e+02
     vertex  4.909888e+02 -1.300000e+01  3.393525e+02
     vertex  4.909888e+02 -1.200000e+01  3.393525e+02
   endloop
 endfacet
 facet normal -6.706472e-01 -0.000000e+00 -7.417765e-01
   outer loop
     vertex  5.146588e+02 -1.200000e+01  3.179522e+02
     vertex  5.146588e+02 -1.300000e+01  3.179522e+02
     vertex  4.909888e+02 -1.300000e+01  3.393525e+02
   endloop
 endfacet
 facet normal  6.975529e-01  0.000000e+00 -7.165333e-01
   outer loop
     vertex  4.909888e+02 -1.200000e+01  3.393525e+02
     vertex  3.613482e+02 -1.300000e+01  2.131459e+02
     vertex  3.613482e+02 -1.200000e+01  2.131459e+02
   endloop
 endfacet
 facet normal  6.975529e-01  0.000000e+00 -7.165333e-01
   outer loop
     vertex  4.909888e+02 -1.200000e+01  3.393525e+02
     vertex  4.909888e+02 -1.300000e+01  3.393525e+02
     vertex  3.613482e+02 -1.300000e+01  2.131459e+02
   endloop
 endfacet
 facet normal  6.779070e-01  0.000000e+00  7.351477e-01
   outer loop
     vertex  3.613482e+02 -1.300000e+01  2.131459e+02
     vertex  4.718853e+02 -1.300000e+01  1.112155e+02
     vertex  4.718853e+02 -1.200000e+01  1.112155e+02
   endloop
 endfacet
 facet normal  6.779070e-01 -0.000000e+00  7.351477e-01
   outer loop
     vertex  3.613482e+02 -1.300000e+01  2.131459e+02
     vertex  4.718853e+02 -1.200000e+01  1.112155e+02
     vertex  3.613482e+02 -1.200000e+01  2.131459e+02
   endloop
 endfacet
 facet normal  6.820845e-01  0.000000e+00 -7.312733e-01
   outer loop
     vertex  4.718853e+02 -1.300000e+01  1.112155e+02
     vertex  3.995784e+02 -1.300000e+01  4.377231e+01
     vertex  3.995784e+02 -1.200000e+01  4.377231e+01
   endloop
 endfacet
 facet normal  6.820845e-01  0.000000e+00 -7.312733e-01
   outer loop
     vertex  4.718853e+02 -1.200000e+01  1.112155e+02
     vertex  4.718853e+02 -1.300000e+01  1.112155e+02
     vertex  3.995784e+02 -1.200000e+01  4.377231e+01
   endloop
 endfacet
 facet normal -6.985377e-01  0.000000e+00 -7.155732e-01
   outer loop
     vertex  3.995784e+02 -1.300000e+01  4.377231e+01
     vertex  3.212542e+02 -1.300000e+01  1.202318e+02
     vertex  3.212542e+02 -1.200000e+01  1.202318e+02
   endloop
 endfacet
 facet normal -6.985377e-01 -0.000000e+00 -7.155732e-01
   outer loop
     vertex  3.995784e+02 -1.200000e+01  4.377231e+01
     vertex  3.995784e+02 -1.300000e+01  4.377231e+01
     vertex  3.212542e+02 -1.200000e+01  1.202318e+02
   endloop
 endfacet
 facet normal  6.922678e-01  0.000000e+00 -7.216407e-01
   outer loop
     vertex  3.212542e+02 -1.300000e+01  1.202318e+02
     vertex  1.717856e+02 -1.300000e+01 -2.315296e+01
     vertex  1.717856e+02 -1.200000e+01 -2.315296e+01
   endloop
 endfacet
 facet normal  6.922678e-01  0.000000e+00 -7.216407e-01
   outer loop
     vertex  3.212542e+02 -1.200000e+01  1.202318e+02
     vertex  3.212542e+02 -1.300000e+01  1.202318e+02
     vertex  1.717856e+02 -1.200000e+01 -2.315296e+01
   endloop
 endfacet
 facet normal -6.884839e-01  0.000000e+00 -7.252517e-01
   outer loop
     vertex  1.717856e+02 -1.200000e+01 -2.315296e+01
     vertex -6.642547e+00 -1.300000e+01  1.462295e+02
     vertex -6.642547e+00 -1.200000e+01  1.462295e+02
   endloop
 endfacet
 facet normal -6.884839e-01 -0.000000e+00 -7.252517e-01
   outer loop
     vertex  1.717856e+02 -1.200000e+01 -2.315296e+01
     vertex  1.717856e+02 -1.300000e+01 -2.315296e+01
     vertex -6.642547e+00 -1.300000e+01  1.462295e+02
   endloop
 endfacet
 facet normal  0.000000e+00 -1.000000e+00  0.000000e+00
   outer loop
     vertex  1.366573e+02 -1.300000e+01  2.844118e+02
     vertex  1.294834e+02 -1.300000e+01  4.221103e+02
     vertex  5.994173e+01 -1.300000e+01  3.559432e+02
   endloop
 endfacet
 facet normal -0.000000e+00 -1.000000e+00  0.000000e+00
   outer loop
     vertex  2.430667e+02 -1.300000e+01  3.166672e+02
     vertex  1.294834e+02 -1.300000e+01  4.221103e+02
     vertex  1.366573e+02 -1.300000e+01  2.844118e+02
   endloop
 endfacet
 facet normal  0.000000e+00 -1.000000e+00  0.000000e+00
   outer loop
     vertex  3.811772e+02 -1.300000e+01  4.472910e+02
     vertex  4.291638e+02 -1.300000e+01  5.301371e+02
     vertex  3.610980e+02 -1.300000e+01  4.653916e+02
   endloop
 endfacet
 facet normal  0.000000e+00 -1.000000e+00  0.000000e+00
   outer loop
     vertex  3.613482e+02 -1.300000e+01  2.131459e+02
     vertex  3.811772e+02 -1.300000e+01  4.472910e+02
     vertex  2.430667e+02 -1.300000e+01  3.166672e+02
   endloop
 endfacet
 facet normal  0.000000e+00 -1.000000e+00  0.000000e+00
   outer loop
     vertex  4.909888e+02 -1.300000e+01  3.393525e+02
     vertex  4.291638e+02 -1.300000e+01  5.301371e+02
     vertex  3.811772e+02 -1.300000e+01  4.472910e+02
   endloop
 endfacet
 facet normal -0.000000e+00 -1.000000e+00  0.000000e+00
   outer loop
     vertex  4.909888e+02 -1.300000e+01  3.393525e+02
     vertex  3.811772e+02 -1.300000e+01  4.472910e+02
     vertex  3.613482e+02 -1.300000e+01  2.131459e+02
   endloop
 endfacet
 facet normal  0.000000e+00 -1.000000e+00  0.000000e+00
   outer loop
     vertex  1.717856e+02 -1.300000e+01 -2.315296e+01
     vertex  1.366573e+02 -1.300000e+01  2.844118e+02
     vertex -6.642547e+00 -1.300000e+01  1.462295e+02
   endloop
 endfacet
 facet normal  0.000000e+00 -1.000000e+00  0.000000e+00
   outer loop
     vertex  3.212542e+02 -1.300000e+01  1.202318e+02
     vertex  2.430667e+02 -1.300000e+01  3.166672e+02
     vertex  1.366573e+02 -1.300000e+01  2.844118e+02
   endloop
 endfacet
 facet normal  0.000000e+00 -1.000000e+00  0.000000e+00
   outer loop
     vertex  3.212542e+02 -1.300000e+01  1.202318e+02
     vertex  3.613482e+02 -1.300000e+01  2.131459e+02
     vertex  2.430667e+02 -1.300000e+01  3.166672e+02
   endloop
 endfacet
 facet normal -0.000000e+00 -1.000000e+00  0.000000e+00
   outer loop
     vertex  3.212542e+02 -1.300000e+01  1.202318e+02
     vertex  1.366573e+02 -1.300000e+01  2.844118e+02
     vertex  1.717856e+02 -1.300000e+01 -2.315296e+01
   endloop
 endfacet
 facet normal  0.000000e+00 -1.000000e+00  0.000000e+00
   outer loop
     vertex  5.853445e+02 -1.300000e+01  3.840985e+02
     vertex  4.909888e+02 -1.300000e+01  3.393525e+02
     vertex  5.146588e+02 -1.300000e+01  3.179522e+02
   endloop
 endfacet
 facet normal -0.000000e+00 -1.000000e+00  0.000000e+00
   outer loop
     vertex  5.853445e+02 -1.300000e+01  3.840985e+02
     vertex  4.291638e+02 -1.300000e+01  5.301371e+02
     vertex  4.909888e+02 -1.300000e+01  3.393525e+02
   endloop
 endfacet
 facet normal -0.000000e+00 -1.000000e+00  0.000000e+00
   outer loop
     vertex  4.718853e+02 -1.300000e+01  1.112155e+02
     vertex  3.212542e+02 -1.300000e+01  1.202318e+02
     vertex  3.995784e+02 -1.300000e+01  4.377231e+01
   endloop
 endfacet
 facet normal  0.000000e+00 -1.000000e+00  0.000000e+00
   outer loop
     vertex  4.718853e+02 -1.300000e+01  1.112155e+02
     vertex  3.613482e+02 -1.300000e+01  2.131459e+02
     vertex  3.212542e+02 -1.300000e+01  1.202318e+02
   endloop
 endfacet
 facet normal  0.000000e+00 -0.000000e+00  1.000000e+00
   outer loop
     vertex  1.500000e+03 -2.000000e+02 -4.000000e+03
     vertex  1.500000e+03  0.000000e+00 -4.000000e+03
     vertex -6.000000e+03  0.000000e+00 -4.000000e+03
   endloop
 endfacet
 facet normal  0.000000e+00  0.000000e+00  1.000000e+00
   outer loop
     vertex  1.500000e+03 -2.000000e+02 -4.000000e+03
     vertex -6.000000e+03  0.000000e+00 -4.000000e+03
     vertex -6.000000e+03 -4.000000e+02 -4.000000e+03
   endloop
 endfacet
 facet normal  0.000000e+00 -0.000000e+00  1.000000e+00
   outer loop
     vertex  4.500000e+03 -3.000000e+00 -4.000000e+03
     vertex  4.500000e+03  0.000000e+00 -4.000000e+03
     vertex  3.500000e+03  0.000000e+00 -4.000000e+03
   endloop
 endfacet
 facet normal  0.000000e+00  0.000000e+00  1.000000e+00
   outer loop
     vertex  4.500000e+03 -3.000000e+00 -4.000000e+03
     vertex  3.500000e+03  0.000000e+00 -4.000000e+03
     vertex  3.500000e+03 -2.000000e+02 -4.000000e+03
   endloop
 endfacet
 facet normal  0.000000e+00 -0.000000e+00  1.000000e+00
   outer loop
     vertex  6.000000e+03 -4.000000e+02 -4.000000e+03
     vertex  6.000000e+03 -3.000000e+00 -4.000000e+03
     vertex  4.500000e+03 -3.000000e+00 -4.000000e+03
   endloop
 endfacet
 facet normal  0.000000e+00  0.000000e+00  1.000000e+00
   outer loop
     vertex  6.000000e+03 -4.000000e+02 -4.000000e+03
     vertex  4.500000e+03 -3.000000e+00 -4.000000e+03
     vertex  3.500000e+03 -2.000000e+02 -4.000000e+03
   endloop
 endfacet
 facet normal  0.000000e+00  0.000000e+00  1.000000e+00
   outer loop
     vertex -6.000000e+03 -4.000000e+02 -4.000000e+03
     vertex  6.000000e+03 -4.000000e+02 -4.000000e+03
     vertex  3.500000e+03 -2.000000e+02 -4.000000e+03
   endloop
 endfacet
 facet normal  0.000000e+00  0.000000e+00  1.000000e+00
   outer loop
     vertex -6.000000e+03 -4.000000e+02 -4.000000e+03
     vertex  3.500000e+03 -2.000000e+02 -4.000000e+03
     vertex  1.500000e+03 -2.000000e+02 -4.000000e+03
   endloop
 endfacet
 facet normal  1.000000e+00 -0.000000e+00  0.000000e+00
   outer loop
     vertex  3.500000e+03 -2.000000e+02  2.500000e+03
     vertex  3.500000e+03  0.000000e+00 -4.000000e+03
     vertex  3.500000e+03  0.000000e+00  2.500000e+03
   endloop
 endfacet
 facet normal  1.000000e+00  0.000000e+00  0.000000e+00
   outer loop
     vertex  3.500000e+03 -2.000000e+02  2.500000e+03
     vertex  3.500000e+03 -2.000000e+02 -4.000000e+03
     vertex  3.500000e+03  0.000000e+00 -4.000000e+03
   endloop
 endfacet
 facet normal  0.000000e+00 -1.000000e+00  0.000000e+00
   outer loop
     vertex  1.650000e+03 -2.000000e+02  1.000000e+02
     vertex  1.500000e+03 -2.000000e+02  2.500000e+03
     vertex  1.500000e+03 -2.000000e+02  1.000000e+02
   endloop
 endfacet
 facet normal  0.000000e+00 -1.000000e+00  0.000000e+00
   outer loop
     vertex  1.650000e+03 -2.000000e+02  1.000000e+02
     vertex  3.500000e+03 -2.000000e+02  2.500000e+03
     vertex  1.500000e+03 -2.000000e+02  2.500000e+03
   endloop
 endfacet
 facet normal  0.000000e+00 -1.000000e+00  0.000000e+00
   outer loop
     vertex  1.500000e+03 -2.000000e+02 -4.000000e+03
     vertex  1.650000e+03 -2.000000e+02 -1.700000e+03
     vertex  1.500000e+03 -2.000000e+02 -1.700000e+03
   endloop
 endfacet
 facet normal  0.000000e+00 -1.000000e+00  0.000000e+00
   outer loop
     vertex  3.500000e+03 -2.000000e+02 -4.000000e+03
     vertex  1.650000e+03 -2.000000e+02  1.000000e+02
     vertex  1.650000e+03 -2.000000e+02 -1.700000e+03
   endloop
 endfacet
 facet normal  0.000000e+00 -1.000000e+00  0.000000e+00
   outer loop
     vertex  3.500000e+03 -2.000000e+02 -4.000000e+03
     vertex  3.500000e+03 -2.000000e+02  2.500000e+03
     vertex  1.650000e+03 -2.000000e+02  1.000000e+02
   endloop
 endfacet
 facet normal  0.000000e+00 -1.000000e+00  0.000000e+00
   outer loop
     vertex  3.500000e+03 -2.000000e+02 -4.000000e+03
     vertex  1.650000e+03 -2.000000e+02 -1.700000e+03
     vertex  1.500000e+03 -2.000000e+02 -4.000000e+03
   endloop
 endfacet
 facet normal -0.000000e+00  0.000000e+00 -1.000000e+00
   outer loop
     vertex  1.650000e+03 -2.000000e+02 -1.700000e+03
     vertex  1.500000e+03 -4.000000e+02 -1.700000e+03
     vertex  1.500000e+03 -2.000000e+02 -1.700000e+03
   endloop
 endfacet
 facet normal  0.000000e+00 -0.000000e+00 -1.000000e+00
   outer loop
     vertex  1.650000e+03 -2.000000e+02 -1.700000e+03
     vertex  1.650000e+03 -4.000000e+02 -1.700000e+03
     vertex  1.500000e+03 -4.000000e+02 -1.700000e+03
   endloop
 endfacet
 facet normal  0.000000e+00 -1.000000e+00  0.000000e+00
   outer loop
     vertex  1.500000e+03 -4.000000e+02 -1.700000e+03
     vertex  1.650000e+03 -4.000000e+02  1.000000e+02
     vertex  1.500000e+03 -4.000000e+02  1.000000e+02
   endloop
 endfacet
 facet normal  0.000000e+00 -1.000000e+00  0.000000e+00
   outer loop
     vertex  1.650000e+03 -4.000000e+02 -1.700000e+03
     vertex  1.650000e+03 -4.000000e+02  1.000000e+02
     vertex  1.500000e+03 -4.000000e+02 -1.700000e+03
   endloop
 endfacet
 facet normal  0.000000e+00  0.000000e+00  1.000000e+00
   outer loop
     vertex  1.500000e+03 -4.000000e+02  1.000000e+02
     vertex  1.650000e+03 -4.000000e+02  1.000000e+02
     vertex  1.650000e+03 -2.000000e+02  1.000000e+02
   endloop
 endfacet
 facet normal  0.000000e+00  0.000000e+00  1.000000e+00
   outer loop
     vertex  1.500000e+03 -4.000000e+02  1.000000e+02
     vertex  1.650000e+03 -2.000000e+02  1.000000e+02
     vertex  1.500000e+03 -2.000000e+02  1.000000e+02
   endloop
 endfacet
 facet normal  1.000000e+00  0.000000e+00  0.000000e+00
   outer loop
     vertex  1.650000e+03 -4.000000e+02  1.000000e+02
     vertex  1.650000e+03 -4.000000e+02 -1.700000e+03
     vertex  1.650000e+03 -2.000000e+02 -1.700000e+03
   endloop
 endfacet
 facet normal  1.000000e+00 -0.000000e+00  0.000000e+00
   outer loop
     vertex  1.650000e+03 -4.000000e+02  1.000000e+02
     vertex  1.650000e+03 -2.000000e+02 -1.700000e+03
     vertex  1.650000e+03 -2.000000e+02  1.000000e+02
   endloop
 endfacet
 facet normal  0.000000e+00  0.000000e+00  1.000000e+00
   outer loop
     vertex  1.500000e+03 -2.000000e+02  2.500000e+03
     vertex  3.500000e+03 -2.000000e+02  2.500000e+03
     vertex  3.500000e+03  0.000000e+00  2.500000e+03
   endloop
 endfacet
 facet normal  0.000000e+00  0.000000e+00  1.000000e+00
   outer loop
     vertex  1.500000e+03 -2.000000e+02  2.500000e+03
     vertex  3.500000e+03  0.000000e+00  2.500000e+03
     vertex  1.500000e+03  0.000000e+00  2.500000e+03
   endloop
 endfacet
 facet normal -1.000000e+00  0.000000e+00  0.000000e+00
   outer loop
     vertex  4.500000e+03 -3.000000e+00 -2.000000e+03
     vertex  4.500000e+03  0.000000e+00 -4.000000e+03
     vertex  4.500000e+03 -3.000000e+00 -4.000000e+03
   endloop
 endfacet
 facet normal -1.000000e+00 -0.000000e+00 -0.000000e+00
   outer loop
     vertex  4.500000e+03  0.000000e+00 -2.000000e+03
     vertex  4.500000e+03  0.000000e+00 -4.000000e+03
     vertex  4.500000e+03 -3.000000e+00 -2.000000e+03
   endloop
 endfacet
 facet normal  0.000000e+00 -0.000000e+00  1.000000e+00
   outer loop
     vertex  6.000000e+03 -3.000000e+00 -2.000000e+03
     vertex  6.000000e+03  0.000000e+00 -2.000000e+03
     vertex  4.500000e+03  0.000000e+00 -2.000000e+03
   endloop
 endfacet
 facet normal  0.000000e+00  0.000000e+00  1.000000e+00
   outer loop
     vertex  6.000000e+03 -3.000000e+00 -2.000000e+03
     vertex  4.500000e+03  0.000000e+00 -2.000000e+03
     vertex  4.500000e+03 -3.000000e+00 -2.000000e+03
   endloop
 endfacet
 facet normal -1.000000e+00  0.000000e+00  0.000000e+00
   outer loop
     vertex  6.000000e+03 -3.000000e+00 -2.000000e+03
     vertex  6.000000e+03  0.000000e+00  4.000000e+03
     vertex  6.000000e+03  0.000000e+00 -2.000000e+03
   endloop
 endfacet
 facet normal -1.000000e+00  0.000000e+00  0.000000e+00
   outer loop
     vertex  6.000000e+03 -3.000000e+00 -2.000000e+03
     vertex  6.000000e+03 -4.000000e+02  4.000000e+03
     vertex  6.000000e+03  0.000000e+00  4.000000e+03
   endloop
 endfacet
 facet normal -1.000000e+00  0.000000e+00  0.000000e+00
   outer loop
     vertex  6.000000e+03 -4.000000e+02 -4.000000e+03
     vertex  6.000000e+03 -3.000000e+00 -2.000000e+03
     vertex  6.000000e+03 -3.000000e+00 -4.000000e+03
   endloop
 endfacet
 facet normal -1.000000e+00  0.000000e+00  0.000000e+00
   outer loop
     vertex  6.000000e+03 -4.000000e+02  4.000000e+03
     vertex  6.000000e+03 -3.000000e+00 -2.000000e+03
     vertex  6.000000e+03 -4.000000e+02 -4.000000e+03
   endloop
 endfacet
 facet normal -0.000000e+00 -1.000000e+00  0.000000e+00
   outer loop
     vertex  5.020370e+03 -3.000000e+00 -3.329838e+03
     vertex  4.945241e+03 -3.000000e+00 -3.313141e+03
     vertex  4.500000e+03 -3.000000e+00 -4.000000e+03
   endloop
 endfacet
 facet normal  0.000000e+00 -1.000000e+00 -0.000000e+00
   outer loop
     vertex  4.936890e+03 -3.000000e+00 -3.237980e+03
     vertex  4.500000e+03 -3.000000e+00 -4.000000e+03
     vertex  4.945241e+03 -3.000000e+00 -3.313141e+03
   endloop
 endfacet
 facet normal  0.000000e+00 -1.000000e+00  0.000000e+00
   outer loop
     vertex  6.000000e+03 -3.000000e+00 -4.000000e+03
     vertex  5.020370e+03 -3.000000e+00 -3.329838e+03
     vertex  4.500000e+03 -3.000000e+00 -4.000000e+03
   endloop
 endfacet
 facet normal -0.000000e+00 -1.000000e+00  0.000000e+00
   outer loop
     vertex  5.137262e+03 -3.000000e+00 -3.062630e+03
     vertex  4.986970e+03 -3.000000e+00 -2.920670e+03
     vertex  4.936890e+03 -3.000000e+00 -3.237980e+03
   endloop
 endfacet
 facet normal  0.000000e+00 -1.000000e+00 -0.000000e+00
   outer loop
     vertex  5.212420e+03 -3.000000e+00 -3.087683e+03
     vertex  5.187367e+03 -3.000000e+00 -3.112736e+03
     vertex  5.212420e+03 -3.000000e+00 -3.137788e+03
   endloop
 endfacet
 facet normal -0.000000e+00 -1.000000e+00  0.000000e+00
   outer loop
     vertex  5.187367e+03 -3.000000e+00 -3.062630e+03
     vertex  5.137262e+03 -3.000000e+00 -3.062630e+03
     vertex  5.162314e+03 -3.000000e+00 -3.087683e+03
   endloop
 endfacet
 facet normal -0.000000e+00 -1.000000e+00  0.000000e+00
   outer loop
     vertex  5.153970e+03 -3.000000e+00 -2.979120e+03
     vertex  4.986970e+03 -3.000000e+00 -2.920670e+03
     vertex  5.137262e+03 -3.000000e+00 -3.062630e+03
   endloop
 endfacet
 facet normal  0.000000e+00 -1.000000e+00 -0.000000e+00
   outer loop
     vertex  5.153970e+03 -3.000000e+00 -2.979120e+03
     vertex  5.137262e+03 -3.000000e+00 -3.062630e+03
     vertex  5.187367e+03 -3.000000e+00 -3.062630e+03
   endloop
 endfacet
 facet normal -0.000000e+00 -1.000000e+00  0.000000e+00
   outer loop
     vertex  5.479606e+03 -3.000000e+00 -3.296451e+03
     vertex  5.212420e+03 -3.000000e+00 -3.137788e+03
     vertex  5.020370e+03 -3.000000e+00 -3.329838e+03
   endloop
 endfacet
 facet normal  0.000000e+00 -1.000000e+00 -0.000000e+00
   outer loop
     vertex  5.479606e+03 -3.000000e+00 -3.296451e+03
     vertex  5.020370e+03 -3.000000e+00 -3.329838e+03
     vertex  6.000000e+03 -3.000000e+00 -4.000000e+03
   endloop
 endfacet
 facet normal  0.000000e+00 -1.000000e+00  0.000000e+00
   outer loop
     vertex  4.936856e+03 -3.000000e+00 -2.745325e+03
     vertex  4.936890e+03 -3.000000e+00 -3.237980e+03
     vertex  4.986970e+03 -3.000000e+00 -2.920670e+03
   endloop
 endfacet
 facet normal  0.000000e+00 -1.000000e+00  0.000000e+00
   outer loop
     vertex  5.037064e+03 -3.000000e+00 -2.653461e+03
     vertex  5.095514e+03 -3.000000e+00 -2.903984e+03
     vertex  5.187370e+03 -3.000000e+00 -2.812128e+03
   endloop
 endfacet
 facet normal  0.000000e+00 -1.000000e+00 -0.000000e+00
   outer loop
     vertex  5.037064e+03 -3.000000e+00 -2.653461e+03
     vertex  4.936856e+03 -3.000000e+00 -2.745325e+03
     vertex  5.095514e+03 -3.000000e+00 -2.903984e+03
   endloop
 endfacet
 facet normal  0.000000e+00 -1.000000e+00 -0.000000e+00
   outer loop
     vertex  5.579856e+03 -3.000000e+00 -3.196200e+03
     vertex  5.479606e+03 -3.000000e+00 -3.296451e+03
     vertex  6.000000e+03 -3.000000e+00 -4.000000e+03
   endloop
 endfacet
 facet normal  0.000000e+00 -1.000000e+00  0.000000e+00
   outer loop
     vertex  4.500000e+03 -3.000000e+00 -2.000000e+03
     vertex  4.936856e+03 -3.000000e+00 -2.745325e+03
     vertex  5.037064e+03 -3.000000e+00 -2.653461e+03
   endloop
 endfacet
 facet normal  0.000000e+00 -1.000000e+00  0.000000e+00
   outer loop
     vertex  4.500000e+03 -3.000000e+00 -2.000000e+03
     vertex  4.500000e+03 -3.000000e+00 -4.000000e+03
     vertex  4.936890e+03 -3.000000e+00 -3.237980e+03
   endloop
 endfacet
 facet normal  0.000000e+00 -1.000000e+00  0.000000e+00
   outer loop
     vertex  4.500000e+03 -3.000000e+00 -2.000000e+03
     vertex  4.936890e+03 -3.000000e+00 -3.237980e+03
     vertex  4.936856e+03 -3.000000e+00 -2.745325e+03
   endloop
 endfacet
 facet normal  0.000000e+00 -1.000000e+00  0.000000e+00
   outer loop
     vertex  5.212420e+03 -3.000000e+00 -2.703545e+03
     vertex  5.262530e+03 -3.000000e+00 -2.870570e+03
     vertex  5.346014e+03 -3.000000e+00 -2.903984e+03
   endloop
 endfacet
 facet normal -0.000000e+00 -1.000000e+00  0.000000e+00
   outer loop
     vertex  5.538064e+03 -3.000000e+00 -2.711933e+03
     vertex  5.212420e+03 -3.000000e+00 -2.703545e+03
     vertex  5.346014e+03 -3.000000e+00 -2.903984e+03
   endloop
 endfacet
 facet normal  0.000000e+00 -1.000000e+00 -0.000000e+00
   outer loop
     vertex  5.563117e+03 -3.000000e+00 -2.736986e+03
     vertex  5.371066e+03 -3.000000e+00 -2.929036e+03
     vertex  5.579856e+03 -3.000000e+00 -3.196200e+03
   endloop
 endfacet
 facet normal  0.000000e+00 -1.000000e+00  0.000000e+00
   outer loop
     vertex  6.000000e+03 -3.000000e+00 -2.000000e+03
     vertex  5.538064e+03 -3.000000e+00 -2.711933e+03
     vertex  5.563117e+03 -3.000000e+00 -2.736986e+03
   endloop
 endfacet
 facet normal  0.000000e+00 -1.000000e+00  0.000000e+00
   outer loop
     vertex  6.000000e+03 -3.000000e+00 -2.000000e+03
     vertex  5.037064e+03 -3.000000e+00 -2.653461e+03
     vertex  5.212420e+03 -3.000000e+00 -2.703545e+03
   endloop
 endfacet
 facet normal -0.000000e+00 -1.000000e+00  0.000000e+00
   outer loop
     vertex  6.000000e+03 -3.000000e+00 -2.000000e+03
     vertex  4.500000e+03 -3.000000e+00 -2.000000e+03
     vertex  5.037064e+03 -3.000000e+00 -2.653461e+03
   endloop
 endfacet
 facet normal  0.000000e+00 -1.000000e+00  0.000000e+00
   outer loop
     vertex  6.000000e+03 -3.000000e+00 -2.000000e+03
     vertex  5.212420e+03 -3.000000e+00 -2.703545e+03
     vertex  5.538064e+03 -3.000000e+00 -2.711933e+03
   endloop
 endfacet
 facet normal  0.000000e+00 -1.000000e+00  0.000000e+00
   outer loop
     vertex  6.000000e+03 -3.000000e+00 -2.000000e+03
     vertex  5.563117e+03 -3.000000e+00 -2.736986e+03
     vertex  5.579856e+03 -3.000000e+00 -3.196200e+03
   endloop
 endfacet
 facet normal  0.000000e+00 -1.000000e+00 -0.000000e+00
   outer loop
     vertex  6.000000e+03 -3.000000e+00 -2.000000e+03
     vertex  5.579856e+03 -3.000000e+00 -3.196200e+03
     vertex  6.000000e+03 -3.000000e+00 -4.000000e+03
   endloop
 endfacet
 facet normal  0.000000e+00 -1.000000e+00  0.000000e+00
   outer loop
     vertex  5.153970e+03 -3.000000e+00 -2.979120e+03
     vertex  5.187367e+03 -3.000000e+00 -3.062630e+03
     vertex  5.479606e+03 -3.000000e+00 -3.296451e+03
   endloop
 endfacet
 facet normal  0.000000e+00 -1.000000e+00  0.000000e+00
   outer loop
     vertex  5.187367e+03 -3.000000e+00 -3.062630e+03
     vertex  5.212420e+03 -3.000000e+00 -3.087683e+03
     vertex  5.479606e+03 -3.000000e+00 -3.296451e+03
   endloop
 endfacet
 facet normal  0.000000e+00 -1.000000e+00  0.000000e+00
   outer loop
     vertex  5.212420e+03 -3.000000e+00 -3.087683e+03
     vertex  5.212420e+03 -3.000000e+00 -3.137788e+03
     vertex  5.479606e+03 -3.000000e+00 -3.296451e+03
   endloop
 endfacet
 facet normal  0.000000e+00 -1.000000e+00  0.000000e+00
   outer loop
     vertex  5.579856e+03 -3.000000e+00 -3.196200e+03
     vertex  5.346014e+03 -3.000000e+00 -2.903984e+03
     vertex  5.262530e+03 -3.000000e+00 -2.870570e+03
   endloop
 endfacet
 facet normal  0.000000e+00 -1.000000e+00  0.000000e+00
   outer loop
     vertex  5.579856e+03 -3.000000e+00 -3.196200e+03
     vertex  5.371066e+03 -3.000000e+00 -2.929036e+03
     vertex  5.346014e+03 -3.000000e+00 -2.903984e+03
   endloop
 endfacet
 facet normal -9.578225e-01  0.000000e+00 -2.873605e-01
   outer loop
     vertex  5.212420e+03 -3.000000e+00 -2.703545e+03
     vertex  5.262530e+03 -2.000000e+00 -2.870570e+03
     vertex  5.262530e+03 -3.000000e+00 -2.870570e+03
   endloop
 endfacet
 facet normal -9.578225e-01 -0.000000e+00 -2.873605e-01
   outer loop
     vertex  5.212420e+03 -2.000000e+00 -2.703545e+03
     vertex  5.262530e+03 -2.000000e+00 -2.870570e+03
     vertex  5.212420e+03 -3.000000e+00 -2.703545e+03
   endloop
 endfacet
 facet normal -2.746306e-01  0.000000e+00 -9.615498e-01
   outer loop
     vertex  5.037064e+03 -3.000000e+00 -2.653461e+03
     vertex  5.212420e+03 -2.000000e+00 -2.703545e+03
     vertex  5.212420e+03 -3.000000e+00 -2.703545e+03
   endloop
 endfacet
 facet normal -2.746306e-01 -0.000000e+00 -9.615498e-01
   outer loop
     vertex  5.037064e+03 -2.000000e+00 -2.653461e+03
     vertex  5.212420e+03 -2.000000e+00 -2.703545e+03
     vertex  5.037064e+03 -3.000000e+00 -2.653461e+03
   endloop
 endfacet
 facet normal  7.259748e-01  0.000000e+00  6.877213e-01
   outer loop
     vertex  5.187370e+03 -2.000000e+00 -2.812128e+03
     vertex  5.037064e+03 -2.000000e+00 -2.653461e+03
     vertex  5.037064e+03 -3.000000e+00 -2.653461e+03
   endloop
 endfacet
 facet normal  7.259748e-01  0.000000e+00  6.877213e-01
   outer loop
     vertex  5.187370e+03 -2.000000e+00 -2.812128e+03
     vertex  5.037064e+03 -3.000000e+00 -2.653461e+03
     vertex  5.187370e+03 -3.000000e+00 -2.812128e+03
   endloop
 endfacet
 facet normal  7.071068e-01  0.000000e+00 -7.071068e-01
   outer loop
     vertex  5.187370e+03 -3.000000e+00 -2.812128e+03
     vertex  5.095514e+03 -3.000000e+00 -2.903984e+03
     vertex  5.095514e+03 -2.000000e+00 -2.903984e+03
   endloop
 endfacet
 facet normal  7.071068e-01  0.000000e+00 -7.071068e-01
   outer loop
     vertex  5.187370e+03 -2.000000e+00 -2.812128e+03
     vertex  5.187370e+03 -3.000000e+00 -2.812128e+03
     vertex  5.095514e+03 -2.000000e+00 -2.903984e+03
   endloop
 endfacet
 facet normal -7.071068e-01 -0.000000e+00 -7.071068e-01
   outer loop
     vertex  4.936856e+03 -2.000000e+00 -2.745325e+03
     vertex  5.095514e+03 -3.000000e+00 -2.903984e+03
     vertex  4.936856e+03 -3.000000e+00 -2.745325e+03
   endloop
 endfacet
 facet normal -7.071068e-01  0.000000e+00 -7.071068e-01
   outer loop
     vertex  4.936856e+03 -2.000000e+00 -2.745325e+03
     vertex  5.095514e+03 -2.000000e+00 -2.903984e+03
     vertex  5.095514e+03 -3.000000e+00 -2.903984e+03
   endloop
 endfacet
 facet normal  9.615019e-01  0.000000e+00  2.747984e-01
   outer loop
     vertex  4.986970e+03 -2.000000e+00 -2.920670e+03
     vertex  4.936856e+03 -2.000000e+00 -2.745325e+03
     vertex  4.936856e+03 -3.000000e+00 -2.745325e+03
   endloop
 endfacet
 facet normal  9.615019e-01  0.000000e+00  2.747984e-01
   outer loop
     vertex  4.986970e+03 -2.000000e+00 -2.920670e+03
     vertex  4.936856e+03 -3.000000e+00 -2.745325e+03
     vertex  4.986970e+03 -3.000000e+00 -2.920670e+03
   endloop
 endfacet
 facet normal  3.303497e-01  0.000000e+00  9.438586e-01
   outer loop
     vertex  5.153970e+03 -2.000000e+00 -2.979120e+03
     vertex  4.986970e+03 -2.000000e+00 -2.920670e+03
     vertex  4.986970e+03 -3.000000e+00 -2.920670e+03
   endloop
 endfacet
 facet normal  3.303497e-01  0.000000e+00  9.438586e-01
   outer loop
     vertex  5.153970e+03 -2.000000e+00 -2.979120e+03
     vertex  4.986970e+03 -3.000000e+00 -2.920670e+03
     vertex  5.153970e+03 -3.000000e+00 -2.979120e+03
   endloop
 endfacet
 facet normal  6.979155e-01  0.000000e+00  7.161801e-01
   outer loop
     vertex  5.479606e+03 -3.000000e+00 -3.296451e+03
     vertex  5.153970e+03 -2.000000e+00 -2.979120e+03
     vertex  5.153970e+03 -3.000000e+00 -2.979120e+03
   endloop
 endfacet
 facet normal  6.979155e-01  0.000000e+00  7.161801e-01
   outer loop
     vertex  5.479606e+03 -2.000000e+00 -3.296451e+03
     vertex  5.153970e+03 -2.000000e+00 -2.979120e+03
     vertex  5.479606e+03 -3.000000e+00 -3.296451e+03
   endloop
 endfacet
 facet normal -7.071068e-01  0.000000e+00  7.071068e-01
   outer loop
     vertex  5.479606e+03 -2.000000e+00 -3.296451e+03
     vertex  5.579856e+03 -3.000000e+00 -3.196200e+03
     vertex  5.579856e+03 -2.000000e+00 -3.196200e+03
   endloop
 endfacet
 facet normal -7.071068e-01  0.000000e+00  7.071068e-01
   outer loop
     vertex  5.479606e+03 -3.000000e+00 -3.296451e+03
     vertex  5.579856e+03 -3.000000e+00 -3.196200e+03
     vertex  5.479606e+03 -2.000000e+00 -3.296451e+03
   endloop
 endfacet
 facet normal -7.161801e-01 -0.000000e+00 -6.979155e-01
   outer loop
     vertex  5.262530e+03 -2.000000e+00 -2.870570e+03
     vertex  5.579856e+03 -3.000000e+00 -3.196200e+03
     vertex  5.262530e+03 -3.000000e+00 -2.870570e+03
   endloop
 endfacet
 facet normal -7.161801e-01  0.000000e+00 -6.979155e-01
   outer loop
     vertex  5.262530e+03 -2.000000e+00 -2.870570e+03
     vertex  5.579856e+03 -2.000000e+00 -3.196200e+03
     vertex  5.579856e+03 -3.000000e+00 -3.196200e+03
   endloop
 endfacet
 facet normal  0.000000e+00 -1.000000e+00 -0.000000e+00
   outer loop
     vertex  5.095514e+03 -2.000000e+00 -2.903984e+03
     vertex  4.986970e+03 -2.000000e+00 -2.920670e+03
     vertex  5.153970e+03 -2.000000e+00 -2.979120e+03
   endloop
 endfacet
 facet normal -0.000000e+00 -1.000000e+00  0.000000e+00
   outer loop
     vertex  5.095514e+03 -2.000000e+00 -2.903984e+03
     vertex  4.936856e+03 -2.000000e+00 -2.745325e+03
     vertex  4.986970e+03 -2.000000e+00 -2.920670e+03
   endloop
 endfacet
 facet normal -0.000000e+00 -1.000000e+00 -0.000000e+00
   outer loop
     vertex  5.396119e+03 -2.000000e+00 -3.146139e+03
     vertex  5.153970e+03 -2.000000e+00 -2.979120e+03
     vertex  5.479606e+03 -2.000000e+00 -3.296451e+03
   endloop
 endfacet
 facet normal  0.000000e+00 -1.000000e+00  0.000000e+00
   outer loop
     vertex  5.396119e+03 -2.000000e+00 -3.146139e+03
     vertex  5.479606e+03 -2.000000e+00 -3.296451e+03
     vertex  5.446218e+03 -2.000000e+00 -3.196238e+03
   endloop
 endfacet
 facet normal -0.000000e+00 -1.000000e+00  0.000000e+00
   outer loop
     vertex  5.429516e+03 -2.000000e+00 -3.112743e+03
     vertex  5.153970e+03 -2.000000e+00 -2.979120e+03
     vertex  5.396119e+03 -2.000000e+00 -3.146139e+03
   endloop
 endfacet
 facet normal  0.000000e+00 -1.000000e+00  0.000000e+00
   outer loop
     vertex  5.479614e+03 -2.000000e+00 -3.162841e+03
     vertex  5.446218e+03 -2.000000e+00 -3.196238e+03
     vertex  5.479606e+03 -2.000000e+00 -3.296451e+03
   endloop
 endfacet
 facet normal  0.000000e+00 -1.000000e+00  0.000000e+00
   outer loop
     vertex  5.187370e+03 -2.000000e+00 -2.812128e+03
     vertex  5.095514e+03 -2.000000e+00 -2.903984e+03
     vertex  5.153970e+03 -2.000000e+00 -2.979120e+03
   endloop
 endfacet
 facet normal  0.000000e+00 -1.000000e+00  0.000000e+00
   outer loop
     vertex  5.579856e+03 -2.000000e+00 -3.196200e+03
     vertex  5.429516e+03 -2.000000e+00 -3.112743e+03
     vertex  5.479614e+03 -2.000000e+00 -3.162841e+03
   endloop
 endfacet
 facet normal -0.000000e+00 -1.000000e+00  0.000000e+00
   outer loop
     vertex  5.579856e+03 -2.000000e+00 -3.196200e+03
     vertex  5.479614e+03 -2.000000e+00 -3.162841e+03
     vertex  5.479606e+03 -2.000000e+00 -3.296451e+03
   endloop
 endfacet
 facet normal  0.000000e+00 -1.000000e+00 -0.000000e+00
   outer loop
     vertex  5.262530e+03 -2.000000e+00 -2.870570e+03
     vertex  5.153970e+03 -2.000000e+00 -2.979120e+03
     vertex  5.429516e+03 -2.000000e+00 -3.112743e+03
   endloop
 endfacet
 facet normal -0.000000e+00 -1.000000e+00  0.000000e+00
   outer loop
     vertex  5.262530e+03 -2.000000e+00 -2.870570e+03
     vertex  5.187370e+03 -2.000000e+00 -2.812128e+03
     vertex  5.153970e+03 -2.000000e+00 -2.979120e+03
   endloop
 endfacet
 facet normal  0.000000e+00 -1.000000e+00  0.000000e+00
   outer loop
     vertex  5.262530e+03 -2.000000e+00 -2.870570e+03
     vertex  5.429516e+03 -2.000000e+00 -3.112743e+03
     vertex  5.579856e+03 -2.000000e+00 -3.196200e+03
   endloop
 endfacet
 facet normal -0.000000e+00 -1.000000e+00  0.000000e+00
   outer loop
     vertex  5.212420e+03 -2.000000e+00 -2.703545e+03
     vertex  5.037064e+03 -2.000000e+00 -2.653461e+03
     vertex  5.187370e+03 -2.000000e+00 -2.812128e+03
   endloop
 endfacet
 facet normal  0.000000e+00 -1.000000e+00 -0.000000e+00
   outer loop
     vertex  5.212420e+03 -2.000000e+00 -2.703545e+03
     vertex  5.187370e+03 -2.000000e+00 -2.812128e+03
     vertex  5.262530e+03 -2.000000e+00 -2.870570e+03
   endloop
 endfacet
 facet normal  7.071068e-01  0.000000e+00  7.071068e-01
   outer loop
     vertex  5.479614e+03 -3.000000e+00 -3.162841e+03
     vertex  5.429516e+03 -2.000000e+00 -3.112743e+03
     vertex  5.429516e+03 -3.000000e+00 -3.112743e+03
   endloop
 endfacet
 facet normal  7.071068e-01  0.000000e+00  7.071068e-01
   outer loop
     vertex  5.479614e+03 -2.000000e+00 -3.162841e+03
     vertex  5.429516e+03 -2.000000e+00 -3.112743e+03
     vertex  5.479614e+03 -3.000000e+00 -3.162841e+03
   endloop
 endfacet
 facet normal  7.071068e-01  0.000000e+00 -7.071068e-01
   outer loop
     vertex  5.479614e+03 -3.000000e+00 -3.162841e+03
     vertex  5.446218e+03 -3.000000e+00 -3.196238e+03
     vertex  5.446218e+03 -2.000000e+00 -3.196238e+03
   endloop
 endfacet
 facet normal  7.071068e-01  0.000000e+00 -7.071068e-01
   outer loop
     vertex  5.479614e+03 -2.000000e+00 -3.162841e+03
     vertex  5.479614e+03 -3.000000e+00 -3.162841e+03
     vertex  5.446218e+03 -2.000000e+00 -3.196238e+03
   endloop
 endfacet
 facet normal -7.071068e-01  0.000000e+00 -7.071068e-01
   outer loop
     vertex  5.396119e+03 -3.000000e+00 -3.146139e+03
     vertex  5.446218e+03 -2.000000e+00 -3.196238e+03
     vertex  5.446218e+03 -3.000000e+00 -3.196238e+03
   endloop
 endfacet
 facet normal -7.071068e-01 -0.000000e+00 -7.071068e-01
   outer loop
     vertex  5.396119e+03 -2.000000e+00 -3.146139e+03
     vertex  5.446218e+03 -2.000000e+00 -3.196238e+03
     vertex  5.396119e+03 -3.000000e+00 -3.146139e+03
   endloop
 endfacet
 facet normal -7.071068e-01  0.000000e+00  7.071068e-01
   outer loop
     vertex  5.396119e+03 -3.000000e+00 -3.146139e+03
     vertex  5.429516e+03 -3.000000e+00 -3.112743e+03
     vertex  5.429516e+03 -2.000000e+00 -3.112743e+03
   endloop
 endfacet
 facet normal -7.071068e-01  0.000000e+00  7.071068e-01
   outer loop
     vertex  5.396119e+03 -3.000000e+00 -3.146139e+03
     vertex  5.429516e+03 -2.000000e+00 -3.112743e+03
     vertex  5.396119e+03 -2.000000e+00 -3.146139e+03
   endloop
 endfacet
 facet normal -0.000000e+00 -1.000000e+00  0.000000e+00
   outer loop
     vertex  5.479614e+03 -3.000000e+00 -3.162841e+03
     vertex  5.396119e+03 -3.000000e+00 -3.146139e+03
     vertex  5.446218e+03 -3.000000e+00 -3.196238e+03
   endloop
 endfacet
 facet normal  0.000000e+00 -1.000000e+00  0.000000e+00
   outer loop
     vertex  5.479614e+03 -3.000000e+00 -3.162841e+03
     vertex  5.429516e+03 -3.000000e+00 -3.112743e+03
     vertex  5.396119e+03 -3.000000e+00 -3.146139e+03
   endloop
 endfacet
 facet normal  2.169508e-01  0.000000e+00  9.761825e-01
   outer loop
     vertex  5.020370e+03 -2.000000e+00 -3.329838e+03
     vertex  4.945241e+03 -2.000000e+00 -3.313141e+03
     vertex  4.945241e+03 -3.000000e+00 -3.313141e+03
   endloop
 endfacet
 facet normal  2.169508e-01  0.000000e+00  9.761825e-01
   outer loop
     vertex  5.020370e+03 -2.000000e+00 -3.329838e+03
     vertex  4.945241e+03 -3.000000e+00 -3.313141e+03
     vertex  5.020370e+03 -3.000000e+00 -3.329838e+03
   endloop
 endfacet
 facet normal -7.071068e-01  0.000000e+00  7.071068e-01
   outer loop
     vertex  5.020370e+03 -3.000000e+00 -3.329838e+03
     vertex  5.212420e+03 -3.000000e+00 -3.137788e+03
     vertex  5.212420e+03 -2.000000e+00 -3.137788e+03
   endloop
 endfacet
 facet normal -7.071068e-01  0.000000e+00  7.071068e-01
   outer loop
     vertex  5.020370e+03 -3.000000e+00 -3.329838e+03
     vertex  5.212420e+03 -2.000000e+00 -3.137788e+03
     vertex  5.020370e+03 -2.000000e+00 -3.329838e+03
   endloop
 endfacet
 facet normal -7.071068e-01  0.000000e+00 -7.071068e-01
   outer loop
     vertex  5.187367e+03 -3.000000e+00 -3.112736e+03
     vertex  5.212420e+03 -2.000000e+00 -3.137788e+03
     vertex  5.212420e+03 -3.000000e+00 -3.137788e+03
   endloop
 endfacet
 facet normal -7.071068e-01 -0.000000e+00 -7.071068e-01
   outer loop
     vertex  5.187367e+03 -2.000000e+00 -3.112736e+03
     vertex  5.212420e+03 -2.000000e+00 -3.137788e+03
     vertex  5.187367e+03 -3.000000e+00 -3.112736e+03
   endloop
 endfacet
 facet normal -7.071068e-01  7.071013e-10  7.071068e-01
   outer loop
     vertex  5.187367e+03 -3.000000e+00 -3.112736e+03
     vertex  5.212420e+03 -3.000000e+00 -3.087683e+03
     vertex  5.212420e+03 -2.000000e+00 -3.087683e+03
   endloop
 endfacet
 facet normal -7.071068e-01  0.000000e+00  7.071068e-01
   outer loop
     vertex  5.187367e+03 -3.000000e+00 -3.112736e+03
     vertex  5.212420e+03 -2.000000e+00 -3.087683e+03
     vertex  5.187367e+03 -2.000000e+00 -3.112736e+03
   endloop
 endfacet
 facet normal -7.071068e-01 -0.000000e+00 -7.071068e-01
   outer loop
     vertex  5.187367e+03 -2.000000e+00 -3.062630e+03
     vertex  5.212420e+03 -3.000000e+00 -3.087683e+03
     vertex  5.187367e+03 -3.000000e+00 -3.062630e+03
   endloop
 endfacet
 facet normal -7.071068e-01 -7.070981e-10 -7.071068e-01
   outer loop
     vertex  5.187367e+03 -2.000000e+00 -3.062630e+03
     vertex  5.212420e+03 -2.000000e+00 -3.087683e+03
     vertex  5.212420e+03 -3.000000e+00 -3.087683e+03
   endloop
 endfacet
 facet normal  7.071068e-01  0.000000e+00 -7.071068e-01
   outer loop
     vertex  5.187367e+03 -2.000000e+00 -3.062630e+03
     vertex  5.187367e+03 -3.000000e+00 -3.062630e+03
     vertex  5.162314e+03 -3.000000e+00 -3.087683e+03
   endloop
 endfacet
 facet normal  7.071068e-01  0.000000e+00 -7.071068e-01
   outer loop
     vertex  5.187367e+03 -2.000000e+00 -3.062630e+03
     vertex  5.162314e+03 -3.000000e+00 -3.087683e+03
     vertex  5.162314e+03 -2.000000e+00 -3.087683e+03
   endloop
 endfacet
 facet normal -7.071068e-01  0.000000e+00 -7.071068e-01
   outer loop
     vertex  5.137262e+03 -3.000000e+00 -3.062630e+03
     vertex  5.162314e+03 -2.000000e+00 -3.087683e+03
     vertex  5.162314e+03 -3.000000e+00 -3.087683e+03
   endloop
 endfacet
 facet normal -7.071068e-01 -0.000000e+00 -7.071068e-01
   outer loop
     vertex  5.137262e+03 -2.000000e+00 -3.062630e+03
     vertex  5.162314e+03 -2.000000e+00 -3.087683e+03
     vertex  5.137262e+03 -3.000000e+00 -3.062630e+03
   endloop
 endfacet
 facet normal  6.585581e-01  0.000000e+00 -7.525299e-01
   outer loop
     vertex  4.936890e+03 -2.000000e+00 -3.237980e+03
     vertex  5.137262e+03 -3.000000e+00 -3.062630e+03
     vertex  4.936890e+03 -3.000000e+00 -3.237980e+03
   endloop
 endfacet
 facet normal  6.585581e-01  0.000000e+00 -7.525299e-01
   outer loop
     vertex  4.936890e+03 -2.000000e+00 -3.237980e+03
     vertex  5.137262e+03 -2.000000e+00 -3.062630e+03
     vertex  5.137262e+03 -3.000000e+00 -3.062630e+03
   endloop
 endfacet
 facet normal  9.938841e-01  0.000000e+00  1.104282e-01
   outer loop
     vertex  4.945241e+03 -3.000000e+00 -3.313141e+03
     vertex  4.936890e+03 -2.000000e+00 -3.237980e+03
     vertex  4.936890e+03 -3.000000e+00 -3.237980e+03
   endloop
 endfacet
 facet normal  9.938841e-01  0.000000e+00  1.104282e-01
   outer loop
     vertex  4.945241e+03 -2.000000e+00 -3.313141e+03
     vertex  4.936890e+03 -2.000000e+00 -3.237980e+03
     vertex  4.945241e+03 -3.000000e+00 -3.313141e+03
   endloop
 endfacet
 facet normal  0.000000e+00 -1.000000e+00  0.000000e+00
   outer loop
     vertex  4.936890e+03 -2.000000e+00 -3.237980e+03
     vertex  4.945241e+03 -2.000000e+00 -3.313141e+03
     vertex  5.020370e+03 -2.000000e+00 -3.329838e+03
   endloop
 endfacet
 facet normal  0.000000e+00 -1.000000e+00  0.000000e+00
   outer loop
     vertex  5.162314e+03 -2.000000e+00 -3.087683e+03
     vertex  4.936890e+03 -2.000000e+00 -3.237980e+03
     vertex  5.020370e+03 -2.000000e+00 -3.329838e+03
   endloop
 endfacet
 facet normal -0.000000e+00 -1.000000e+00  0.000000e+00
   outer loop
     vertex  5.187367e+03 -2.000000e+00 -3.112736e+03
     vertex  5.162314e+03 -2.000000e+00 -3.087683e+03
     vertex  5.020370e+03 -2.000000e+00 -3.329838e+03
   endloop
 endfacet
 facet normal  0.000000e+00 -1.000000e+00 -0.000000e+00
   outer loop
     vertex  5.137262e+03 -2.000000e+00 -3.062630e+03
     vertex  4.936890e+03 -2.000000e+00 -3.237980e+03
     vertex  5.162314e+03 -2.000000e+00 -3.087683e+03
   endloop
 endfacet
 facet normal -0.000000e+00 -1.000000e+00  0.000000e+00
   outer loop
     vertex  5.212420e+03 -2.000000e+00 -3.137788e+03
     vertex  5.187367e+03 -2.000000e+00 -3.112736e+03
     vertex  5.020370e+03 -2.000000e+00 -3.329838e+03
   endloop
 endfacet
 facet normal  0.000000e+00 -1.000000e+00  0.000000e+00
   outer loop
     vertex  5.187367e+03 -2.000000e+00 -3.062630e+03
     vertex  5.162314e+03 -2.000000e+00 -3.087683e+03
     vertex  5.187367e+03 -2.000000e+00 -3.112736e+03
   endloop
 endfacet
 facet normal -0.000000e+00 -1.000000e+00  0.000000e+00
   outer loop
     vertex  5.212420e+03 -2.000000e+00 -3.087683e+03
     vertex  5.187367e+03 -2.000000e+00 -3.062630e+03
     vertex  5.187367e+03 -2.000000e+00 -3.112736e+03
   endloop
 endfacet
 facet normal -7.071068e-01  0.000000e+00  7.071068e-01
   outer loop
     vertex  5.371066e+03 -2.000000e+00 -2.929036e+03
     vertex  5.563117e+03 -3.000000e+00 -2.736986e+03
     vertex  5.563117e+03 -2.000000e+00 -2.736986e+03
   endloop
 endfacet
 facet normal -7.071068e-01  0.000000e+00  7.071068e-01
   outer loop
     vertex  5.371066e+03 -3.000000e+00 -2.929036e+03
     vertex  5.563117e+03 -3.000000e+00 -2.736986e+03
     vertex  5.371066e+03 -2.000000e+00 -2.929036e+03
   endloop
 endfacet
 facet normal -7.071068e-01  0.000000e+00 -7.071068e-01
   outer loop
     vertex  5.538064e+03 -3.000000e+00 -2.711933e+03
     vertex  5.563117e+03 -2.000000e+00 -2.736986e+03
     vertex  5.563117e+03 -3.000000e+00 -2.736986e+03
   endloop
 endfacet
 facet normal -7.071068e-01 -0.000000e+00 -7.071068e-01
   outer loop
     vertex  5.538064e+03 -2.000000e+00 -2.711933e+03
     vertex  5.563117e+03 -2.000000e+00 -2.736986e+03
     vertex  5.538064e+03 -3.000000e+00 -2.711933e+03
   endloop
 endfacet
 facet normal  7.071068e-01  0.000000e+00 -7.071068e-01
   outer loop
     vertex  5.538064e+03 -3.000000e+00 -2.711933e+03
     vertex  5.346014e+03 -3.000000e+00 -2.903984e+03
     vertex  5.346014e+03 -2.000000e+00 -2.903984e+03
   endloop
 endfacet
 facet normal  7.071068e-01  0.000000e+00 -7.071068e-01
   outer loop
     vertex  5.538064e+03 -2.000000e+00 -2.711933e+03
     vertex  5.538064e+03 -3.000000e+00 -2.711933e+03
     vertex  5.346014e+03 -2.000000e+00 -2.903984e+03
   endloop
 endfacet
 facet normal  7.071068e-01  0.000000e+00  7.071068e-01
   outer loop
     vertex  5.371066e+03 -3.000000e+00 -2.929036e+03
     vertex  5.346014e+03 -2.000000e+00 -2.903984e+03
     vertex  5.346014e+03 -3.000000e+00 -2.903984e+03
   endloop
 endfacet
 facet normal  7.071068e-01  0.000000e+00  7.071068e-01
   outer loop
     vertex  5.371066e+03 -2.000000e+00 -2.929036e+03
     vertex  5.346014e+03 -2.000000e+00 -2.903984e+03
     vertex  5.371066e+03 -3.000000e+00 -2.929036e+03
   endloop
 endfacet
 facet normal  0.000000e+00 -1.000000e+00  0.000000e+00
   outer loop
     vertex  5.538064e+03 -2.000000e+00 -2.711933e+03
     vertex  5.346014e+03 -2.000000e+00 -2.903984e+03
     vertex  5.371066e+03 -2.000000e+00 -2.929036e+03
   endloop
 endfacet
 facet normal -0.000000e+00 -1.000000e+00  0.000000e+00
   outer loop
     vertex  5.563117e+03 -2.000000e+00 -2.736986e+03
     vertex  5.538064e+03 -2.000000e+00 -2.711933e+03
     vertex  5.371066e+03 -2.000000e+00 -2.929036e+03
   endloop
 endfacet
 facet normal  1.000000e+00  0.000000e+00 -0.000000e+00
   outer loop
     vertex -6.000000e+03 -3.000000e+00  2.000000e+03
     vertex -6.000000e+03 -3.000000e+00  4.000000e+03
     vertex -6.000000e+03 -4.000000e+02  4.000000e+03
   endloop
 endfacet
 facet normal  1.000000e+00  0.000000e+00  0.000000e+00
   outer loop
     vertex -6.000000e+03 -4.000000e+02 -4.000000e+03
     vertex -6.000000e+03 -3.000000e+00  2.000000e+03
     vertex -6.000000e+03 -4.000000e+02  4.000000e+03
   endloop
 endfacet
 facet normal  1.000000e+00  0.000000e+00 -0.000000e+00
   outer loop
     vertex -6.000000e+03  0.000000e+00 -4.000000e+03
     vertex -6.000000e+03  0.000000e+00  2.000000e+03
     vertex -6.000000e+03 -3.000000e+00  2.000000e+03
   endloop
 endfacet
 facet normal  1.000000e+00  0.000000e+00  0.000000e+00
   outer loop
     vertex -6.000000e+03  0.000000e+00 -4.000000e+03
     vertex -6.000000e+03 -3.000000e+00  2.000000e+03
     vertex -6.000000e+03 -4.000000e+02 -4.000000e+03
   endloop
 endfacet
 facet normal  0.000000e+00 -1.000000e+00  0.000000e+00
   outer loop
     vertex -5.020370e+03 -3.000000e+00  3.329838e+03
     vertex -4.945241e+03 -3.000000e+00  3.313141e+03
     vertex -4.500000e+03 -3.000000e+00  4.000000e+03
   endloop
 endfacet
 facet normal  0.000000e+00 -1.000000e+00  0.000000e+00
   outer loop
     vertex -4.936890e+03 -3.000000e+00  3.237980e+03
     vertex -4.500000e+03 -3.000000e+00  4.000000e+03
     vertex -4.945241e+03 -3.000000e+00  3.313141e+03
   endloop
 endfacet
 facet normal  0.000000e+00 -1.000000e+00  0.000000e+00
   outer loop
     vertex -6.000000e+03 -3.000000e+00  4.000000e+03
     vertex -5.020370e+03 -3.000000e+00  3.329838e+03
     vertex -4.500000e+03 -3.000000e+00  4.000000e+03
   endloop
 endfacet
 facet normal  0.000000e+00 -1.000000e+00  0.000000e+00
   outer loop
     vertex -5.137262e+03 -3.000000e+00  3.062630e+03
     vertex -4.986970e+03 -3.000000e+00  2.920670e+03
     vertex -4.936890e+03 -3.000000e+00  3.237980e+03
   endloop
 endfacet
 facet normal  0.000000e+00 -1.000000e+00  0.000000e+00
   outer loop
     vertex -5.212420e+03 -3.000000e+00  3.087683e+03
     vertex -5.187367e+03 -3.000000e+00  3.112736e+03
     vertex -5.212420e+03 -3.000000e+00  3.137788e+03
   endloop
 endfacet
 facet normal  0.000000e+00 -1.000000e+00  0.000000e+00
   outer loop
     vertex -5.187367e+03 -3.000000e+00  3.062630e+03
     vertex -5.137262e+03 -3.000000e+00  3.062630e+03
     vertex -5.162314e+03 -3.000000e+00  3.087683e+03
   endloop
 endfacet
 facet normal  0.000000e+00 -1.000000e+00  0.000000e+00
   outer loop
     vertex -5.153970e+03 -3.000000e+00  2.979120e+03
     vertex -4.986970e+03 -3.000000e+00  2.920670e+03
     vertex -5.137262e+03 -3.000000e+00  3.062630e+03
   endloop
 endfacet
 facet normal  0.000000e+00 -1.000000e+00  0.000000e+00
   outer loop
     vertex -5.153970e+03 -3.000000e+00  2.979120e+03
     vertex -5.137262e+03 -3.000000e+00  3.062630e+03
     vertex -5.187367e+03 -3.000000e+00  3.062630e+03
   endloop
 endfacet
 facet normal  0.000000e+00 -1.000000e+00  0.000000e+00
   outer loop
     vertex -5.479606e+03 -3.000000e+00  3.296451e+03
     vertex -5.212420e+03 -3.000000e+00  3.137788e+03
     vertex -5.020370e+03 -3.000000e+00  3.329838e+03
   endloop
 endfacet
 facet normal  0.000000e+00 -1.000000e+00  0.000000e+00
   outer loop
     vertex -5.479606e+03 -3.000000e+00  3.296451e+03
     vertex -5.020370e+03 -3.000000e+00  3.329838e+03
     vertex -6.000000e+03 -3.000000e+00  4.000000e+03
   endloop
 endfacet
 facet normal  0.000000e+00 -1.000000e+00  0.000000e+00
   outer loop
     vertex -4.936856e+03 -3.000000e+00  2.745325e+03
     vertex -4.936890e+03 -3.000000e+00  3.237980e+03
     vertex -4.986970e+03 -3.000000e+00  2.920670e+03
   endloop
 endfacet
 facet normal  0.000000e+00 -1.000000e+00  0.000000e+00
   outer loop
     vertex -5.037064e+03 -3.000000e+00  2.653461e+03
     vertex -5.095514e+03 -3.000000e+00  2.903984e+03
     vertex -5.187370e+03 -3.000000e+00  2.812128e+03
   endloop
 endfacet
 facet normal  0.000000e+00 -1.000000e+00  0.000000e+00
   outer loop
     vertex -5.037064e+03 -3.000000e+00  2.653461e+03
     vertex -4.936856e+03 -3.000000e+00  2.745325e+03
     vertex -5.095514e+03 -3.000000e+00  2.903984e+03
   endloop
 endfacet
 facet normal  0.000000e+00 -1.000000e+00  0.000000e+00
   outer loop
     vertex -5.579856e+03 -3.000000e+00  3.196200e+03
     vertex -5.479606e+03 -3.000000e+00  3.296451e+03
     vertex -6.000000e+03 -3.000000e+00  4.000000e+03
   endloop
 endfacet
 facet normal  0.000000e+00 -1.000000e+00  0.000000e+00
   outer loop
     vertex -4.500000e+03 -3.000000e+00  2.000000e+03
     vertex -4.936856e+03 -3.000000e+00  2.745325e+03
     vertex -5.037064e+03 -3.000000e+00  2.653461e+03
   endloop
 endfacet
 facet normal  0.000000e+00 -1.000000e+00  0.000000e+00
   outer loop
     vertex -4.500000e+03 -3.000000e+00  2.000000e+03
     vertex -4.500000e+03 -3.000000e+00  4.000000e+03
     vertex -4.936890e+03 -3.000000e+00  3.237980e+03
   endloop
 endfacet
 facet normal  0.000000e+00 -1.000000e+00  0.000000e+00
   outer loop
     vertex -4.500000e+03 -3.000000e+00  2.000000e+03
     vertex -4.936890e+03 -3.000000e+00  3.237980e+03
     vertex -4.936856e+03 -3.000000e+00  2.745325e+03
   endloop
 endfacet
 facet normal  0.000000e+00 -1.000000e+00  0.000000e+00
   outer loop
     vertex -5.212420e+03 -3.000000e+00  2.703545e+03
     vertex -5.262530e+03 -3.000000e+00  2.870570e+03
     vertex -5.346014e+03 -3.000000e+00  2.903984e+03
   endloop
 endfacet
 facet normal  0.000000e+00 -1.000000e+00  0.000000e+00
   outer loop
     vertex -5.538064e+03 -3.000000e+00  2.711933e+03
     vertex -5.212420e+03 -3.000000e+00  2.703545e+03
     vertex -5.346014e+03 -3.000000e+00  2.903984e+03
   endloop
 endfacet
 facet normal  0.000000e+00 -1.000000e+00  0.000000e+00
   outer loop
     vertex -5.563117e+03 -3.000000e+00  2.736986e+03
     vertex -5.371066e+03 -3.000000e+00  2.929036e+03
     vertex -5.579856e+03 -3.000000e+00  3.196200e+03
   endloop
 endfacet
 facet normal  0.000000e+00 -1.000000e+00  0.000000e+00
   outer loop
     vertex -6.000000e+03 -3.000000e+00  2.000000e+03
     vertex -5.538064e+03 -3.000000e+00  2.711933e+03
     vertex -5.563117e+03 -3.000000e+00  2.736986e+03
   endloop
 endfacet
 facet normal  0.000000e+00 -1.000000e+00  0.000000e+00
   outer loop
     vertex -6.000000e+03 -3.000000e+00  2.000000e+03
     vertex -5.037064e+03 -3.000000e+00  2.653461e+03
     vertex -5.212420e+03 -3.000000e+00  2.703545e+03
   endloop
 endfacet
 facet normal  0.000000e+00 -1.000000e+00  0.000000e+00
   outer loop
     vertex -6.000000e+03 -3.000000e+00  2.000000e+03
     vertex -4.500000e+03 -3.000000e+00  2.000000e+03
     vertex -5.037064e+03 -3.000000e+00  2.653461e+03
   endloop
 endfacet
 facet normal  0.000000e+00 -1.000000e+00  0.000000e+00
   outer loop
     vertex -6.000000e+03 -3.000000e+00  2.000000e+03
     vertex -5.212420e+03 -3.000000e+00  2.703545e+03
     vertex -5.538064e+03 -3.000000e+00  2.711933e+03
   endloop
 endfacet
 facet normal  0.000000e+00 -1.000000e+00  0.000000e+00
   outer loop
     vertex -6.000000e+03 -3.000000e+00  2.000000e+03
     vertex -5.563117e+03 -3.000000e+00  2.736986e+03
     vertex -5.579856e+03 -3.000000e+00  3.196200e+03
   endloop
 endfacet
 facet normal  0.000000e+00 -1.000000e+00  0.000000e+00
   outer loop
     vertex -6.000000e+03 -3.000000e+00  2.000000e+03
     vertex -5.579856e+03 -3.000000e+00  3.196200e+03
     vertex -6.000000e+03 -3.000000e+00  4.000000e+03
   endloop
 endfacet
 facet normal  0.000000e+00 -1.000000e+00  0.000000e+00
   outer loop
     vertex -5.153970e+03 -3.000000e+00  2.979120e+03
     vertex -5.187367e+03 -3.000000e+00  3.062630e+03
     vertex -5.479606e+03 -3.000000e+00  3.296451e+03
   endloop
 endfacet
 facet normal  0.000000e+00 -1.000000e+00  0.000000e+00
   outer loop
     vertex -5.187367e+03 -3.000000e+00  3.062630e+03
     vertex -5.212420e+03 -3.000000e+00  3.087683e+03
     vertex -5.479606e+03 -3.000000e+00  3.296451e+03
   endloop
 endfacet
 facet normal  0.000000e+00 -1.000000e+00  0.000000e+00
   outer loop
     vertex -5.212420e+03 -3.000000e+00  3.087683e+03
     vertex -5.212420e+03 -3.000000e+00  3.137788e+03
     vertex -5.479606e+03 -3.000000e+00  3.296451e+03
   endloop
 endfacet
 facet normal  0.000000e+00 -1.000000e+00  0.000000e+00
   outer loop
     vertex -5.579856e+03 -3.000000e+00  3.196200e+03
     vertex -5.346014e+03 -3.000000e+00  2.903984e+03
     vertex -5.262530e+03 -3.000000e+00  2.870570e+03
   endloop
 endfacet
 facet normal  0.000000e+00 -1.000000e+00  0.000000e+00
   outer loop
     vertex -5.579856e+03 -3.000000e+00  3.196200e+03
     vertex -5.371066e+03 -3.000000e+00  2.929036e+03
     vertex -5.346014e+03 -3.000000e+00  2.903984e+03
   endloop
 endfacet
 facet normal  9.578225e-01  0.000000e+00  2.873605e-01
   outer loop
     vertex -5.262530e+03 -2.000000e+00  2.870570e+03
     vertex -5.262530e+03 -3.000000e+00  2.870570e+03
     vertex -5.212420e+03 -3.000000e+00  2.703545e+03
   endloop
 endfacet
 facet normal  9.578225e-01  0.000000e+00  2.873605e-01
   outer loop
     vertex -5.262530e+03 -2.000000e+00  2.870570e+03
     vertex -5.212420e+03 -3.000000e+00  2.703545e+03
     vertex -5.212420e+03 -2.000000e+00  2.703545e+03
   endloop
 endfacet
 facet normal  2.746306e-01  0.000000e+00  9.615498e-01
   outer loop
     vertex -5.212420e+03 -2.000000e+00  2.703545e+03
     vertex -5.212420e+03 -3.000000e+00  2.703545e+03
     vertex -5.037064e+03 -3.000000e+00  2.653461e+03
   endloop
 endfacet
 facet normal  2.746306e-01  0.000000e+00  9.615498e-01
   outer loop
     vertex -5.212420e+03 -2.000000e+00  2.703545e+03
     vertex -5.037064e+03 -3.000000e+00  2.653461e+03
     vertex -5.037064e+03 -2.000000e+00  2.653461e+03
   endloop
 endfacet
 facet normal -7.259748e-01  0.000000e+00 -6.877213e-01
   outer loop
     vertex -5.187370e+03 -2.000000e+00  2.812128e+03
     vertex -5.037064e+03 -2.000000e+00  2.653461e+03
     vertex -5.037064e+03 -3.000000e+00  2.653461e+03
   endloop
 endfacet
 facet normal -7.259748e-01  0.000000e+00 -6.877213e-01
   outer loop
     vertex -5.187370e+03 -3.000000e+00  2.812128e+03
     vertex -5.187370e+03 -2.000000e+00  2.812128e+03
     vertex -5.037064e+03 -3.000000e+00  2.653461e+03
   endloop
 endfacet
 facet normal -7.071068e-01  0.000000e+00  7.071068e-01
   outer loop
     vertex -5.095514e+03 -2.000000e+00  2.903984e+03
     vertex -5.187370e+03 -3.000000e+00  2.812128e+03
     vertex -5.095514e+03 -3.000000e+00  2.903984e+03
   endloop
 endfacet
 facet normal -7.071068e-01  0.000000e+00  7.071068e-01
   outer loop
     vertex -5.095514e+03 -2.000000e+00  2.903984e+03
     vertex -5.187370e+03 -2.000000e+00  2.812128e+03
     vertex -5.187370e+03 -3.000000e+00  2.812128e+03
   endloop
 endfacet
 facet normal  7.071068e-01  0.000000e+00  7.071068e-01
   outer loop
     vertex -5.095514e+03 -2.000000e+00  2.903984e+03
     vertex -5.095514e+03 -3.000000e+00  2.903984e+03
     vertex -4.936856e+03 -3.000000e+00  2.745325e+03
   endloop
 endfacet
 facet normal  7.071068e-01  0.000000e+00  7.071068e-01
   outer loop
     vertex -5.095514e+03 -2.000000e+00  2.903984e+03
     vertex -4.936856e+03 -3.000000e+00  2.745325e+03
     vertex -4.936856e+03 -2.000000e+00  2.745325e+03
   endloop
 endfacet
 facet normal -9.615019e-01  0.000000e+00 -2.747984e-01
   outer loop
     vertex -4.986970e+03 -2.000000e+00  2.920670e+03
     vertex -4.936856e+03 -2.000000e+00  2.745325e+03
     vertex -4.936856e+03 -3.000000e+00  2.745325e+03
   endloop
 endfacet
 facet normal -9.615019e-01  0.000000e+00 -2.747984e-01
   outer loop
     vertex -4.986970e+03 -3.000000e+00  2.920670e+03
     vertex -4.986970e+03 -2.000000e+00  2.920670e+03
     vertex -4.936856e+03 -3.000000e+00  2.745325e+03
   endloop
 endfacet
 facet normal -3.303497e-01  0.000000e+00 -9.438586e-01
   outer loop
     vertex -5.153970e+03 -2.000000e+00  2.979120e+03
     vertex -4.986970e+03 -2.000000e+00  2.920670e+03
     vertex -4.986970e+03 -3.000000e+00  2.920670e+03
   endloop
 endfacet
 facet normal -3.303497e-01  0.000000e+00 -9.438586e-01
   outer loop
     vertex -5.153970e+03 -3.000000e+00  2.979120e+03
     vertex -5.153970e+03 -2.000000e+00  2.979120e+03
     vertex -4.986970e+03 -3.000000e+00  2.920670e+03
   endloop
 endfacet
 facet normal -6.979155e-01  0.000000e+00 -7.161801e-01
   outer loop
     vertex -5.479606e+03 -3.000000e+00  3.296451e+03
     vertex -5.153970e+03 -2.000000e+00  2.979120e+03
     vertex -5.153970e+03 -3.000000e+00  2.979120e+03
   endloop
 endfacet
 facet normal -6.979155e-01  0.000000e+00 -7.161801e-01
   outer loop
     vertex -5.479606e+03 -3.000000e+00  3.296451e+03
     vertex -5.479606e+03 -2.000000e+00  3.296451e+03
     vertex -5.153970e+03 -2.000000e+00  2.979120e+03
   endloop
 endfacet
 facet normal  7.071068e-01  0.000000e+00 -7.071068e-01
   outer loop
     vertex -5.579856e+03 -3.000000e+00  3.196200e+03
     vertex -5.579856e+03 -2.000000e+00  3.196200e+03
     vertex -5.479606e+03 -2.000000e+00  3.296451e+03
   endloop
 endfacet
 facet normal  7.071068e-01  0.000000e+00 -7.071068e-01
   outer loop
     vertex -5.579856e+03 -3.000000e+00  3.196200e+03
     vertex -5.479606e+03 -2.000000e+00  3.296451e+03
     vertex -5.479606e+03 -3.000000e+00  3.296451e+03
   endloop
 endfacet
 facet normal  7.161801e-01  0.000000e+00  6.979155e-01
   outer loop
     vertex -5.579856e+03 -3.000000e+00  3.196200e+03
     vertex -5.262530e+03 -3.000000e+00  2.870570e+03
     vertex -5.262530e+03 -2.000000e+00  2.870570e+03
   endloop
 endfacet
 facet normal  7.161801e-01  0.000000e+00  6.979155e-01
   outer loop
     vertex -5.579856e+03 -2.000000e+00  3.196200e+03
     vertex -5.579856e+03 -3.000000e+00  3.196200e+03
     vertex -5.262530e+03 -2.000000e+00  2.870570e+03
   endloop
 endfacet
 facet normal  0.000000e+00 -1.000000e+00  0.000000e+00
   outer loop
     vertex -5.095514e+03 -2.000000e+00  2.903984e+03
     vertex -4.986970e+03 -2.000000e+00  2.920670e+03
     vertex -5.153970e+03 -2.000000e+00  2.979120e+03
   endloop
 endfacet
 facet normal  0.000000e+00 -1.000000e+00  0.000000e+00
   outer loop
     vertex -5.095514e+03 -2.000000e+00  2.903984e+03
     vertex -4.936856e+03 -2.000000e+00  2.745325e+03
     vertex -4.986970e+03 -2.000000e+00  2.920670e+03
   endloop
 endfacet
 facet normal  0.000000e+00 -1.000000e+00  0.000000e+00
   outer loop
     vertex -5.396119e+03 -2.000000e+00  3.146139e+03
     vertex -5.153970e+03 -2.000000e+00  2.979120e+03
     vertex -5.479606e+03 -2.000000e+00  3.296451e+03
   endloop
 endfacet
 facet normal  0.000000e+00 -1.000000e+00  0.000000e+00
   outer loop
     vertex -5.396119e+03 -2.000000e+00  3.146139e+03
     vertex -5.479606e+03 -2.000000e+00  3.296451e+03
     vertex -5.446218e+03 -2.000000e+00  3.196238e+03
   endloop
 endfacet
 facet normal  0.000000e+00 -1.000000e+00  0.000000e+00
   outer loop
     vertex -5.429516e+03 -2.000000e+00  3.112743e+03
     vertex -5.153970e+03 -2.000000e+00  2.979120e+03
     vertex -5.396119e+03 -2.000000e+00  3.146139e+03
   endloop
 endfacet
 facet normal  0.000000e+00 -1.000000e+00  0.000000e+00
   outer loop
     vertex -5.479614e+03 -2.000000e+00  3.162841e+03
     vertex -5.446218e+03 -2.000000e+00  3.196238e+03
     vertex -5.479606e+03 -2.000000e+00  3.296451e+03
   endloop
 endfacet
 facet normal  0.000000e+00 -1.000000e+00  0.000000e+00
   outer loop
     vertex -5.187370e+03 -2.000000e+00  2.812128e+03
     vertex -5.095514e+03 -2.000000e+00  2.903984e+03
     vertex -5.153970e+03 -2.000000e+00  2.979120e+03
   endloop
 endfacet
 facet normal  0.000000e+00 -1.000000e+00  0.000000e+00
   outer loop
     vertex -5.579856e+03 -2.000000e+00  3.196200e+03
     vertex -5.429516e+03 -2.000000e+00  3.112743e+03
     vertex -5.479614e+03 -2.000000e+00  3.162841e+03
   endloop
 endfacet
 facet normal  0.000000e+00 -1.000000e+00  0.000000e+00
   outer loop
     vertex -5.579856e+03 -2.000000e+00  3.196200e+03
     vertex -5.479614e+03 -2.000000e+00  3.162841e+03
     vertex -5.479606e+03 -2.000000e+00  3.296451e+03
   endloop
 endfacet
 facet normal  0.000000e+00 -1.000000e+00  0.000000e+00
   outer loop
     vertex -5.262530e+03 -2.000000e+00  2.870570e+03
     vertex -5.153970e+03 -2.000000e+00  2.979120e+03
     vertex -5.429516e+03 -2.000000e+00  3.112743e+03
   endloop
 endfacet
 facet normal  0.000000e+00 -1.000000e+00  0.000000e+00
   outer loop
     vertex -5.262530e+03 -2.000000e+00  2.870570e+03
     vertex -5.187370e+03 -2.000000e+00  2.812128e+03
     vertex -5.153970e+03 -2.000000e+00  2.979120e+03
   endloop
 endfacet
 facet normal  0.000000e+00 -1.000000e+00  0.000000e+00
   outer loop
     vertex -5.262530e+03 -2.000000e+00  2.870570e+03
     vertex -5.429516e+03 -2.000000e+00  3.112743e+03
     vertex -5.579856e+03 -2.000000e+00  3.196200e+03
   endloop
 endfacet
 facet normal  0.000000e+00 -1.000000e+00  0.000000e+00
   outer loop
     vertex -5.212420e+03 -2.000000e+00  2.703545e+03
     vertex -5.037064e+03 -2.000000e+00  2.653461e+03
     vertex -5.187370e+03 -2.000000e+00  2.812128e+03
   endloop
 endfacet
 facet normal  0.000000e+00 -1.000000e+00  0.000000e+00
   outer loop
     vertex -5.212420e+03 -2.000000e+00  2.703545e+03
     vertex -5.187370e+03 -2.000000e+00  2.812128e+03
     vertex -5.262530e+03 -2.000000e+00  2.870570e+03
   endloop
 endfacet
 facet normal -7.071068e-01  0.000000e+00 -7.071068e-01
   outer loop
     vertex -5.479614e+03 -3.000000e+00  3.162841e+03
     vertex -5.429516e+03 -2.000000e+00  3.112743e+03
     vertex -5.429516e+03 -3.000000e+00  3.112743e+03
   endloop
 endfacet
 facet normal -7.071068e-01  0.000000e+00 -7.071068e-01
   outer loop
     vertex -5.479614e+03 -3.000000e+00  3.162841e+03
     vertex -5.479614e+03 -2.000000e+00  3.162841e+03
     vertex -5.429516e+03 -2.000000e+00  3.112743e+03
   endloop
 endfacet
 facet normal -7.071068e-01  0.000000e+00  7.071068e-01
   outer loop
     vertex -5.446218e+03 -3.000000e+00  3.196238e+03
     vertex -5.479614e+03 -2.000000e+00  3.162841e+03
     vertex -5.479614e+03 -3.000000e+00  3.162841e+03
   endloop
 endfacet
 facet normal -7.071068e-01  0.000000e+00  7.071068e-01
   outer loop
     vertex -5.446218e+03 -2.000000e+00  3.196238e+03
     vertex -5.479614e+03 -2.000000e+00  3.162841e+03
     vertex -5.446218e+03 -3.000000e+00  3.196238e+03
   endloop
 endfacet
 facet normal  7.071068e-01  0.000000e+00  7.071068e-01
   outer loop
     vertex -5.446218e+03 -3.000000e+00  3.196238e+03
     vertex -5.396119e+03 -3.000000e+00  3.146139e+03
     vertex -5.396119e+03 -2.000000e+00  3.146139e+03
   endloop
 endfacet
 facet normal  7.071068e-01  0.000000e+00  7.071068e-01
   outer loop
     vertex -5.446218e+03 -2.000000e+00  3.196238e+03
     vertex -5.446218e+03 -3.000000e+00  3.196238e+03
     vertex -5.396119e+03 -2.000000e+00  3.146139e+03
   endloop
 endfacet
 facet normal  7.071068e-01  0.000000e+00 -7.071068e-01
   outer loop
     vertex -5.429516e+03 -3.000000e+00  3.112743e+03
     vertex -5.429516e+03 -2.000000e+00  3.112743e+03
     vertex -5.396119e+03 -2.000000e+00  3.146139e+03
   endloop
 endfacet
 facet normal  7.071068e-01  0.000000e+00 -7.071068e-01
   outer loop
     vertex -5.429516e+03 -3.000000e+00  3.112743e+03
     vertex -5.396119e+03 -2.000000e+00  3.146139e+03
     vertex -5.396119e+03 -3.000000e+00  3.146139e+03
   endloop
 endfacet
 facet normal  0.000000e+00 -1.000000e+00  0.000000e+00
   outer loop
     vertex -5.479614e+03 -3.000000e+00  3.162841e+03
     vertex -5.396119e+03 -3.000000e+00  3.146139e+03
     vertex -5.446218e+03 -3.000000e+00  3.196238e+03
   endloop
 endfacet
 facet normal  0.000000e+00 -1.000000e+00  0.000000e+00
   outer loop
     vertex -5.479614e+03 -3.000000e+00  3.162841e+03
     vertex -5.429516e+03 -3.000000e+00  3.112743e+03
     vertex -5.396119e+03 -3.000000e+00  3.146139e+03
   endloop
 endfacet
 facet normal -2.169508e-01  0.000000e+00 -9.761825e-01
   outer loop
     vertex -5.020370e+03 -2.000000e+00  3.329838e+03
     vertex -4.945241e+03 -2.000000e+00  3.313141e+03
     vertex -4.945241e+03 -3.000000e+00  3.313141e+03
   endloop
 endfacet
 facet normal -2.169508e-01  0.000000e+00 -9.761825e-01
   outer loop
     vertex -5.020370e+03 -3.000000e+00  3.329838e+03
     vertex -5.020370e+03 -2.000000e+00  3.329838e+03
     vertex -4.945241e+03 -3.000000e+00  3.313141e+03
   endloop
 endfacet
 facet normal  7.071068e-01  0.000000e+00 -7.071068e-01
   outer loop
     vertex -5.212420e+03 -2.000000e+00  3.137788e+03
     vertex -5.020370e+03 -2.000000e+00  3.329838e+03
     vertex -5.020370e+03 -3.000000e+00  3.329838e+03
   endloop
 endfacet
 facet normal  7.071068e-01  0.000000e+00 -7.071068e-01
   outer loop
     vertex -5.212420e+03 -3.000000e+00  3.137788e+03
     vertex -5.212420e+03 -2.000000e+00  3.137788e+03
     vertex -5.020370e+03 -3.000000e+00  3.329838e+03
   endloop
 endfacet
 facet normal  7.071068e-01  0.000000e+00  7.071068e-01
   outer loop
     vertex -5.212420e+03 -3.000000e+00  3.137788e+03
     vertex -5.187367e+03 -3.000000e+00  3.112736e+03
     vertex -5.187367e+03 -2.000000e+00  3.112736e+03
   endloop
 endfacet
 facet normal  7.071068e-01  0.000000e+00  7.071068e-01
   outer loop
     vertex -5.212420e+03 -2.000000e+00  3.137788e+03
     vertex -5.212420e+03 -3.000000e+00  3.137788e+03
     vertex -5.187367e+03 -2.000000e+00  3.112736e+03
   endloop
 endfacet
 facet normal  7.071068e-01  0.000000e+00 -7.071068e-01
   outer loop
     vertex -5.212420e+03 -2.000000e+00  3.087683e+03
     vertex -5.187367e+03 -2.000000e+00  3.112736e+03
     vertex -5.187367e+03 -3.000000e+00  3.112736e+03
   endloop
 endfacet
 facet normal  7.071068e-01  7.070993e-10 -7.071068e-01
   outer loop
     vertex -5.212420e+03 -3.000000e+00  3.087683e+03
     vertex -5.212420e+03 -2.000000e+00  3.087683e+03
     vertex -5.187367e+03 -3.000000e+00  3.112736e+03
   endloop
 endfacet
 facet normal  7.071068e-01  0.000000e+00  7.071068e-01
   outer loop
     vertex -5.212420e+03 -3.000000e+00  3.087683e+03
     vertex -5.187367e+03 -3.000000e+00  3.062630e+03
     vertex -5.187367e+03 -2.000000e+00  3.062630e+03
   endloop
 endfacet
 facet normal  7.071068e-01 -7.070993e-10  7.071068e-01
   outer loop
     vertex -5.212420e+03 -2.000000e+00  3.087683e+03
     vertex -5.212420e+03 -3.000000e+00  3.087683e+03
     vertex -5.187367e+03 -2.000000e+00  3.062630e+03
   endloop
 endfacet
 facet normal -7.071068e-01  0.000000e+00  7.071068e-01
   outer loop
     vertex -5.162314e+03 -2.000000e+00  3.087683e+03
     vertex -5.187367e+03 -3.000000e+00  3.062630e+03
     vertex -5.162314e+03 -3.000000e+00  3.087683e+03
   endloop
 endfacet
 facet normal -7.071068e-01  0.000000e+00  7.071068e-01
   outer loop
     vertex -5.162314e+03 -2.000000e+00  3.087683e+03
     vertex -5.187367e+03 -2.000000e+00  3.062630e+03
     vertex -5.187367e+03 -3.000000e+00  3.062630e+03
   endloop
 endfacet
 facet normal  7.071068e-01  0.000000e+00  7.071068e-01
   outer loop
     vertex -5.162314e+03 -3.000000e+00  3.087683e+03
     vertex -5.137262e+03 -3.000000e+00  3.062630e+03
     vertex -5.137262e+03 -2.000000e+00  3.062630e+03
   endloop
 endfacet
 facet normal  7.071068e-01  0.000000e+00  7.071068e-01
   outer loop
     vertex -5.162314e+03 -2.000000e+00  3.087683e+03
     vertex -5.162314e+03 -3.000000e+00  3.087683e+03
     vertex -5.137262e+03 -2.000000e+00  3.062630e+03
   endloop
 endfacet
 facet normal -6.585581e-01  0.000000e+00  7.525299e-01
   outer loop
     vertex -5.137262e+03 -2.000000e+00  3.062630e+03
     vertex -5.137262e+03 -3.000000e+00  3.062630e+03
     vertex -4.936890e+03 -3.000000e+00  3.237980e+03
   endloop
 endfacet
 facet normal -6.585581e-01  0.000000e+00  7.525299e-01
   outer loop
     vertex -5.137262e+03 -2.000000e+00  3.062630e+03
     vertex -4.936890e+03 -3.000000e+00  3.237980e+03
     vertex -4.936890e+03 -2.000000e+00  3.237980e+03
   endloop
 endfacet
 facet normal -9.938841e-01  0.000000e+00 -1.104282e-01
   outer loop
     vertex -4.945241e+03 -3.000000e+00  3.313141e+03
     vertex -4.936890e+03 -2.000000e+00  3.237980e+03
     vertex -4.936890e+03 -3.000000e+00  3.237980e+03
   endloop
 endfacet
 facet normal -9.938841e-01  0.000000e+00 -1.104282e-01
   outer loop
     vertex -4.945241e+03 -3.000000e+00  3.313141e+03
     vertex -4.945241e+03 -2.000000e+00  3.313141e+03
     vertex -4.936890e+03 -2.000000e+00  3.237980e+03
   endloop
 endfacet
 facet normal  0.000000e+00 -1.000000e+00  0.000000e+00
   outer loop
     vertex -4.936890e+03 -2.000000e+00  3.237980e+03
     vertex -4.945241e+03 -2.000000e+00  3.313141e+03
     vertex -5.020370e+03 -2.000000e+00  3.329838e+03
   endloop
 endfacet
 facet normal  0.000000e+00 -1.000000e+00  0.000000e+00
   outer loop
     vertex -5.162314e+03 -2.000000e+00  3.087683e+03
     vertex -4.936890e+03 -2.000000e+00  3.237980e+03
     vertex -5.020370e+03 -2.000000e+00  3.329838e+03
   endloop
 endfacet
 facet normal  0.000000e+00 -1.000000e+00  0.000000e+00
   outer loop
     vertex -5.187367e+03 -2.000000e+00  3.112736e+03
     vertex -5.162314e+03 -2.000000e+00  3.087683e+03
     vertex -5.020370e+03 -2.000000e+00  3.329838e+03
   endloop
 endfacet
 facet normal  0.000000e+00 -1.000000e+00  0.000000e+00
   outer loop
     vertex -5.137262e+03 -2.000000e+00  3.062630e+03
     vertex -4.936890e+03 -2.000000e+00  3.237980e+03
     vertex -5.162314e+03 -2.000000e+00  3.087683e+03
   endloop
 endfacet
 facet normal  0.000000e+00 -1.000000e+00  0.000000e+00
   outer loop
     vertex -5.212420e+03 -2.000000e+00  3.137788e+03
     vertex -5.187367e+03 -2.000000e+00  3.112736e+03
     vertex -5.020370e+03 -2.000000e+00  3.329838e+03
   endloop
 endfacet
 facet normal  0.000000e+00 -1.000000e+00  0.000000e+00
   outer loop
     vertex -5.187367e+03 -2.000000e+00  3.062630e+03
     vertex -5.162314e+03 -2.000000e+00  3.087683e+03
     vertex -5.187367e+03 -2.000000e+00  3.112736e+03
   endloop
 endfacet
 facet normal  0.000000e+00 -1.000000e+00  0.000000e+00
   outer loop
     vertex -5.212420e+03 -2.000000e+00  3.087683e+03
     vertex -5.187367e+03 -2.000000e+00  3.062630e+03
     vertex -5.187367e+03 -2.000000e+00  3.112736e+03
   endloop
 endfacet
 facet normal  7.071068e-01  0.000000e+00 -7.071068e-01
   outer loop
     vertex -5.563117e+03 -3.000000e+00  2.736986e+03
     vertex -5.563117e+03 -2.000000e+00  2.736986e+03
     vertex -5.371066e+03 -2.000000e+00  2.929036e+03
   endloop
 endfacet
 facet normal  7.071068e-01  0.000000e+00 -7.071068e-01
   outer loop
     vertex -5.563117e+03 -3.000000e+00  2.736986e+03
     vertex -5.371066e+03 -2.000000e+00  2.929036e+03
     vertex -5.371066e+03 -3.000000e+00  2.929036e+03
   endloop
 endfacet
 facet normal  7.071068e-01  0.000000e+00  7.071068e-01
   outer loop
     vertex -5.563117e+03 -3.000000e+00  2.736986e+03
     vertex -5.538064e+03 -3.000000e+00  2.711933e+03
     vertex -5.538064e+03 -2.000000e+00  2.711933e+03
   endloop
 endfacet
 facet normal  7.071068e-01  0.000000e+00  7.071068e-01
   outer loop
     vertex -5.563117e+03 -2.000000e+00  2.736986e+03
     vertex -5.563117e+03 -3.000000e+00  2.736986e+03
     vertex -5.538064e+03 -2.000000e+00  2.711933e+03
   endloop
 endfacet
 facet normal -7.071068e-01  0.000000e+00  7.071068e-01
   outer loop
     vertex -5.346014e+03 -2.000000e+00  2.903984e+03
     vertex -5.538064e+03 -3.000000e+00  2.711933e+03
     vertex -5.346014e+03 -3.000000e+00  2.903984e+03
   endloop
 endfacet
 facet normal -7.071068e-01  0.000000e+00  7.071068e-01
   outer loop
     vertex -5.346014e+03 -2.000000e+00  2.903984e+03
     vertex -5.538064e+03 -2.000000e+00  2.711933e+03
     vertex -5.538064e+03 -3.000000e+00  2.711933e+03
   endloop
 endfacet
 facet normal -7.071068e-01  0.000000e+00 -7.071068e-01
   outer loop
     vertex -5.371066e+03 -3.000000e+00  2.929036e+03
     vertex -5.346014e+03 -2.000000e+00  2.903984e+03
     vertex -5.346014e+03 -3.000000e+00  2.903984e+03
   endloop
 endfacet
 facet normal -7.071068e-01  0.000000e+00 -7.071068e-01
   outer loop
     vertex -5.371066e+03 -3.000000e+00  2.929036e+03
     vertex -5.371066e+03 -2.000000e+00  2.929036e+03
     vertex -5.346014e+03 -2.000000e+00  2.903984e+03
   endloop
 endfacet
 facet normal  0.000000e+00 -1.000000e+00  0.000000e+00
   outer loop
     vertex -5.538064e+03 -2.000000e+00  2.711933e+03
     vertex -5.346014e+03 -2.000000e+00  2.903984e+03
     vertex -5.371066e+03 -2.000000e+00  2.929036e+03
   endloop
 endfacet
 facet normal  0.000000e+00 -1.000000e+00  0.000000e+00
   outer loop
     vertex -5.563117e+03 -2.000000e+00  2.736986e+03
     vertex -5.538064e+03 -2.000000e+00  2.711933e+03
     vertex -5.371066e+03 -2.000000e+00  2.929036e+03
   endloop
 endfacet
 facet normal  1.000000e+00  0.000000e+00  0.000000e+00
   outer loop
     vertex -4.500000e+03  0.000000e+00  4.000000e+03
     vertex -4.500000e+03 -3.000000e+00  4.000000e+03
     vertex -4.500000e+03 -3.000000e+00  2.000000e+03
   endloop
 endfacet
 facet normal  1.000000e+00  0.000000e+00  0.000000e+00
   outer loop
     vertex -4.500000e+03  0.000000e+00  4.000000e+03
     vertex -4.500000e+03 -3.000000e+00  2.000000e+03
     vertex -4.500000e+03  0.000000e+00  2.000000e+03
   endloop
 endfacet
 facet normal  0.000000e+00  0.000000e+00 -1.000000e+00
   outer loop
     vertex -4.500000e+03 -3.000000e+00  2.000000e+03
     vertex -6.000000e+03 -3.000000e+00  2.000000e+03
     vertex -6.000000e+03  0.000000e+00  2.000000e+03
   endloop
 endfacet
 facet normal  0.000000e+00  0.000000e+00 -1.000000e+00
   outer loop
     vertex -4.500000e+03 -3.000000e+00  2.000000e+03
     vertex -6.000000e+03  0.000000e+00  2.000000e+03
     vertex -4.500000e+03  0.000000e+00  2.000000e+03
   endloop
 endfacet
 facet normal -0.000000e+00  0.000000e+00 -1.000000e+00
   outer loop
     vertex -1.500000e+03  0.000000e+00 -2.500000e+03
     vertex -3.500000e+03 -2.000000e+02 -2.500000e+03
     vertex -3.500000e+03  0.000000e+00 -2.500000e+03
   endloop
 endfacet
 facet normal  0.000000e+00 -0.000000e+00 -1.000000e+00
   outer loop
     vertex -1.500000e+03  0.000000e+00 -2.500000e+03
     vertex -1.500000e+03 -2.000000e+02 -2.500000e+03
     vertex -3.500000e+03 -2.000000e+02 -2.500000e+03
   endloop
 endfacet
 facet normal -0.000000e+00  0.000000e+00 -1.000000e+00
   outer loop
     vertex -1.500000e+03 -2.000000e+02 -1.000000e+02
     vertex -1.650000e+03 -4.000000e+02 -1.000000e+02
     vertex -1.650000e+03 -2.000000e+02 -1.000000e+02
   endloop
 endfacet
 facet normal  0.000000e+00 -0.000000e+00 -1.000000e+00
   outer loop
     vertex -1.500000e+03 -2.000000e+02 -1.000000e+02
     vertex -1.500000e+03 -4.000000e+02 -1.000000e+02
     vertex -1.650000e+03 -4.000000e+02 -1.000000e+02
   endloop
 endfacet
 facet normal -1.000000e+00  0.000000e+00  0.000000e+00
   outer loop
     vertex -1.650000e+03 -2.000000e+02 -1.000000e+02
     vertex -1.650000e+03 -4.000000e+02  1.700000e+03
     vertex -1.650000e+03 -2.000000e+02  1.700000e+03
   endloop
 endfacet
 facet normal -1.000000e+00  0.000000e+00  0.000000e+00
   outer loop
     vertex -1.650000e+03 -2.000000e+02 -1.000000e+02
     vertex -1.650000e+03 -4.000000e+02 -1.000000e+02
     vertex -1.650000e+03 -4.000000e+02  1.700000e+03
   endloop
 endfacet
 facet normal  0.000000e+00  0.000000e+00  1.000000e+00
   outer loop
     vertex -1.650000e+03 -4.000000e+02  1.700000e+03
     vertex -1.500000e+03 -4.000000e+02  1.700000e+03
     vertex -1.500000e+03 -2.000000e+02  1.700000e+03
   endloop
 endfacet
 facet normal  0.000000e+00  0.000000e+00  1.000000e+00
   outer loop
     vertex -1.650000e+03 -4.000000e+02  1.700000e+03
     vertex -1.500000e+03 -2.000000e+02  1.700000e+03
     vertex -1.650000e+03 -2.000000e+02  1.700000e+03
   endloop
 endfacet
 facet normal  0.000000e+00 -1.000000e+00 -0.000000e+00
   outer loop
     vertex -1.500000e+03 -4.000000e+02  1.700000e+03
     vertex -1.650000e+03 -4.000000e+02 -1.000000e+02
     vertex -1.500000e+03 -4.000000e+02 -1.000000e+02
   endloop
 endfacet
 facet normal  0.000000e+00 -1.000000e+00  0.000000e+00
   outer loop
     vertex -1.650000e+03 -4.000000e+02  1.700000e+03
     vertex -1.650000e+03 -4.000000e+02 -1.000000e+02
     vertex -1.500000e+03 -4.000000e+02  1.700000e+03
   endloop
 endfacet
 facet normal -1.000000e+00  0.000000e+00  0.000000e+00
   outer loop
     vertex  2.170000e+03 -4.000000e+02  4.210000e+03
     vertex  2.170000e+03 -3.800000e+02  4.090000e+03
     vertex  2.170000e+03 -4.000000e+02  4.090000e+03
   endloop
 endfacet
 facet normal -1.000000e+00  0.000000e+00  0.000000e+00
   outer loop
     vertex  2.170000e+03 -4.000000e+02  4.210000e+03
     vertex  2.170000e+03 -3.800000e+02  4.210000e+03
     vertex  2.170000e+03 -3.800000e+02  4.090000e+03
   endloop
 endfacet
 facet normal  0.000000e+00  0.000000e+00  1.000000e+00
   outer loop
     vertex  2.170000e+03 -3.800000e+02  4.090000e+03
     vertex  2.120000e+03 -3.800000e+02  4.090000e+03
     vertex  2.120000e+03 -4.000000e+02  4.090000e+03
   endloop
 endfacet
 facet normal  0.000000e+00  0.000000e+00  1.000000e+00
   outer loop
     vertex  2.170000e+03 -3.800000e+02  4.090000e+03
     vertex  2.120000e+03 -4.000000e+02  4.090000e+03
     vertex  2.170000e+03 -4.000000e+02  4.090000e+03
   endloop
 endfacet
 facet normal  1.000000e+00  0.000000e+00 -0.000000e+00
   outer loop
     vertex  2.120000e+03 -3.800000e+02  4.090000e+03
     vertex  2.120000e+03 -3.800000e+02  4.210000e+03
     vertex  2.120000e+03 -4.000000e+02  4.210000e+03
   endloop
 endfacet
 facet normal  1.000000e+00  0.000000e+00  0.000000e+00
   outer loop
     vertex  2.120000e+03 -3.800000e+02  4.090000e+03
     vertex  2.120000e+03 -4.000000e+02  4.210000e+03
     vertex  2.120000e+03 -4.000000e+02  4.090000e+03
   endloop
 endfacet
 facet normal  0.000000e+00  0.000000e+00 -1.000000e+00
   outer loop
     vertex  2.120000e+03 -4.000000e+02  4.210000e+03
     vertex  2.170000e+03 -3.800000e+02  4.210000e+03
     vertex  2.170000e+03 -4.000000e+02  4.210000e+03
   endloop
 endfacet
 facet normal  0.000000e+00  0.000000e+00 -1.000000e+00
   outer loop
     vertex  2.120000e+03 -4.000000e+02  4.210000e+03
     vertex  2.120000e+03 -3.800000e+02  4.210000e+03
     vertex  2.170000e+03 -3.800000e+02  4.210000e+03
   endloop
 endfacet
 facet normal  0.000000e+00  1.000000e+00  0.000000e+00
   outer loop
     vertex  2.170000e+03 -3.800000e+02  4.210000e+03
     vertex  2.120000e+03 -3.800000e+02  4.210000e+03
     vertex  2.020000e+03 -3.800000e+02  4.280000e+03
   endloop
 endfacet
 facet normal  0.000000e+00  1.000000e+00  0.000000e+00
   outer loop
     vertex  2.120000e+03 -3.800000e+02  4.090000e+03
     vertex  2.020000e+03 -3.800000e+02  4.020000e+03
     vertex  2.020000e+03 -3.800000e+02  4.280000e+03
   endloop
 endfacet
 facet normal  0.000000e+00  1.000000e+00 -0.000000e+00
   outer loop
     vertex  2.120000e+03 -3.800000e+02  4.090000e+03
     vertex  2.020000e+03 -3.800000e+02  4.280000e+03
     vertex  2.120000e+03 -3.800000e+02  4.210000e+03
   endloop
 endfacet
 facet normal  0.000000e+00  1.000000e+00  0.000000e+00
   outer loop
     vertex  2.170000e+03 -3.800000e+02  4.090000e+03
     vertex  2.020000e+03 -3.800000e+02  4.020000e+03
     vertex  2.120000e+03 -3.800000e+02  4.090000e+03
   endloop
 endfacet
 facet normal  0.000000e+00  1.000000e+00  0.000000e+00
   outer loop
     vertex  2.477500e+03 -3.800000e+02  4.280000e+03
     vertex  2.170000e+03 -3.800000e+02  4.210000e+03
     vertex  2.020000e+03 -3.800000e+02  4.280000e+03
   endloop
 endfacet
 facet normal  0.000000e+00  1.000000e+00  0.000000e+00
   outer loop
     vertex  2.477500e+03 -3.800000e+02  4.020000e+03
     vertex  2.170000e+03 -3.800000e+02  4.090000e+03
     vertex  2.170000e+03 -3.800000e+02  4.210000e+03
   endloop
 endfacet
 facet normal  0.000000e+00  1.000000e+00 -0.000000e+00
   outer loop
     vertex  2.477500e+03 -3.800000e+02  4.020000e+03
     vertex  2.170000e+03 -3.800000e+02  4.210000e+03
     vertex  2.477500e+03 -3.800000e+02  4.280000e+03
   endloop
 endfacet
 facet normal  0.000000e+00  1.000000e+00  0.000000e+00
   outer loop
     vertex  2.477500e+03 -3.800000e+02  4.020000e+03
     vertex  2.020000e+03 -3.800000e+02  4.020000e+03
     vertex  2.170000e+03 -3.800000e+02  4.090000e+03
   endloop
 endfacet
 facet normal -1.000000e+00  0.000000e+00  0.000000e+00
   outer loop
     vertex  2.477500e+03 -3.800000e+02  4.280000e+03
     vertex  2.477500e+03  0.000000e+00  4.280000e+03
     vertex  2.477500e+03  0.000000e+00  4.020000e+03
   endloop
 endfacet
 facet normal -1.000000e+00  0.000000e+00  0.000000e+00
   outer loop
     vertex  2.477500e+03 -3.800000e+02  4.280000e+03
     vertex  2.477500e+03  0.000000e+00  4.020000e+03
     vertex  2.477500e+03 -3.800000e+02  4.020000e+03
   endloop
 endfacet
 facet normal  0.000000e+00  0.000000e+00 -1.000000e+00
   outer loop
     vertex  2.477500e+03 -3.800000e+02  4.280000e+03
     vertex  2.020000e+03 -3.800000e+02  4.280000e+03
     vertex  2.020000e+03  0.000000e+00  4.280000e+03
   endloop
 endfacet
 facet normal -0.000000e+00 -0.000000e+00 -1.000000e+00
   outer loop
     vertex  2.477500e+03  0.000000e+00  4.280000e+03
     vertex  2.477500e+03 -3.800000e+02  4.280000e+03
     vertex  2.020000e+03  0.000000e+00  4.280000e+03
   endloop
 endfacet
 facet normal  1.000000e+00  0.000000e+00  0.000000e+00
   outer loop
     vertex  2.020000e+03 -3.800000e+02  4.280000e+03
     vertex  2.020000e+03 -3.800000e+02  4.020000e+03
     vertex  2.020000e+03  0.000000e+00  4.020000e+03
   endloop
 endfacet
 facet normal  1.000000e+00 -0.000000e+00  0.000000e+00
   outer loop
     vertex  2.020000e+03 -3.800000e+02  4.280000e+03
     vertex  2.020000e+03  0.000000e+00  4.020000e+03
     vertex  2.020000e+03  0.000000e+00  4.280000e+03
   endloop
 endfacet
 facet normal -0.000000e+00  0.000000e+00  1.000000e+00
   outer loop
     vertex  2.020000e+03  0.000000e+00  4.020000e+03
     vertex  2.477500e+03 -3.800000e+02  4.020000e+03
     vertex  2.477500e+03  0.000000e+00  4.020000e+03
   endloop
 endfacet
 facet normal  0.000000e+00  0.000000e+00  1.000000e+00
   outer loop
     vertex  2.020000e+03 -3.800000e+02  4.020000e+03
     vertex  2.477500e+03 -3.800000e+02  4.020000e+03
     vertex  2.020000e+03  0.000000e+00  4.020000e+03
   endloop
 endfacet
 facet normal  0.000000e+00  0.000000e+00  1.000000e+00
   outer loop
     vertex  3.840000e+03 -3.800000e+02  4.090000e+03
     vertex  3.790000e+03 -3.800000e+02  4.090000e+03
     vertex  3.790000e+03 -4.000000e+02  4.090000e+03
   endloop
 endfacet
 facet normal  0.000000e+00  0.000000e+00  1.000000e+00
   outer loop
     vertex  3.840000e+03 -3.800000e+02  4.090000e+03
     vertex  3.790000e+03 -4.000000e+02  4.090000e+03
     vertex  3.840000e+03 -4.000000e+02  4.090000e+03
   endloop
 endfacet
 facet normal  1.000000e+00  0.000000e+00 -0.000000e+00
   outer loop
     vertex  3.790000e+03 -3.800000e+02  4.090000e+03
     vertex  3.790000e+03 -3.800000e+02  4.210000e+03
     vertex  3.790000e+03 -4.000000e+02  4.210000e+03
   endloop
 endfacet
 facet normal  1.000000e+00  0.000000e+00  0.000000e+00
   outer loop
     vertex  3.790000e+03 -3.800000e+02  4.090000e+03
     vertex  3.790000e+03 -4.000000e+02  4.210000e+03
     vertex  3.790000e+03 -4.000000e+02  4.090000e+03
   endloop
 endfacet
 facet normal  0.000000e+00  0.000000e+00 -1.000000e+00
   outer loop
     vertex  3.790000e+03 -4.000000e+02  4.210000e+03
     vertex  3.840000e+03 -3.800000e+02  4.210000e+03
     vertex  3.840000e+03 -4.000000e+02  4.210000e+03
   endloop
 endfacet
 facet normal  0.000000e+00  0.000000e+00 -1.000000e+00
   outer loop
     vertex  3.790000e+03 -4.000000e+02  4.210000e+03
     vertex  3.790000e+03 -3.800000e+02  4.210000e+03
     vertex  3.840000e+03 -3.800000e+02  4.210000e+03
   endloop
 endfacet
 facet normal -1.000000e+00  0.000000e+00  0.000000e+00
   outer loop
     vertex  3.840000e+03 -4.000000e+02  4.210000e+03
     vertex  3.840000e+03 -3.800000e+02  4.090000e+03
     vertex  3.840000e+03 -4.000000e+02  4.090000e+03
   endloop
 endfacet
 facet normal -1.000000e+00  0.000000e+00  0.000000e+00
   outer loop
     vertex  3.840000e+03 -4.000000e+02  4.210000e+03
     vertex  3.840000e+03 -3.800000e+02  4.210000e+03
     vertex  3.840000e+03 -3.800000e+02  4.090000e+03
   endloop
 endfacet
 facet normal  0.000000e+00  1.000000e+00  0.000000e+00
   outer loop
     vertex  3.940000e+03 -3.800000e+02  4.280000e+03
     vertex  3.840000e+03 -3.800000e+02  4.210000e+03
     vertex  3.790000e+03 -3.800000e+02  4.210000e+03
   endloop
 endfacet
 facet normal  0.000000e+00  1.000000e+00  0.000000e+00
   outer loop
     vertex  3.940000e+03 -3.800000e+02  4.280000e+03
     vertex  3.790000e+03 -3.800000e+02  4.210000e+03
     vertex  3.522500e+03 -3.800000e+02  4.280000e+03
   endloop
 endfacet
 facet normal  0.000000e+00  1.000000e+00  0.000000e+00
   outer loop
     vertex  3.790000e+03 -3.800000e+02  4.090000e+03
     vertex  3.522500e+03 -3.800000e+02  4.020000e+03
     vertex  3.522500e+03 -3.800000e+02  4.280000e+03
   endloop
 endfacet
 facet normal  0.000000e+00  1.000000e+00 -0.000000e+00
   outer loop
     vertex  3.790000e+03 -3.800000e+02  4.090000e+03
     vertex  3.522500e+03 -3.800000e+02  4.280000e+03
     vertex  3.790000e+03 -3.800000e+02  4.210000e+03
   endloop
 endfacet
 facet normal  0.000000e+00  1.000000e+00  0.000000e+00
   outer loop
     vertex  3.940000e+03 -3.800000e+02  4.020000e+03
     vertex  3.840000e+03 -3.800000e+02  4.090000e+03
     vertex  3.840000e+03 -3.800000e+02  4.210000e+03
   endloop
 endfacet
 facet normal  0.000000e+00  1.000000e+00  0.000000e+00
   outer loop
     vertex  3.940000e+03 -3.800000e+02  4.020000e+03
     vertex  3.790000e+03 -3.800000e+02  4.090000e+03
     vertex  3.840000e+03 -3.800000e+02  4.090000e+03
   endloop
 endfacet
 facet normal  0.000000e+00  1.000000e+00 -0.000000e+00
   outer loop
     vertex  3.940000e+03 -3.800000e+02  4.020000e+03
     vertex  3.840000e+03 -3.800000e+02  4.210000e+03
     vertex  3.940000e+03 -3.800000e+02  4.280000e+03
   endloop
 endfacet
 facet normal  0.000000e+00  1.000000e+00  0.000000e+00
   outer loop
     vertex  3.940000e+03 -3.800000e+02  4.020000e+03
     vertex  3.522500e+03 -3.800000e+02  4.020000e+03
     vertex  3.790000e+03 -3.800000e+02  4.090000e+03
   endloop
 endfacet
 facet normal  1.000000e+00  0.000000e+00 -0.000000e+00
   outer loop
     vertex  3.522500e+03  0.000000e+00  4.020000e+03
     vertex  3.522500e+03  0.000000e+00  4.280000e+03
     vertex  3.522500e+03 -3.800000e+02  4.280000e+03
   endloop
 endfacet
 facet normal  1.000000e+00  0.000000e+00  0.000000e+00
   outer loop
     vertex  3.522500e+03  0.000000e+00  4.020000e+03
     vertex  3.522500e+03 -3.800000e+02  4.280000e+03
     vertex  3.522500e+03 -3.800000e+02  4.020000e+03
   endloop
 endfacet
 facet normal  0.000000e+00  0.000000e+00  1.000000e+00
   outer loop
     vertex  3.522500e+03 -3.800000e+02  4.020000e+03
     vertex  3.940000e+03 -3.800000e+02  4.020000e+03
     vertex  3.940000e+03  0.000000e+00  4.020000e+03
   endloop
 endfacet
 facet normal  0.000000e+00  0.000000e+00  1.000000e+00
   outer loop
     vertex  3.522500e+03 -3.800000e+02  4.020000e+03
     vertex  3.940000e+03  0.000000e+00  4.020000e+03
     vertex  3.522500e+03  0.000000e+00  4.020000e+03
   endloop
 endfacet
 facet normal -1.000000e+00  0.000000e+00  0.000000e+00
   outer loop
     vertex  3.940000e+03  0.000000e+00  4.020000e+03
     vertex  3.940000e+03 -3.800000e+02  4.280000e+03
     vertex  3.940000e+03  0.000000e+00  4.280000e+03
   endloop
 endfacet
 facet normal -1.000000e+00  0.000000e+00  0.000000e+00
   outer loop
     vertex  3.940000e+03  0.000000e+00  4.020000e+03
     vertex  3.940000e+03 -3.800000e+02  4.020000e+03
     vertex  3.940000e+03 -3.800000e+02  4.280000e+03
   endloop
 endfacet
 facet normal -0.000000e+00  0.000000e+00 -1.000000e+00
   outer loop
     vertex  3.940000e+03  0.000000e+00  4.280000e+03
     vertex  3.522500e+03 -3.800000e+02  4.280000e+03
     vertex  3.522500e+03  0.000000e+00  4.280000e+03
   endloop
 endfacet
 facet normal  0.000000e+00 -0.000000e+00 -1.000000e+00
   outer loop
     vertex  3.940000e+03  0.000000e+00  4.280000e+03
     vertex  3.940000e+03 -3.800000e+02  4.280000e+03
     vertex  3.522500e+03 -3.800000e+02  4.280000e+03
   endloop
 endfacet
 facet normal  0.000000e+00  0.000000e+00  1.000000e+00
   outer loop
     vertex  3.065000e+03 -4.000000e+02  4.022500e+03
     vertex  2.975000e+03  0.000000e+00  4.022500e+03
     vertex  2.975000e+03 -4.000000e+02  4.022500e+03
   endloop
 endfacet
 facet normal  0.000000e+00 -0.000000e+00  1.000000e+00
   outer loop
     vertex  3.065000e+03 -4.000000e+02  4.022500e+03
     vertex  3.065000e+03  0.000000e+00  4.022500e+03
     vertex  2.975000e+03  0.000000e+00  4.022500e+03
   endloop
 endfacet
 facet normal -1.000000e+00 -0.000000e+00  0.000000e+00
   outer loop
     vertex  3.065000e+03  0.000000e+00  4.057500e+03
     vertex  3.065000e+03 -4.000000e+02  4.022500e+03
     vertex  3.065000e+03 -4.000000e+02  4.057500e+03
   endloop
 endfacet
 facet normal -1.000000e+00  0.000000e+00 -0.000000e+00
   outer loop
     vertex  3.065000e+03  0.000000e+00  4.057500e+03
     vertex  3.065000e+03  0.000000e+00  4.022500e+03
     vertex  3.065000e+03 -4.000000e+02  4.022500e+03
   endloop
 endfacet
 facet normal -0.000000e+00  0.000000e+00 -1.000000e+00
   outer loop
     vertex  3.065000e+03  0.000000e+00  4.057500e+03
     vertex  2.975000e+03 -4.000000e+02  4.057500e+03
     vertex  2.975000e+03  0.000000e+00  4.057500e+03
   endloop
 endfacet
 facet normal  0.000000e+00 -0.000000e+00 -1.000000e+00
   outer loop
     vertex  3.065000e+03  0.000000e+00  4.057500e+03
     vertex  3.065000e+03 -4.000000e+02  4.057500e+03
     vertex  2.975000e+03 -4.000000e+02  4.057500e+03
   endloop
 endfacet
 facet normal  1.000000e+00  0.000000e+00  0.000000e+00
   outer loop
     vertex  2.975000e+03 -4.000000e+02  4.057500e+03
     vertex  2.975000e+03 -4.000000e+02  4.022500e+03
     vertex  2.975000e+03  0.000000e+00  4.022500e+03
   endloop
 endfacet
 facet normal  1.000000e+00 -0.000000e+00  0.000000e+00
   outer loop
     vertex  2.975000e+03 -4.000000e+02  4.057500e+03
     vertex  2.975000e+03  0.000000e+00  4.022500e+03
     vertex  2.975000e+03  0.000000e+00  4.057500e+03
   endloop
 endfacet
 facet normal -1.000000e+00  0.000000e+00  0.000000e+00
   outer loop
     vertex -1.830000e+03 -4.000000e+02  4.210000e+03
     vertex -1.830000e+03 -3.800000e+02  4.090000e+03
     vertex -1.830000e+03 -4.000000e+02  4.090000e+03
   endloop
 endfacet
 facet normal -1.000000e+00  0.000000e+00  0.000000e+00
   outer loop
     vertex -1.830000e+03 -4.000000e+02  4.210000e+03
     vertex -1.830000e+03 -3.800000e+02  4.210000e+03
     vertex -1.830000e+03 -3.800000e+02  4.090000e+03
   endloop
 endfacet
 facet normal  0.000000e+00  0.000000e+00  1.000000e+00
   outer loop
     vertex -1.830000e+03 -3.800000e+02  4.090000e+03
     vertex -1.880000e+03 -3.800000e+02  4.090000e+03
     vertex -1.880000e+03 -4.000000e+02  4.090000e+03
   endloop
 endfacet
 facet normal  0.000000e+00  0.000000e+00  1.000000e+00
   outer loop
     vertex -1.830000e+03 -3.800000e+02  4.090000e+03
     vertex -1.880000e+03 -4.000000e+02  4.090000e+03
     vertex -1.830000e+03 -4.000000e+02  4.090000e+03
   endloop
 endfacet
 facet normal  1.000000e+00  0.000000e+00 -0.000000e+00
   outer loop
     vertex -1.880000e+03 -3.800000e+02  4.090000e+03
     vertex -1.880000e+03 -3.800000e+02  4.210000e+03
     vertex -1.880000e+03 -4.000000e+02  4.210000e+03
   endloop
 endfacet
 facet normal  1.000000e+00  0.000000e+00  0.000000e+00
   outer loop
     vertex -1.880000e+03 -3.800000e+02  4.090000e+03
     vertex -1.880000e+03 -4.000000e+02  4.210000e+03
     vertex -1.880000e+03 -4.000000e+02  4.090000e+03
   endloop
 endfacet
 facet normal  0.000000e+00  0.000000e+00 -1.000000e+00
   outer loop
     vertex -1.880000e+03 -4.000000e+02  4.210000e+03
     vertex -1.830000e+03 -3.800000e+02  4.210000e+03
     vertex -1.830000e+03 -4.000000e+02  4.210000e+03
   endloop
 endfacet
 facet normal  0.000000e+00  0.000000e+00 -1.000000e+00
   outer loop
     vertex -1.880000e+03 -4.000000e+02  4.210000e+03
     vertex -1.880000e+03 -3.800000e+02  4.210000e+03
     vertex -1.830000e+03 -3.800000e+02  4.210000e+03
   endloop
 endfacet
 facet normal  0.000000e+00  1.000000e+00  0.000000e+00
   outer loop
     vertex -1.830000e+03 -3.800000e+02  4.210000e+03
     vertex -1.880000e+03 -3.800000e+02  4.210000e+03
     vertex -1.980000e+03 -3.800000e+02  4.280000e+03
   endloop
 endfacet
 facet normal  0.000000e+00  1.000000e+00  0.000000e+00
   outer loop
     vertex -1.880000e+03 -3.800000e+02  4.090000e+03
     vertex -1.980000e+03 -3.800000e+02  4.020000e+03
     vertex -1.980000e+03 -3.800000e+02  4.280000e+03
   endloop
 endfacet
 facet normal  0.000000e+00  1.000000e+00 -0.000000e+00
   outer loop
     vertex -1.880000e+03 -3.800000e+02  4.090000e+03
     vertex -1.980000e+03 -3.800000e+02  4.280000e+03
     vertex -1.880000e+03 -3.800000e+02  4.210000e+03
   endloop
 endfacet
 facet normal  0.000000e+00  1.000000e+00  0.000000e+00
   outer loop
     vertex -1.830000e+03 -3.800000e+02  4.090000e+03
     vertex -1.980000e+03 -3.800000e+02  4.020000e+03
     vertex -1.880000e+03 -3.800000e+02  4.090000e+03
   endloop
 endfacet
 facet normal  0.000000e+00  1.000000e+00  0.000000e+00
   outer loop
     vertex -1.522500e+03 -3.800000e+02  4.280000e+03
     vertex -1.830000e+03 -3.800000e+02  4.210000e+03
     vertex -1.980000e+03 -3.800000e+02  4.280000e+03
   endloop
 endfacet
 facet normal  0.000000e+00  1.000000e+00  0.000000e+00
   outer loop
     vertex -1.522500e+03 -3.800000e+02  4.020000e+03
     vertex -1.830000e+03 -3.800000e+02  4.090000e+03
     vertex -1.830000e+03 -3.800000e+02  4.210000e+03
   endloop
 endfacet
 facet normal  0.000000e+00  1.000000e+00 -0.000000e+00
   outer loop
     vertex -1.522500e+03 -3.800000e+02  4.020000e+03
     vertex -1.830000e+03 -3.800000e+02  4.210000e+03
     vertex -1.522500e+03 -3.800000e+02  4.280000e+03
   endloop
 endfacet
 facet normal  0.000000e+00  1.000000e+00  0.000000e+00
   outer loop
     vertex -1.522500e+03 -3.800000e+02  4.020000e+03
     vertex -1.980000e+03 -3.800000e+02  4.020000e+03
     vertex -1.830000e+03 -3.800000e+02  4.090000e+03
   endloop
 endfacet
 facet normal -1.000000e+00  0.000000e+00  0.000000e+00
   outer loop
     vertex -1.522500e+03 -3.800000e+02  4.280000e+03
     vertex -1.522500e+03  0.000000e+00  4.280000e+03
     vertex -1.522500e+03  0.000000e+00  4.020000e+03
   endloop
 endfacet
 facet normal -1.000000e+00  0.000000e+00  0.000000e+00
   outer loop
     vertex -1.522500e+03 -3.800000e+02  4.280000e+03
     vertex -1.522500e+03  0.000000e+00  4.020000e+03
     vertex -1.522500e+03 -3.800000e+02  4.020000e+03
   endloop
 endfacet
 facet normal  0.000000e+00  0.000000e+00 -1.000000e+00
   outer loop
     vertex -1.522500e+03 -3.800000e+02  4.280000e+03
     vertex -1.980000e+03 -3.800000e+02  4.280000e+03
     vertex -1.980000e+03  0.000000e+00  4.280000e+03
   endloop
 endfacet
 facet normal -0.000000e+00 -0.000000e+00 -1.000000e+00
   outer loop
     vertex -1.522500e+03  0.000000e+00  4.280000e+03
     vertex -1.522500e+03 -3.800000e+02  4.280000e+03
     vertex -1.980000e+03  0.000000e+00  4.280000e+03
   endloop
 endfacet
 facet normal  1.000000e+00  0.000000e+00  0.000000e+00
   outer loop
     vertex -1.980000e+03 -3.800000e+02  4.280000e+03
     vertex -1.980000e+03 -3.800000e+02  4.020000e+03
     vertex -1.980000e+03  0.000000e+00  4.020000e+03
   endloop
 endfacet
 facet normal  1.000000e+00 -0.000000e+00  0.000000e+00
   outer loop
     vertex -1.980000e+03 -3.800000e+02  4.280000e+03
     vertex -1.980000e+03  0.000000e+00  4.020000e+03
     vertex -1.980000e+03  0.000000e+00  4.280000e+03
   endloop
 endfacet
 facet normal -0.000000e+00  0.000000e+00  1.000000e+00
   outer loop
     vertex -1.980000e+03  0.000000e+00  4.020000e+03
     vertex -1.522500e+03 -3.800000e+02  4.020000e+03
     vertex -1.522500e+03  0.000000e+00  4.020000e+03
   endloop
 endfacet
 facet normal  0.000000e+00  0.000000e+00  1.000000e+00
   outer loop
     vertex -1.980000e+03 -3.800000e+02  4.020000e+03
     vertex -1.522500e+03 -3.800000e+02  4.020000e+03
     vertex -1.980000e+03  0.000000e+00  4.020000e+03
   endloop
 endfacet
 facet normal  0.000000e+00  0.000000e+00  1.000000e+00
   outer loop
     vertex -1.600000e+02 -3.800000e+02  4.090000e+03
     vertex -2.100000e+02 -3.800000e+02  4.090000e+03
     vertex -2.100000e+02 -4.000000e+02  4.090000e+03
   endloop
 endfacet
 facet normal  0.000000e+00  0.000000e+00  1.000000e+00
   outer loop
     vertex -1.600000e+02 -3.800000e+02  4.090000e+03
     vertex -2.100000e+02 -4.000000e+02  4.090000e+03
     vertex -1.600000e+02 -4.000000e+02  4.090000e+03
   endloop
 endfacet
 facet normal  1.000000e+00  0.000000e+00 -0.000000e+00
   outer loop
     vertex -2.100000e+02 -3.800000e+02  4.090000e+03
     vertex -2.100000e+02 -3.800000e+02  4.210000e+03
     vertex -2.100000e+02 -4.000000e+02  4.210000e+03
   endloop
 endfacet
 facet normal  1.000000e+00  0.000000e+00  0.000000e+00
   outer loop
     vertex -2.100000e+02 -3.800000e+02  4.090000e+03
     vertex -2.100000e+02 -4.000000e+02  4.210000e+03
     vertex -2.100000e+02 -4.000000e+02  4.090000e+03
   endloop
 endfacet
 facet normal  0.000000e+00  0.000000e+00 -1.000000e+00
   outer loop
     vertex -2.100000e+02 -4.000000e+02  4.210000e+03
     vertex -1.600000e+02 -3.800000e+02  4.210000e+03
     vertex -1.600000e+02 -4.000000e+02  4.210000e+03
   endloop
 endfacet
 facet normal  0.000000e+00  0.000000e+00 -1.000000e+00
   outer loop
     vertex -2.100000e+02 -4.000000e+02  4.210000e+03
     vertex -2.100000e+02 -3.800000e+02  4.210000e+03
     vertex -1.600000e+02 -3.800000e+02  4.210000e+03
   endloop
 endfacet
 facet normal -1.000000e+00  0.000000e+00  0.000000e+00
   outer loop
     vertex -1.600000e+02 -4.000000e+02  4.210000e+03
     vertex -1.600000e+02 -3.800000e+02  4.090000e+03
     vertex -1.600000e+02 -4.000000e+02  4.090000e+03
   endloop
 endfacet
 facet normal -1.000000e+00  0.000000e+00  0.000000e+00
   outer loop
     vertex -1.600000e+02 -4.000000e+02  4.210000e+03
     vertex -1.600000e+02 -3.800000e+02  4.210000e+03
     vertex -1.600000e+02 -3.800000e+02  4.090000e+03
   endloop
 endfacet
 facet normal  0.000000e+00  1.000000e+00  0.000000e+00
   outer loop
     vertex -6.000000e+01 -3.800000e+02  4.280000e+03
     vertex -1.600000e+02 -3.800000e+02  4.210000e+03
     vertex -2.100000e+02 -3.800000e+02  4.210000e+03
   endloop
 endfacet
 facet normal  0.000000e+00  1.000000e+00  0.000000e+00
   outer loop
     vertex -6.000000e+01 -3.800000e+02  4.280000e+03
     vertex -2.100000e+02 -3.800000e+02  4.210000e+03
     vertex -4.775000e+02 -3.800000e+02  4.280000e+03
   endloop
 endfacet
 facet normal  0.000000e+00  1.000000e+00  0.000000e+00
   outer loop
     vertex -2.100000e+02 -3.800000e+02  4.090000e+03
     vertex -4.775000e+02 -3.800000e+02  4.020000e+03
     vertex -4.775000e+02 -3.800000e+02  4.280000e+03
   endloop
 endfacet
 facet normal  0.000000e+00  1.000000e+00 -0.000000e+00
   outer loop
     vertex -2.100000e+02 -3.800000e+02  4.090000e+03
     vertex -4.775000e+02 -3.800000e+02  4.280000e+03
     vertex -2.100000e+02 -3.800000e+02  4.210000e+03
   endloop
 endfacet
 facet normal  0.000000e+00  1.000000e+00  0.000000e+00
   outer loop
     vertex -6.000000e+01 -3.800000e+02  4.020000e+03
     vertex -1.600000e+02 -3.800000e+02  4.090000e+03
     vertex -1.600000e+02 -3.800000e+02  4.210000e+03
   endloop
 endfacet
 facet normal  0.000000e+00  1.000000e+00  0.000000e+00
   outer loop
     vertex -6.000000e+01 -3.800000e+02  4.020000e+03
     vertex -2.100000e+02 -3.800000e+02  4.090000e+03
     vertex -1.600000e+02 -3.800000e+02  4.090000e+03
   endloop
 endfacet
 facet normal  0.000000e+00  1.000000e+00 -0.000000e+00
   outer loop
     vertex -6.000000e+01 -3.800000e+02  4.020000e+03
     vertex -1.600000e+02 -3.800000e+02  4.210000e+03
     vertex -6.000000e+01 -3.800000e+02  4.280000e+03
   endloop
 endfacet
 facet normal  0.000000e+00  1.000000e+00  0.000000e+00
   outer loop
     vertex -6.000000e+01 -3.800000e+02  4.020000e+03
     vertex -4.775000e+02 -3.800000e+02  4.020000e+03
     vertex -2.100000e+02 -3.800000e+02  4.090000e+03
   endloop
 endfacet
 facet normal  1.000000e+00  0.000000e+00 -0.000000e+00
   outer loop
     vertex -4.775000e+02  0.000000e+00  4.020000e+03
     vertex -4.775000e+02  0.000000e+00  4.280000e+03
     vertex -4.775000e+02 -3.800000e+02  4.280000e+03
   endloop
 endfacet
 facet normal  1.000000e+00  0.000000e+00  0.000000e+00
   outer loop
     vertex -4.775000e+02  0.000000e+00  4.020000e+03
     vertex -4.775000e+02 -3.800000e+02  4.280000e+03
     vertex -4.775000e+02 -3.800000e+02  4.020000e+03
   endloop
 endfacet
 facet normal  0.000000e+00  0.000000e+00  1.000000e+00
   outer loop
     vertex -4.775000e+02 -3.800000e+02  4.020000e+03
     vertex -6.000000e+01 -3.800000e+02  4.020000e+03
     vertex -6.000000e+01  0.000000e+00  4.020000e+03
   endloop
 endfacet
 facet normal  0.000000e+00  0.000000e+00  1.000000e+00
   outer loop
     vertex -4.775000e+02 -3.800000e+02  4.020000e+03
     vertex -6.000000e+01  0.000000e+00  4.020000e+03
     vertex -4.775000e+02  0.000000e+00  4.020000e+03
   endloop
 endfacet
 facet normal -1.000000e+00  0.000000e+00  0.000000e+00
   outer loop
     vertex -6.000000e+01  0.000000e+00  4.020000e+03
     vertex -6.000000e+01 -3.800000e+02  4.280000e+03
     vertex -6.000000e+01  0.000000e+00  4.280000e+03
   endloop
 endfacet
 facet normal -1.000000e+00  0.000000e+00  0.000000e+00
   outer loop
     vertex -6.000000e+01  0.000000e+00  4.020000e+03
     vertex -6.000000e+01 -3.800000e+02  4.020000e+03
     vertex -6.000000e+01 -3.800000e+02  4.280000e+03
   endloop
 endfacet
 facet normal -0.000000e+00  0.000000e+00 -1.000000e+00
   outer loop
     vertex -6.000000e+01  0.000000e+00  4.280000e+03
     vertex -4.775000e+02 -3.800000e+02  4.280000e+03
     vertex -4.775000e+02  0.000000e+00  4.280000e+03
   endloop
 endfacet
 facet normal  0.000000e+00 -0.000000e+00 -1.000000e+00
   outer loop
     vertex -6.000000e+01  0.000000e+00  4.280000e+03
     vertex -6.000000e+01 -3.800000e+02  4.280000e+03
     vertex -4.775000e+02 -3.800000e+02  4.280000e+03
   endloop
 endfacet
 facet normal  0.000000e+00  0.000000e+00  1.000000e+00
   outer loop
     vertex -9.350000e+02 -4.000000e+02  4.022500e+03
     vertex -1.025000e+03  0.000000e+00  4.022500e+03
     vertex -1.025000e+03 -4.000000e+02  4.022500e+03
   endloop
 endfacet
 facet normal  0.000000e+00 -0.000000e+00  1.000000e+00
   outer loop
     vertex -9.350000e+02 -4.000000e+02  4.022500e+03
     vertex -9.350000e+02  0.000000e+00  4.022500e+03
     vertex -1.025000e+03  0.000000e+00  4.022500e+03
   endloop
 endfacet
 facet normal -1.000000e+00 -0.000000e+00  0.000000e+00
   outer loop
     vertex -9.350000e+02  0.000000e+00  4.057500e+03
     vertex -9.350000e+02 -4.000000e+02  4.022500e+03
     vertex -9.350000e+02 -4.000000e+02  4.057500e+03
   endloop
 endfacet
 facet normal -1.000000e+00  0.000000e+00 -0.000000e+00
   outer loop
     vertex -9.350000e+02  0.000000e+00  4.057500e+03
     vertex -9.350000e+02  0.000000e+00  4.022500e+03
     vertex -9.350000e+02 -4.000000e+02  4.022500e+03
   endloop
 endfacet
 facet normal -0.000000e+00  0.000000e+00 -1.000000e+00
   outer loop
     vertex -9.350000e+02  0.000000e+00  4.057500e+03
     vertex -1.025000e+03 -4.000000e+02  4.057500e+03
     vertex -1.025000e+03  0.000000e+00  4.057500e+03
   endloop
 endfacet
 facet normal  0.000000e+00 -0.000000e+00 -1.000000e+00
   outer loop
     vertex -9.350000e+02  0.000000e+00  4.057500e+03
     vertex -9.350000e+02 -4.000000e+02  4.057500e+03
     vertex -1.025000e+03 -4.000000e+02  4.057500e+03
   endloop
 endfacet
 facet normal  1.000000e+00  0.000000e+00  0.000000e+00
   outer loop
     vertex -1.025000e+03 -4.000000e+02  4.057500e+03
     vertex -1.025000e+03 -4.000000e+02  4.022500e+03
     vertex -1.025000e+03  0.000000e+00  4.022500e+03
   endloop
 endfacet
 facet normal  1.000000e+00 -0.000000e+00  0.000000e+00
   outer loop
     vertex -1.025000e+03 -4.000000e+02  4.057500e+03
     vertex -1.025000e+03  0.000000e+00  4.022500e+03
     vertex -1.025000e+03  0.000000e+00  4.057500e+03
   endloop
 endfacet
 facet normal  0.000000e+00  0.000000e+00  1.000000e+00
   outer loop
     vertex -2.935000e+03 -4.000000e+02  4.022500e+03
     vertex -3.025000e+03  0.000000e+00  4.022500e+03
     vertex -3.025000e+03 -4.000000e+02  4.022500e+03
   endloop
 endfacet
 facet normal  0.000000e+00 -0.000000e+00  1.000000e+00
   outer loop
     vertex -2.935000e+03 -4.000000e+02  4.022500e+03
     vertex -2.935000e+03  0.000000e+00  4.022500e+03
     vertex -3.025000e+03  0.000000e+00  4.022500e+03
   endloop
 endfacet
 facet normal -1.000000e+00 -0.000000e+00  0.000000e+00
   outer loop
     vertex -2.935000e+03  0.000000e+00  4.057500e+03
     vertex -2.935000e+03 -4.000000e+02  4.022500e+03
     vertex -2.935000e+03 -4.000000e+02  4.057500e+03
   endloop
 endfacet
 facet normal -1.000000e+00  0.000000e+00 -0.000000e+00
   outer loop
     vertex -2.935000e+03  0.000000e+00  4.057500e+03
     vertex -2.935000e+03  0.000000e+00  4.022500e+03
     vertex -2.935000e+03 -4.000000e+02  4.022500e+03
   endloop
 endfacet
 facet normal -0.000000e+00  0.000000e+00 -1.000000e+00
   outer loop
     vertex -2.935000e+03  0.000000e+00  4.057500e+03
     vertex -3.025000e+03 -4.000000e+02  4.057500e+03
     vertex -3.025000e+03  0.000000e+00  4.057500e+03
   endloop
 endfacet
 facet normal  0.000000e+00 -0.000000e+00 -1.000000e+00
   outer loop
     vertex -2.935000e+03  0.000000e+00  4.057500e+03
     vertex -2.935000e+03 -4.000000e+02  4.057500e+03
     vertex -3.025000e+03 -4.000000e+02  4.057500e+03
   endloop
 endfacet
 facet normal  1.000000e+00  0.000000e+00  0.000000e+00
   outer loop
     vertex -3.025000e+03 -4.000000e+02  4.057500e+03
     vertex -3.025000e+03 -4.000000e+02  4.022500e+03
     vertex -3.025000e+03  0.000000e+00  4.022500e+03
   endloop
 endfacet
 facet normal  1.000000e+00 -0.000000e+00  0.000000e+00
   outer loop
     vertex -3.025000e+03 -4.000000e+02  4.057500e+03
     vertex -3.025000e+03  0.000000e+00  4.022500e+03
     vertex -3.025000e+03  0.000000e+00  4.057500e+03
   endloop
 endfacet
 facet normal  0.000000e+00  0.000000e+00  1.000000e+00
   outer loop
     vertex -2.160000e+03 -3.800000e+02  4.090000e+03
     vertex -2.210000e+03 -3.800000e+02  4.090000e+03
     vertex -2.210000e+03 -4.000000e+02  4.090000e+03
   endloop
 endfacet
 facet normal  0.000000e+00  0.000000e+00  1.000000e+00
   outer loop
     vertex -2.160000e+03 -3.800000e+02  4.090000e+03
     vertex -2.210000e+03 -4.000000e+02  4.090000e+03
     vertex -2.160000e+03 -4.000000e+02  4.090000e+03
   endloop
 endfacet
 facet normal  1.000000e+00  0.000000e+00 -0.000000e+00
   outer loop
     vertex -2.210000e+03 -3.800000e+02  4.090000e+03
     vertex -2.210000e+03 -3.800000e+02  4.210000e+03
     vertex -2.210000e+03 -4.000000e+02  4.210000e+03
   endloop
 endfacet
 facet normal  1.000000e+00  0.000000e+00  0.000000e+00
   outer loop
     vertex -2.210000e+03 -3.800000e+02  4.090000e+03
     vertex -2.210000e+03 -4.000000e+02  4.210000e+03
     vertex -2.210000e+03 -4.000000e+02  4.090000e+03
   endloop
 endfacet
 facet normal  0.000000e+00  0.000000e+00 -1.000000e+00
   outer loop
     vertex -2.210000e+03 -4.000000e+02  4.210000e+03
     vertex -2.160000e+03 -3.800000e+02  4.210000e+03
     vertex -2.160000e+03 -4.000000e+02  4.210000e+03
   endloop
 endfacet
 facet normal  0.000000e+00  0.000000e+00 -1.000000e+00
   outer loop
     vertex -2.210000e+03 -4.000000e+02  4.210000e+03
     vertex -2.210000e+03 -3.800000e+02  4.210000e+03
     vertex -2.160000e+03 -3.800000e+02  4.210000e+03
   endloop
 endfacet
 facet normal -1.000000e+00  0.000000e+00  0.000000e+00
   outer loop
     vertex -2.160000e+03 -4.000000e+02  4.210000e+03
     vertex -2.160000e+03 -3.800000e+02  4.090000e+03
     vertex -2.160000e+03 -4.000000e+02  4.090000e+03
   endloop
 endfacet
 facet normal -1.000000e+00  0.000000e+00  0.000000e+00
   outer loop
     vertex -2.160000e+03 -4.000000e+02  4.210000e+03
     vertex -2.160000e+03 -3.800000e+02  4.210000e+03
     vertex -2.160000e+03 -3.800000e+02  4.090000e+03
   endloop
 endfacet
 facet normal  0.000000e+00  1.000000e+00  0.000000e+00
   outer loop
     vertex -2.060000e+03 -3.800000e+02  4.280000e+03
     vertex -2.160000e+03 -3.800000e+02  4.210000e+03
     vertex -2.210000e+03 -3.800000e+02  4.210000e+03
   endloop
 endfacet
 facet normal  0.000000e+00  1.000000e+00  0.000000e+00
   outer loop
     vertex -2.060000e+03 -3.800000e+02  4.280000e+03
     vertex -2.210000e+03 -3.800000e+02  4.210000e+03
     vertex -2.477500e+03 -3.800000e+02  4.280000e+03
   endloop
 endfacet
 facet normal  0.000000e+00  1.000000e+00  0.000000e+00
   outer loop
     vertex -2.210000e+03 -3.800000e+02  4.090000e+03
     vertex -2.477500e+03 -3.800000e+02  4.020000e+03
     vertex -2.477500e+03 -3.800000e+02  4.280000e+03
   endloop
 endfacet
 facet normal  0.000000e+00  1.000000e+00 -0.000000e+00
   outer loop
     vertex -2.210000e+03 -3.800000e+02  4.090000e+03
     vertex -2.477500e+03 -3.800000e+02  4.280000e+03
     vertex -2.210000e+03 -3.800000e+02  4.210000e+03
   endloop
 endfacet
 facet normal  0.000000e+00  1.000000e+00  0.000000e+00
   outer loop
     vertex -2.060000e+03 -3.800000e+02  4.020000e+03
     vertex -2.160000e+03 -3.800000e+02  4.090000e+03
     vertex -2.160000e+03 -3.800000e+02  4.210000e+03
   endloop
 endfacet
 facet normal  0.000000e+00  1.000000e+00  0.000000e+00
   outer loop
     vertex -2.060000e+03 -3.800000e+02  4.020000e+03
     vertex -2.210000e+03 -3.800000e+02  4.090000e+03
     vertex -2.160000e+03 -3.800000e+02  4.090000e+03
   endloop
 endfacet
 facet normal  0.000000e+00  1.000000e+00 -0.000000e+00
   outer loop
     vertex -2.060000e+03 -3.800000e+02  4.020000e+03
     vertex -2.160000e+03 -3.800000e+02  4.210000e+03
     vertex -2.060000e+03 -3.800000e+02  4.280000e+03
   endloop
 endfacet
 facet normal  0.000000e+00  1.000000e+00  0.000000e+00
   outer loop
     vertex -2.060000e+03 -3.800000e+02  4.020000e+03
     vertex -2.477500e+03 -3.800000e+02  4.020000e+03
     vertex -2.210000e+03 -3.800000e+02  4.090000e+03
   endloop
 endfacet
 facet normal  1.000000e+00  0.000000e+00 -0.000000e+00
   outer loop
     vertex -2.477500e+03  0.000000e+00  4.020000e+03
     vertex -2.477500e+03  0.000000e+00  4.280000e+03
     vertex -2.477500e+03 -3.800000e+02  4.280000e+03
   endloop
 endfacet
 facet normal  1.000000e+00  0.000000e+00  0.000000e+00
   outer loop
     vertex -2.477500e+03  0.000000e+00  4.020000e+03
     vertex -2.477500e+03 -3.800000e+02  4.280000e+03
     vertex -2.477500e+03 -3.800000e+02  4.020000e+03
   endloop
 endfacet
 facet normal  0.000000e+00  0.000000e+00  1.000000e+00
   outer loop
     vertex -2.477500e+03 -3.800000e+02  4.020000e+03
     vertex -2.060000e+03 -3.800000e+02  4.020000e+03
     vertex -2.060000e+03  0.000000e+00  4.020000e+03
   endloop
 endfacet
 facet normal  0.000000e+00  0.000000e+00  1.000000e+00
   outer loop
     vertex -2.477500e+03 -3.800000e+02  4.020000e+03
     vertex -2.060000e+03  0.000000e+00  4.020000e+03
     vertex -2.477500e+03  0.000000e+00  4.020000e+03
   endloop
 endfacet
 facet normal -1.000000e+00  0.000000e+00  0.000000e+00
   outer loop
     vertex -2.060000e+03  0.000000e+00  4.020000e+03
     vertex -2.060000e+03 -3.800000e+02  4.280000e+03
     vertex -2.060000e+03  0.000000e+00  4.280000e+03
   endloop
 endfacet
 facet normal -1.000000e+00  0.000000e+00  0.000000e+00
   outer loop
     vertex -2.060000e+03  0.000000e+00  4.020000e+03
     vertex -2.060000e+03 -3.800000e+02  4.020000e+03
     vertex -2.060000e+03 -3.800000e+02  4.280000e+03
   endloop
 endfacet
 facet normal -0.000000e+00  0.000000e+00 -1.000000e+00
   outer loop
     vertex -2.060000e+03  0.000000e+00  4.280000e+03
     vertex -2.477500e+03 -3.800000e+02  4.280000e+03
     vertex -2.477500e+03  0.000000e+00  4.280000e+03
   endloop
 endfacet
 facet normal  0.000000e+00 -0.000000e+00 -1.000000e+00
   outer loop
     vertex -2.060000e+03  0.000000e+00  4.280000e+03
     vertex -2.060000e+03 -3.800000e+02  4.280000e+03
     vertex -2.477500e+03 -3.800000e+02  4.280000e+03
   endloop
 endfacet
 facet normal -1.000000e+00  0.000000e+00  0.000000e+00
   outer loop
     vertex -3.830000e+03 -4.000000e+02  4.210000e+03
     vertex -3.830000e+03 -3.800000e+02  4.090000e+03
     vertex -3.830000e+03 -4.000000e+02  4.090000e+03
   endloop
 endfacet
 facet normal -1.000000e+00  0.000000e+00  0.000000e+00
   outer loop
     vertex -3.830000e+03 -4.000000e+02  4.210000e+03
     vertex -3.830000e+03 -3.800000e+02  4.210000e+03
     vertex -3.830000e+03 -3.800000e+02  4.090000e+03
   endloop
 endfacet
 facet normal  0.000000e+00  0.000000e+00  1.000000e+00
   outer loop
     vertex -3.830000e+03 -3.800000e+02  4.090000e+03
     vertex -3.880000e+03 -3.800000e+02  4.090000e+03
     vertex -3.880000e+03 -4.000000e+02  4.090000e+03
   endloop
 endfacet
 facet normal  0.000000e+00  0.000000e+00  1.000000e+00
   outer loop
     vertex -3.830000e+03 -3.800000e+02  4.090000e+03
     vertex -3.880000e+03 -4.000000e+02  4.090000e+03
     vertex -3.830000e+03 -4.000000e+02  4.090000e+03
   endloop
 endfacet
 facet normal  1.000000e+00  0.000000e+00 -0.000000e+00
   outer loop
     vertex -3.880000e+03 -3.800000e+02  4.090000e+03
     vertex -3.880000e+03 -3.800000e+02  4.210000e+03
     vertex -3.880000e+03 -4.000000e+02  4.210000e+03
   endloop
 endfacet
 facet normal  1.000000e+00  0.000000e+00  0.000000e+00
   outer loop
     vertex -3.880000e+03 -3.800000e+02  4.090000e+03
     vertex -3.880000e+03 -4.000000e+02  4.210000e+03
     vertex -3.880000e+03 -4.000000e+02  4.090000e+03
   endloop
 endfacet
 facet normal  0.000000e+00  0.000000e+00 -1.000000e+00
   outer loop
     vertex -3.880000e+03 -4.000000e+02  4.210000e+03
     vertex -3.830000e+03 -3.800000e+02  4.210000e+03
     vertex -3.830000e+03 -4.000000e+02  4.210000e+03
   endloop
 endfacet
 facet normal  0.000000e+00  0.000000e+00 -1.000000e+00
   outer loop
     vertex -3.880000e+03 -4.000000e+02  4.210000e+03
     vertex -3.880000e+03 -3.800000e+02  4.210000e+03
     vertex -3.830000e+03 -3.800000e+02  4.210000e+03
   endloop
 endfacet
 facet normal  0.000000e+00  1.000000e+00  0.000000e+00
   outer loop
     vertex -3.830000e+03 -3.800000e+02  4.210000e+03
     vertex -3.880000e+03 -3.800000e+02  4.210000e+03
     vertex -3.980000e+03 -3.800000e+02  4.280000e+03
   endloop
 endfacet
 facet normal  0.000000e+00  1.000000e+00  0.000000e+00
   outer loop
     vertex -3.880000e+03 -3.800000e+02  4.090000e+03
     vertex -3.980000e+03 -3.800000e+02  4.020000e+03
     vertex -3.980000e+03 -3.800000e+02  4.280000e+03
   endloop
 endfacet
 facet normal  0.000000e+00  1.000000e+00 -0.000000e+00
   outer loop
     vertex -3.880000e+03 -3.800000e+02  4.090000e+03
     vertex -3.980000e+03 -3.800000e+02  4.280000e+03
     vertex -3.880000e+03 -3.800000e+02  4.210000e+03
   endloop
 endfacet
 facet normal  0.000000e+00  1.000000e+00  0.000000e+00
   outer loop
     vertex -3.830000e+03 -3.800000e+02  4.090000e+03
     vertex -3.980000e+03 -3.800000e+02  4.020000e+03
     vertex -3.880000e+03 -3.800000e+02  4.090000e+03
   endloop
 endfacet
 facet normal  0.000000e+00  1.000000e+00  0.000000e+00
   outer loop
     vertex -3.522500e+03 -3.800000e+02  4.280000e+03
     vertex -3.830000e+03 -3.800000e+02  4.210000e+03
     vertex -3.980000e+03 -3.800000e+02  4.280000e+03
   endloop
 endfacet
 facet normal  0.000000e+00  1.000000e+00  0.000000e+00
   outer loop
     vertex -3.522500e+03 -3.800000e+02  4.020000e+03
     vertex -3.830000e+03 -3.800000e+02  4.090000e+03
     vertex -3.830000e+03 -3.800000e+02  4.210000e+03
   endloop
 endfacet
 facet normal  0.000000e+00  1.000000e+00 -0.000000e+00
   outer loop
     vertex -3.522500e+03 -3.800000e+02  4.020000e+03
     vertex -3.830000e+03 -3.800000e+02  4.210000e+03
     vertex -3.522500e+03 -3.800000e+02  4.280000e+03
   endloop
 endfacet
 facet normal  0.000000e+00  1.000000e+00  0.000000e+00
   outer loop
     vertex -3.522500e+03 -3.800000e+02  4.020000e+03
     vertex -3.980000e+03 -3.800000e+02  4.020000e+03
     vertex -3.830000e+03 -3.800000e+02  4.090000e+03
   endloop
 endfacet
 facet normal -1.000000e+00  0.000000e+00  0.000000e+00
   outer loop
     vertex -3.522500e+03 -3.800000e+02  4.280000e+03
     vertex -3.522500e+03  0.000000e+00  4.280000e+03
     vertex -3.522500e+03  0.000000e+00  4.020000e+03
   endloop
 endfacet
 facet normal -1.000000e+00  0.000000e+00  0.000000e+00
   outer loop
     vertex -3.522500e+03 -3.800000e+02  4.280000e+03
     vertex -3.522500e+03  0.000000e+00  4.020000e+03
     vertex -3.522500e+03 -3.800000e+02  4.020000e+03
   endloop
 endfacet
 facet normal  0.000000e+00  0.000000e+00 -1.000000e+00
   outer loop
     vertex -3.522500e+03 -3.800000e+02  4.280000e+03
     vertex -3.980000e+03 -3.800000e+02  4.280000e+03
     vertex -3.980000e+03  0.000000e+00  4.280000e+03
   endloop
 endfacet
 facet normal -0.000000e+00 -0.000000e+00 -1.000000e+00
   outer loop
     vertex -3.522500e+03  0.000000e+00  4.280000e+03
     vertex -3.522500e+03 -3.800000e+02  4.280000e+03
     vertex -3.980000e+03  0.000000e+00  4.280000e+03
   endloop
 endfacet
 facet normal  1.000000e+00  0.000000e+00  0.000000e+00
   outer loop
     vertex -3.980000e+03 -3.800000e+02  4.280000e+03
     vertex -3.980000e+03 -3.800000e+02  4.020000e+03
     vertex -3.980000e+03  0.000000e+00  4.020000e+03
   endloop
 endfacet
 facet normal  1.000000e+00 -0.000000e+00  0.000000e+00
   outer loop
     vertex -3.980000e+03 -3.800000e+02  4.280000e+03
     vertex -3.980000e+03  0.000000e+00  4.020000e+03
     vertex -3.980000e+03  0.000000e+00  4.280000e+03
   endloop
 endfacet
 facet normal -0.000000e+00  0.000000e+00  1.000000e+00
   outer loop
     vertex -3.980000e+03  0.000000e+00  4.020000e+03
     vertex -3.522500e+03 -3.800000e+02  4.020000e+03
     vertex -3.522500e+03  0.000000e+00  4.020000e+03
   endloop
 endfacet
 facet normal  0.000000e+00  0.000000e+00  1.000000e+00
   outer loop
     vertex -3.980000e+03 -3.800000e+02  4.020000e+03
     vertex -3.522500e+03 -3.800000e+02  4.020000e+03
     vertex -3.980000e+03  0.000000e+00  4.020000e+03
   endloop
 endfacet
 facet normal  0.000000e+00  0.000000e+00  1.000000e+00
   outer loop
     vertex -4.935000e+03 -4.000000e+02  4.022500e+03
     vertex -5.025000e+03  0.000000e+00  4.022500e+03
     vertex -5.025000e+03 -4.000000e+02  4.022500e+03
   endloop
 endfacet
 facet normal  0.000000e+00 -0.000000e+00  1.000000e+00
   outer loop
     vertex -4.935000e+03 -4.000000e+02  4.022500e+03
     vertex -4.935000e+03  0.000000e+00  4.022500e+03
     vertex -5.025000e+03  0.000000e+00  4.022500e+03
   endloop
 endfacet
 facet normal -1.000000e+00 -0.000000e+00  0.000000e+00
   outer loop
     vertex -4.935000e+03  0.000000e+00  4.057500e+03
     vertex -4.935000e+03 -4.000000e+02  4.022500e+03
     vertex -4.935000e+03 -4.000000e+02  4.057500e+03
   endloop
 endfacet
 facet normal -1.000000e+00  0.000000e+00 -0.000000e+00
   outer loop
     vertex -4.935000e+03  0.000000e+00  4.057500e+03
     vertex -4.935000e+03  0.000000e+00  4.022500e+03
     vertex -4.935000e+03 -4.000000e+02  4.022500e+03
   endloop
 endfacet
 facet normal -0.000000e+00  0.000000e+00 -1.000000e+00
   outer loop
     vertex -4.935000e+03  0.000000e+00  4.057500e+03
     vertex -5.025000e+03 -4.000000e+02  4.057500e+03
     vertex -5.025000e+03  0.000000e+00  4.057500e+03
   endloop
 endfacet
 facet normal  0.000000e+00 -0.000000e+00 -1.000000e+00
   outer loop
     vertex -4.935000e+03  0.000000e+00  4.057500e+03
     vertex -4.935000e+03 -4.000000e+02  4.057500e+03
     vertex -5.025000e+03 -4.000000e+02  4.057500e+03
   endloop
 endfacet
 facet normal  1.000000e+00  0.000000e+00  0.000000e+00
   outer loop
     vertex -5.025000e+03 -4.000000e+02  4.057500e+03
     vertex -5.025000e+03 -4.000000e+02  4.022500e+03
     vertex -5.025000e+03  0.000000e+00  4.022500e+03
   endloop
 endfacet
 facet normal  1.000000e+00 -0.000000e+00  0.000000e+00
   outer loop
     vertex -5.025000e+03 -4.000000e+02  4.057500e+03
     vertex -5.025000e+03  0.000000e+00  4.022500e+03
     vertex -5.025000e+03  0.000000e+00  4.057500e+03
   endloop
 endfacet
 facet normal  0.000000e+00  0.000000e+00  1.000000e+00
   outer loop
     vertex -4.160000e+03 -3.800000e+02  4.090000e+03
     vertex -4.210000e+03 -3.800000e+02  4.090000e+03
     vertex -4.210000e+03 -4.000000e+02  4.090000e+03
   endloop
 endfacet
 facet normal  0.000000e+00  0.000000e+00  1.000000e+00
   outer loop
     vertex -4.160000e+03 -3.800000e+02  4.090000e+03
     vertex -4.210000e+03 -4.000000e+02  4.090000e+03
     vertex -4.160000e+03 -4.000000e+02  4.090000e+03
   endloop
 endfacet
 facet normal  1.000000e+00  0.000000e+00 -0.000000e+00
   outer loop
     vertex -4.210000e+03 -3.800000e+02  4.090000e+03
     vertex -4.210000e+03 -3.800000e+02  4.210000e+03
     vertex -4.210000e+03 -4.000000e+02  4.210000e+03
   endloop
 endfacet
 facet normal  1.000000e+00  0.000000e+00  0.000000e+00
   outer loop
     vertex -4.210000e+03 -3.800000e+02  4.090000e+03
     vertex -4.210000e+03 -4.000000e+02  4.210000e+03
     vertex -4.210000e+03 -4.000000e+02  4.090000e+03
   endloop
 endfacet
 facet normal  0.000000e+00  0.000000e+00 -1.000000e+00
   outer loop
     vertex -4.210000e+03 -4.000000e+02  4.210000e+03
     vertex -4.160000e+03 -3.800000e+02  4.210000e+03
     vertex -4.160000e+03 -4.000000e+02  4.210000e+03
   endloop
 endfacet
 facet normal  0.000000e+00  0.000000e+00 -1.000000e+00
   outer loop
     vertex -4.210000e+03 -4.000000e+02  4.210000e+03
     vertex -4.210000e+03 -3.800000e+02  4.210000e+03
     vertex -4.160000e+03 -3.800000e+02  4.210000e+03
   endloop
 endfacet
 facet normal -1.000000e+00  0.000000e+00  0.000000e+00
   outer loop
     vertex -4.160000e+03 -4.000000e+02  4.210000e+03
     vertex -4.160000e+03 -3.800000e+02  4.090000e+03
     vertex -4.160000e+03 -4.000000e+02  4.090000e+03
   endloop
 endfacet
 facet normal -1.000000e+00  0.000000e+00  0.000000e+00
   outer loop
     vertex -4.160000e+03 -4.000000e+02  4.210000e+03
     vertex -4.160000e+03 -3.800000e+02  4.210000e+03
     vertex -4.160000e+03 -3.800000e+02  4.090000e+03
   endloop
 endfacet
 facet normal  0.000000e+00  1.000000e+00  0.000000e+00
   outer loop
     vertex -4.060000e+03 -3.800000e+02  4.280000e+03
     vertex -4.160000e+03 -3.800000e+02  4.210000e+03
     vertex -4.210000e+03 -3.800000e+02  4.210000e+03
   endloop
 endfacet
 facet normal  0.000000e+00  1.000000e+00  0.000000e+00
   outer loop
     vertex -4.060000e+03 -3.800000e+02  4.280000e+03
     vertex -4.210000e+03 -3.800000e+02  4.210000e+03
     vertex -4.477500e+03 -3.800000e+02  4.280000e+03
   endloop
 endfacet
 facet normal  0.000000e+00  1.000000e+00  0.000000e+00
   outer loop
     vertex -4.210000e+03 -3.800000e+02  4.090000e+03
     vertex -4.477500e+03 -3.800000e+02  4.020000e+03
     vertex -4.477500e+03 -3.800000e+02  4.280000e+03
   endloop
 endfacet
 facet normal  0.000000e+00  1.000000e+00 -0.000000e+00
   outer loop
     vertex -4.210000e+03 -3.800000e+02  4.090000e+03
     vertex -4.477500e+03 -3.800000e+02  4.280000e+03
     vertex -4.210000e+03 -3.800000e+02  4.210000e+03
   endloop
 endfacet
 facet normal  0.000000e+00  1.000000e+00  0.000000e+00
   outer loop
     vertex -4.060000e+03 -3.800000e+02  4.020000e+03
     vertex -4.160000e+03 -3.800000e+02  4.090000e+03
     vertex -4.160000e+03 -3.800000e+02  4.210000e+03
   endloop
 endfacet
 facet normal  0.000000e+00  1.000000e+00  0.000000e+00
   outer loop
     vertex -4.060000e+03 -3.800000e+02  4.020000e+03
     vertex -4.210000e+03 -3.800000e+02  4.090000e+03
     vertex -4.160000e+03 -3.800000e+02  4.090000e+03
   endloop
 endfacet
 facet normal  0.000000e+00  1.000000e+00 -0.000000e+00
   outer loop
     vertex -4.060000e+03 -3.800000e+02  4.020000e+03
     vertex -4.160000e+03 -3.800000e+02  4.210000e+03
     vertex -4.060000e+03 -3.800000e+02  4.280000e+03
   endloop
 endfacet
 facet normal  0.000000e+00  1.000000e+00  0.000000e+00
   outer loop
     vertex -4.060000e+03 -3.800000e+02  4.020000e+03
     vertex -4.477500e+03 -3.800000e+02  4.020000e+03
     vertex -4.210000e+03 -3.800000e+02  4.090000e+03
   endloop
 endfacet
 facet normal  1.000000e+00  0.000000e+00 -0.000000e+00
   outer loop
     vertex -4.477500e+03  0.000000e+00  4.020000e+03
     vertex -4.477500e+03  0.000000e+00  4.280000e+03
     vertex -4.477500e+03 -3.800000e+02  4.280000e+03
   endloop
 endfacet
 facet normal  1.000000e+00  0.000000e+00  0.000000e+00
   outer loop
     vertex -4.477500e+03  0.000000e+00  4.020000e+03
     vertex -4.477500e+03 -3.800000e+02  4.280000e+03
     vertex -4.477500e+03 -3.800000e+02  4.020000e+03
   endloop
 endfacet
 facet normal  0.000000e+00  0.000000e+00  1.000000e+00
   outer loop
     vertex -4.477500e+03 -3.800000e+02  4.020000e+03
     vertex -4.060000e+03 -3.800000e+02  4.020000e+03
     vertex -4.060000e+03  0.000000e+00  4.020000e+03
   endloop
 endfacet
 facet normal  0.000000e+00  0.000000e+00  1.000000e+00
   outer loop
     vertex -4.477500e+03 -3.800000e+02  4.020000e+03
     vertex -4.060000e+03  0.000000e+00  4.020000e+03
     vertex -4.477500e+03  0.000000e+00  4.020000e+03
   endloop
 endfacet
 facet normal -1.000000e+00  0.000000e+00  0.000000e+00
   outer loop
     vertex -4.060000e+03  0.000000e+00  4.020000e+03
     vertex -4.060000e+03 -3.800000e+02  4.280000e+03
     vertex -4.060000e+03  0.000000e+00  4.280000e+03
   endloop
 endfacet
 facet normal -1.000000e+00  0.000000e+00  0.000000e+00
   outer loop
     vertex -4.060000e+03  0.000000e+00  4.020000e+03
     vertex -4.060000e+03 -3.800000e+02  4.020000e+03
     vertex -4.060000e+03 -3.800000e+02  4.280000e+03
   endloop
 endfacet
 facet normal -0.000000e+00  0.000000e+00 -1.000000e+00
   outer loop
     vertex -4.060000e+03  0.000000e+00  4.280000e+03
     vertex -4.477500e+03 -3.800000e+02  4.280000e+03
     vertex -4.477500e+03  0.000000e+00  4.280000e+03
   endloop
 endfacet
 facet normal  0.000000e+00 -0.000000e+00 -1.000000e+00
   outer loop
     vertex -4.060000e+03  0.000000e+00  4.280000e+03
     vertex -4.060000e+03 -3.800000e+02  4.280000e+03
     vertex -4.477500e+03 -3.800000e+02  4.280000e+03
   endloop
 endfacet
 facet normal -1.000000e+00  0.000000e+00  0.000000e+00
   outer loop
     vertex -5.830000e+03 -4.000000e+02  4.210000e+03
     vertex -5.830000e+03 -3.800000e+02  4.090000e+03
     vertex -5.830000e+03 -4.000000e+02  4.090000e+03
   endloop
 endfacet
 facet normal -1.000000e+00  0.000000e+00  0.000000e+00
   outer loop
     vertex -5.830000e+03 -4.000000e+02  4.210000e+03
     vertex -5.830000e+03 -3.800000e+02  4.210000e+03
     vertex -5.830000e+03 -3.800000e+02  4.090000e+03
   endloop
 endfacet
 facet normal  0.000000e+00  0.000000e+00  1.000000e+00
   outer loop
     vertex -5.830000e+03 -3.800000e+02  4.090000e+03
     vertex -5.880000e+03 -3.800000e+02  4.090000e+03
     vertex -5.880000e+03 -4.000000e+02  4.090000e+03
   endloop
 endfacet
 facet normal  0.000000e+00  0.000000e+00  1.000000e+00
   outer loop
     vertex -5.830000e+03 -3.800000e+02  4.090000e+03
     vertex -5.880000e+03 -4.000000e+02  4.090000e+03
     vertex -5.830000e+03 -4.000000e+02  4.090000e+03
   endloop
 endfacet
 facet normal  1.000000e+00  0.000000e+00 -0.000000e+00
   outer loop
     vertex -5.880000e+03 -3.800000e+02  4.090000e+03
     vertex -5.880000e+03 -3.800000e+02  4.210000e+03
     vertex -5.880000e+03 -4.000000e+02  4.210000e+03
   endloop
 endfacet
 facet normal  1.000000e+00  0.000000e+00  0.000000e+00
   outer loop
     vertex -5.880000e+03 -3.800000e+02  4.090000e+03
     vertex -5.880000e+03 -4.000000e+02  4.210000e+03
     vertex -5.880000e+03 -4.000000e+02  4.090000e+03
   endloop
 endfacet
 facet normal  0.000000e+00  0.000000e+00 -1.000000e+00
   outer loop
     vertex -5.880000e+03 -4.000000e+02  4.210000e+03
     vertex -5.830000e+03 -3.800000e+02  4.210000e+03
     vertex -5.830000e+03 -4.000000e+02  4.210000e+03
   endloop
 endfacet
 facet normal  0.000000e+00  0.000000e+00 -1.000000e+00
   outer loop
     vertex -5.880000e+03 -4.000000e+02  4.210000e+03
     vertex -5.880000e+03 -3.800000e+02  4.210000e+03
     vertex -5.830000e+03 -3.800000e+02  4.210000e+03
   endloop
 endfacet
 facet normal  0.000000e+00  1.000000e+00  0.000000e+00
   outer loop
     vertex -5.830000e+03 -3.800000e+02  4.210000e+03
     vertex -5.880000e+03 -3.800000e+02  4.210000e+03
     vertex -5.980000e+03 -3.800000e+02  4.280000e+03
   endloop
 endfacet
 facet normal  0.000000e+00  1.000000e+00  0.000000e+00
   outer loop
     vertex -5.880000e+03 -3.800000e+02  4.090000e+03
     vertex -5.980000e+03 -3.800000e+02  4.020000e+03
     vertex -5.980000e+03 -3.800000e+02  4.280000e+03
   endloop
 endfacet
 facet normal  0.000000e+00  1.000000e+00 -0.000000e+00
   outer loop
     vertex -5.880000e+03 -3.800000e+02  4.090000e+03
     vertex -5.980000e+03 -3.800000e+02  4.280000e+03
     vertex -5.880000e+03 -3.800000e+02  4.210000e+03
   endloop
 endfacet
 facet normal  0.000000e+00  1.000000e+00  0.000000e+00
   outer loop
     vertex -5.830000e+03 -3.800000e+02  4.090000e+03
     vertex -5.980000e+03 -3.800000e+02  4.020000e+03
     vertex -5.880000e+03 -3.800000e+02  4.090000e+03
   endloop
 endfacet
 facet normal  0.000000e+00  1.000000e+00  0.000000e+00
   outer loop
     vertex -5.522500e+03 -3.800000e+02  4.280000e+03
     vertex -5.830000e+03 -3.800000e+02  4.210000e+03
     vertex -5.980000e+03 -3.800000e+02  4.280000e+03
   endloop
 endfacet
 facet normal  0.000000e+00  1.000000e+00  0.000000e+00
   outer loop
     vertex -5.522500e+03 -3.800000e+02  4.020000e+03
     vertex -5.830000e+03 -3.800000e+02  4.090000e+03
     vertex -5.830000e+03 -3.800000e+02  4.210000e+03
   endloop
 endfacet
 facet normal  0.000000e+00  1.000000e+00 -0.000000e+00
   outer loop
     vertex -5.522500e+03 -3.800000e+02  4.020000e+03
     vertex -5.830000e+03 -3.800000e+02  4.210000e+03
     vertex -5.522500e+03 -3.800000e+02  4.280000e+03
   endloop
 endfacet
 facet normal  0.000000e+00  1.000000e+00  0.000000e+00
   outer loop
     vertex -5.522500e+03 -3.800000e+02  4.020000e+03
     vertex -5.980000e+03 -3.800000e+02  4.020000e+03
     vertex -5.830000e+03 -3.800000e+02  4.090000e+03
   endloop
 endfacet
 facet normal -1.000000e+00  0.000000e+00  0.000000e+00
   outer loop
     vertex -5.522500e+03 -3.800000e+02  4.280000e+03
     vertex -5.522500e+03  0.000000e+00  4.280000e+03
     vertex -5.522500e+03  0.000000e+00  4.020000e+03
   endloop
 endfacet
 facet normal -1.000000e+00  0.000000e+00  0.000000e+00
   outer loop
     vertex -5.522500e+03 -3.800000e+02  4.280000e+03
     vertex -5.522500e+03  0.000000e+00  4.020000e+03
     vertex -5.522500e+03 -3.800000e+02  4.020000e+03
   endloop
 endfacet
 facet normal  0.000000e+00  0.000000e+00 -1.000000e+00
   outer loop
     vertex -5.522500e+03 -3.800000e+02  4.280000e+03
     vertex -5.980000e+03 -3.800000e+02  4.280000e+03
     vertex -5.980000e+03  0.000000e+00  4.280000e+03
   endloop
 endfacet
 facet normal -0.000000e+00 -0.000000e+00 -1.000000e+00
   outer loop
     vertex -5.522500e+03  0.000000e+00  4.280000e+03
     vertex -5.522500e+03 -3.800000e+02  4.280000e+03
     vertex -5.980000e+03  0.000000e+00  4.280000e+03
   endloop
 endfacet
 facet normal  1.000000e+00  0.000000e+00  0.000000e+00
   outer loop
     vertex -5.980000e+03 -3.800000e+02  4.280000e+03
     vertex -5.980000e+03 -3.800000e+02  4.020000e+03
     vertex -5.980000e+03  0.000000e+00  4.020000e+03
   endloop
 endfacet
 facet normal  1.000000e+00 -0.000000e+00  0.000000e+00
   outer loop
     vertex -5.980000e+03 -3.800000e+02  4.280000e+03
     vertex -5.980000e+03  0.000000e+00  4.020000e+03
     vertex -5.980000e+03  0.000000e+00  4.280000e+03
   endloop
 endfacet
 facet normal -0.000000e+00  0.000000e+00  1.000000e+00
   outer loop
     vertex -5.980000e+03  0.000000e+00  4.020000e+03
     vertex -5.522500e+03 -3.800000e+02  4.020000e+03
     vertex -5.522500e+03  0.000000e+00  4.020000e+03
   endloop
 endfacet
 facet normal  0.000000e+00  0.000000e+00  1.000000e+00
   outer loop
     vertex -5.980000e+03 -3.800000e+02  4.020000e+03
     vertex -5.522500e+03 -3.800000e+02  4.020000e+03
     vertex -5.980000e+03  0.000000e+00  4.020000e+03
   endloop
 endfacet
 facet normal  0.000000e+00  0.000000e+00  1.000000e+00
   outer loop
     vertex  1.065000e+03 -4.000000e+02  4.022500e+03
     vertex  9.750000e+02  0.000000e+00  4.022500e+03
     vertex  9.750000e+02 -4.000000e+02  4.022500e+03
   endloop
 endfacet
 facet normal  0.000000e+00 -0.000000e+00  1.000000e+00
   outer loop
     vertex  1.065000e+03 -4.000000e+02  4.022500e+03
     vertex  1.065000e+03  0.000000e+00  4.022500e+03
     vertex  9.750000e+02  0.000000e+00  4.022500e+03
   endloop
 endfacet
 facet normal -1.000000e+00 -0.000000e+00  0.000000e+00
   outer loop
     vertex  1.065000e+03  0.000000e+00  4.057500e+03
     vertex  1.065000e+03 -4.000000e+02  4.022500e+03
     vertex  1.065000e+03 -4.000000e+02  4.057500e+03
   endloop
 endfacet
 facet normal -1.000000e+00  0.000000e+00 -0.000000e+00
   outer loop
     vertex  1.065000e+03  0.000000e+00  4.057500e+03
     vertex  1.065000e+03  0.000000e+00  4.022500e+03
     vertex  1.065000e+03 -4.000000e+02  4.022500e+03
   endloop
 endfacet
 facet normal -0.000000e+00  0.000000e+00 -1.000000e+00
   outer loop
     vertex  1.065000e+03  0.000000e+00  4.057500e+03
     vertex  9.750000e+02 -4.000000e+02  4.057500e+03
     vertex  9.750000e+02  0.000000e+00  4.057500e+03
   endloop
 endfacet
 facet normal  0.000000e+00 -0.000000e+00 -1.000000e+00
   outer loop
     vertex  1.065000e+03  0.000000e+00  4.057500e+03
     vertex  1.065000e+03 -4.000000e+02  4.057500e+03
     vertex  9.750000e+02 -4.000000e+02  4.057500e+03
   endloop
 endfacet
 facet normal  1.000000e+00  0.000000e+00  0.000000e+00
   outer loop
     vertex  9.750000e+02 -4.000000e+02  4.057500e+03
     vertex  9.750000e+02 -4.000000e+02  4.022500e+03
     vertex  9.750000e+02  0.000000e+00  4.022500e+03
   endloop
 endfacet
 facet normal  1.000000e+00 -0.000000e+00  0.000000e+00
   outer loop
     vertex  9.750000e+02 -4.000000e+02  4.057500e+03
     vertex  9.750000e+02  0.000000e+00  4.022500e+03
     vertex  9.750000e+02  0.000000e+00  4.057500e+03
   endloop
 endfacet
 facet normal  0.000000e+00  0.000000e+00  1.000000e+00
   outer loop
     vertex  1.840000e+03 -3.800000e+02  4.090000e+03
     vertex  1.790000e+03 -3.800000e+02  4.090000e+03
     vertex  1.790000e+03 -4.000000e+02  4.090000e+03
   endloop
 endfacet
 facet normal  0.000000e+00  0.000000e+00  1.000000e+00
   outer loop
     vertex  1.840000e+03 -3.800000e+02  4.090000e+03
     vertex  1.790000e+03 -4.000000e+02  4.090000e+03
     vertex  1.840000e+03 -4.000000e+02  4.090000e+03
   endloop
 endfacet
 facet normal  1.000000e+00  0.000000e+00 -0.000000e+00
   outer loop
     vertex  1.790000e+03 -3.800000e+02  4.090000e+03
     vertex  1.790000e+03 -3.800000e+02  4.210000e+03
     vertex  1.790000e+03 -4.000000e+02  4.210000e+03
   endloop
 endfacet
 facet normal  1.000000e+00  0.000000e+00  0.000000e+00
   outer loop
     vertex  1.790000e+03 -3.800000e+02  4.090000e+03
     vertex  1.790000e+03 -4.000000e+02  4.210000e+03
     vertex  1.790000e+03 -4.000000e+02  4.090000e+03
   endloop
 endfacet
 facet normal  0.000000e+00  0.000000e+00 -1.000000e+00
   outer loop
     vertex  1.790000e+03 -4.000000e+02  4.210000e+03
     vertex  1.840000e+03 -3.800000e+02  4.210000e+03
     vertex  1.840000e+03 -4.000000e+02  4.210000e+03
   endloop
 endfacet
 facet normal  0.000000e+00  0.000000e+00 -1.000000e+00
   outer loop
     vertex  1.790000e+03 -4.000000e+02  4.210000e+03
     vertex  1.790000e+03 -3.800000e+02  4.210000e+03
     vertex  1.840000e+03 -3.800000e+02  4.210000e+03
   endloop
 endfacet
 facet normal -1.000000e+00  0.000000e+00  0.000000e+00
   outer loop
     vertex  1.840000e+03 -4.000000e+02  4.210000e+03
     vertex  1.840000e+03 -3.800000e+02  4.090000e+03
     vertex  1.840000e+03 -4.000000e+02  4.090000e+03
   endloop
 endfacet
 facet normal -1.000000e+00  0.000000e+00  0.000000e+00
   outer loop
     vertex  1.840000e+03 -4.000000e+02  4.210000e+03
     vertex  1.840000e+03 -3.800000e+02  4.210000e+03
     vertex  1.840000e+03 -3.800000e+02  4.090000e+03
   endloop
 endfacet
 facet normal  0.000000e+00  1.000000e+00  0.000000e+00
   outer loop
     vertex  1.940000e+03 -3.800000e+02  4.280000e+03
     vertex  1.840000e+03 -3.800000e+02  4.210000e+03
     vertex  1.790000e+03 -3.800000e+02  4.210000e+03
   endloop
 endfacet
 facet normal  0.000000e+00  1.000000e+00  0.000000e+00
   outer loop
     vertex  1.940000e+03 -3.800000e+02  4.280000e+03
     vertex  1.790000e+03 -3.800000e+02  4.210000e+03
     vertex  1.522500e+03 -3.800000e+02  4.280000e+03
   endloop
 endfacet
 facet normal  0.000000e+00  1.000000e+00  0.000000e+00
   outer loop
     vertex  1.790000e+03 -3.800000e+02  4.090000e+03
     vertex  1.522500e+03 -3.800000e+02  4.020000e+03
     vertex  1.522500e+03 -3.800000e+02  4.280000e+03
   endloop
 endfacet
 facet normal  0.000000e+00  1.000000e+00 -0.000000e+00
   outer loop
     vertex  1.790000e+03 -3.800000e+02  4.090000e+03
     vertex  1.522500e+03 -3.800000e+02  4.280000e+03
     vertex  1.790000e+03 -3.800000e+02  4.210000e+03
   endloop
 endfacet
 facet normal  0.000000e+00  1.000000e+00  0.000000e+00
   outer loop
     vertex  1.940000e+03 -3.800000e+02  4.020000e+03
     vertex  1.840000e+03 -3.800000e+02  4.090000e+03
     vertex  1.840000e+03 -3.800000e+02  4.210000e+03
   endloop
 endfacet
 facet normal  0.000000e+00  1.000000e+00  0.000000e+00
   outer loop
     vertex  1.940000e+03 -3.800000e+02  4.020000e+03
     vertex  1.790000e+03 -3.800000e+02  4.090000e+03
     vertex  1.840000e+03 -3.800000e+02  4.090000e+03
   endloop
 endfacet
 facet normal  0.000000e+00  1.000000e+00 -0.000000e+00
   outer loop
     vertex  1.940000e+03 -3.800000e+02  4.020000e+03
     vertex  1.840000e+03 -3.800000e+02  4.210000e+03
     vertex  1.940000e+03 -3.800000e+02  4.280000e+03
   endloop
 endfacet
 facet normal  0.000000e+00  1.000000e+00  0.000000e+00
   outer loop
     vertex  1.940000e+03 -3.800000e+02  4.020000e+03
     vertex  1.522500e+03 -3.800000e+02  4.020000e+03
     vertex  1.790000e+03 -3.800000e+02  4.090000e+03
   endloop
 endfacet
 facet normal  1.000000e+00  0.000000e+00 -0.000000e+00
   outer loop
     vertex  1.522500e+03  0.000000e+00  4.020000e+03
     vertex  1.522500e+03  0.000000e+00  4.280000e+03
     vertex  1.522500e+03 -3.800000e+02  4.280000e+03
   endloop
 endfacet
 facet normal  1.000000e+00  0.000000e+00  0.000000e+00
   outer loop
     vertex  1.522500e+03  0.000000e+00  4.020000e+03
     vertex  1.522500e+03 -3.800000e+02  4.280000e+03
     vertex  1.522500e+03 -3.800000e+02  4.020000e+03
   endloop
 endfacet
 facet normal  0.000000e+00  0.000000e+00  1.000000e+00
   outer loop
     vertex  1.522500e+03 -3.800000e+02  4.020000e+03
     vertex  1.940000e+03 -3.800000e+02  4.020000e+03
     vertex  1.940000e+03  0.000000e+00  4.020000e+03
   endloop
 endfacet
 facet normal  0.000000e+00  0.000000e+00  1.000000e+00
   outer loop
     vertex  1.522500e+03 -3.800000e+02  4.020000e+03
     vertex  1.940000e+03  0.000000e+00  4.020000e+03
     vertex  1.522500e+03  0.000000e+00  4.020000e+03
   endloop
 endfacet
 facet normal -0.000000e+00  0.000000e+00 -1.000000e+00
   outer loop
     vertex  1.940000e+03  0.000000e+00  4.280000e+03
     vertex  1.522500e+03 -3.800000e+02  4.280000e+03
     vertex  1.522500e+03  0.000000e+00  4.280000e+03
   endloop
 endfacet
 facet normal  0.000000e+00 -0.000000e+00 -1.000000e+00
   outer loop
     vertex  1.940000e+03  0.000000e+00  4.280000e+03
     vertex  1.940000e+03 -3.800000e+02  4.280000e+03
     vertex  1.522500e+03 -3.800000e+02  4.280000e+03
   endloop
 endfacet
 facet normal -1.000000e+00  0.000000e+00  0.000000e+00
   outer loop
     vertex  1.700000e+02 -4.000000e+02  4.210000e+03
     vertex  1.700000e+02 -3.800000e+02  4.090000e+03
     vertex  1.700000e+02 -4.000000e+02  4.090000e+03
   endloop
 endfacet
 facet normal -1.000000e+00  0.000000e+00  0.000000e+00
   outer loop
     vertex  1.700000e+02 -4.000000e+02  4.210000e+03
     vertex  1.700000e+02 -3.800000e+02  4.210000e+03
     vertex  1.700000e+02 -3.800000e+02  4.090000e+03
   endloop
 endfacet
 facet normal  0.000000e+00  0.000000e+00  1.000000e+00
   outer loop
     vertex  1.700000e+02 -3.800000e+02  4.090000e+03
     vertex  1.200000e+02 -3.800000e+02  4.090000e+03
     vertex  1.200000e+02 -4.000000e+02  4.090000e+03
   endloop
 endfacet
 facet normal  0.000000e+00  0.000000e+00  1.000000e+00
   outer loop
     vertex  1.700000e+02 -3.800000e+02  4.090000e+03
     vertex  1.200000e+02 -4.000000e+02  4.090000e+03
     vertex  1.700000e+02 -4.000000e+02  4.090000e+03
   endloop
 endfacet
 facet normal  1.000000e+00  0.000000e+00 -0.000000e+00
   outer loop
     vertex  1.200000e+02 -3.800000e+02  4.090000e+03
     vertex  1.200000e+02 -3.800000e+02  4.210000e+03
     vertex  1.200000e+02 -4.000000e+02  4.210000e+03
   endloop
 endfacet
 facet normal  1.000000e+00  0.000000e+00  0.000000e+00
   outer loop
     vertex  1.200000e+02 -3.800000e+02  4.090000e+03
     vertex  1.200000e+02 -4.000000e+02  4.210000e+03
     vertex  1.200000e+02 -4.000000e+02  4.090000e+03
   endloop
 endfacet
 facet normal  0.000000e+00  0.000000e+00 -1.000000e+00
   outer loop
     vertex  1.200000e+02 -4.000000e+02  4.210000e+03
     vertex  1.700000e+02 -3.800000e+02  4.210000e+03
     vertex  1.700000e+02 -4.000000e+02  4.210000e+03
   endloop
 endfacet
 facet normal  0.000000e+00  0.000000e+00 -1.000000e+00
   outer loop
     vertex  1.200000e+02 -4.000000e+02  4.210000e+03
     vertex  1.200000e+02 -3.800000e+02  4.210000e+03
     vertex  1.700000e+02 -3.800000e+02  4.210000e+03
   endloop
 endfacet
 facet normal  0.000000e+00  1.000000e+00  0.000000e+00
   outer loop
     vertex  1.700000e+02 -3.800000e+02  4.210000e+03
     vertex  1.200000e+02 -3.800000e+02  4.210000e+03
     vertex  2.000000e+01 -3.800000e+02  4.280000e+03
   endloop
 endfacet
 facet normal  0.000000e+00  1.000000e+00  0.000000e+00
   outer loop
     vertex  1.200000e+02 -3.800000e+02  4.090000e+03
     vertex  2.000000e+01 -3.800000e+02  4.020000e+03
     vertex  2.000000e+01 -3.800000e+02  4.280000e+03
   endloop
 endfacet
 facet normal  0.000000e+00  1.000000e+00 -0.000000e+00
   outer loop
     vertex  1.200000e+02 -3.800000e+02  4.090000e+03
     vertex  2.000000e+01 -3.800000e+02  4.280000e+03
     vertex  1.200000e+02 -3.800000e+02  4.210000e+03
   endloop
 endfacet
 facet normal  0.000000e+00  1.000000e+00  0.000000e+00
   outer loop
     vertex  1.700000e+02 -3.800000e+02  4.090000e+03
     vertex  2.000000e+01 -3.800000e+02  4.020000e+03
     vertex  1.200000e+02 -3.800000e+02  4.090000e+03
   endloop
 endfacet
 facet normal  0.000000e+00  1.000000e+00  0.000000e+00
   outer loop
     vertex  4.775000e+02 -3.800000e+02  4.280000e+03
     vertex  1.700000e+02 -3.800000e+02  4.210000e+03
     vertex  2.000000e+01 -3.800000e+02  4.280000e+03
   endloop
 endfacet
 facet normal  0.000000e+00  1.000000e+00  0.000000e+00
   outer loop
     vertex  4.775000e+02 -3.800000e+02  4.020000e+03
     vertex  1.700000e+02 -3.800000e+02  4.090000e+03
     vertex  1.700000e+02 -3.800000e+02  4.210000e+03
   endloop
 endfacet
 facet normal  0.000000e+00  1.000000e+00 -0.000000e+00
   outer loop
     vertex  4.775000e+02 -3.800000e+02  4.020000e+03
     vertex  1.700000e+02 -3.800000e+02  4.210000e+03
     vertex  4.775000e+02 -3.800000e+02  4.280000e+03
   endloop
 endfacet
 facet normal  0.000000e+00  1.000000e+00  0.000000e+00
   outer loop
     vertex  4.775000e+02 -3.800000e+02  4.020000e+03
     vertex  2.000000e+01 -3.800000e+02  4.020000e+03
     vertex  1.700000e+02 -3.800000e+02  4.090000e+03
   endloop
 endfacet
 facet normal -1.000000e+00  0.000000e+00  0.000000e+00
   outer loop
     vertex  4.775000e+02 -3.800000e+02  4.280000e+03
     vertex  4.775000e+02  0.000000e+00  4.280000e+03
     vertex  4.775000e+02  0.000000e+00  4.020000e+03
   endloop
 endfacet
 facet normal -1.000000e+00  0.000000e+00  0.000000e+00
   outer loop
     vertex  4.775000e+02 -3.800000e+02  4.280000e+03
     vertex  4.775000e+02  0.000000e+00  4.020000e+03
     vertex  4.775000e+02 -3.800000e+02  4.020000e+03
   endloop
 endfacet
 facet normal  0.000000e+00  0.000000e+00 -1.000000e+00
   outer loop
     vertex  4.775000e+02 -3.800000e+02  4.280000e+03
     vertex  2.000000e+01 -3.800000e+02  4.280000e+03
     vertex  2.000000e+01  0.000000e+00  4.280000e+03
   endloop
 endfacet
 facet normal -0.000000e+00 -0.000000e+00 -1.000000e+00
   outer loop
     vertex  4.775000e+02  0.000000e+00  4.280000e+03
     vertex  4.775000e+02 -3.800000e+02  4.280000e+03
     vertex  2.000000e+01  0.000000e+00  4.280000e+03
   endloop
 endfacet
 facet normal  1.000000e+00  0.000000e+00  0.000000e+00
   outer loop
     vertex  2.000000e+01 -3.800000e+02  4.280000e+03
     vertex  2.000000e+01 -3.800000e+02  4.020000e+03
     vertex  2.000000e+01  0.000000e+00  4.020000e+03
   endloop
 endfacet
 facet normal  1.000000e+00 -0.000000e+00  0.000000e+00
   outer loop
     vertex  2.000000e+01 -3.800000e+02  4.280000e+03
     vertex  2.000000e+01  0.000000e+00  4.020000e+03
     vertex  2.000000e+01  0.000000e+00  4.280000e+03
   endloop
 endfacet
 facet normal -0.000000e+00  0.000000e+00  1.000000e+00
   outer loop
     vertex  2.000000e+01  0.000000e+00  4.020000e+03
     vertex  4.775000e+02 -3.800000e+02  4.020000e+03
     vertex  4.775000e+02  0.000000e+00  4.020000e+03
   endloop
 endfacet
 facet normal  0.000000e+00  0.000000e+00  1.000000e+00
   outer loop
     vertex  2.000000e+01 -3.800000e+02  4.020000e+03
     vertex  4.775000e+02 -3.800000e+02  4.020000e+03
     vertex  2.000000e+01  0.000000e+00  4.020000e+03
   endloop
 endfacet
 facet normal  0.000000e+00  0.000000e+00  1.000000e+00
   outer loop
     vertex -6.090000e+03 -3.800000e+02  4.050000e+03
     vertex -6.210000e+03 -3.800000e+02  4.050000e+03
     vertex -6.210000e+03 -4.000000e+02  4.050000e+03
   endloop
 endfacet
 facet normal  0.000000e+00  0.000000e+00  1.000000e+00
   outer loop
     vertex -6.090000e+03 -3.800000e+02  4.050000e+03
     vertex -6.210000e+03 -4.000000e+02  4.050000e+03
     vertex -6.090000e+03 -4.000000e+02  4.050000e+03
   endloop
 endfacet
 facet normal  1.000000e+00  0.000000e+00 -0.000000e+00
   outer loop
     vertex -6.210000e+03 -3.800000e+02  4.050000e+03
     vertex -6.210000e+03 -3.800000e+02  4.100000e+03
     vertex -6.210000e+03 -4.000000e+02  4.100000e+03
   endloop
 endfacet
 facet normal  1.000000e+00  0.000000e+00  0.000000e+00
   outer loop
     vertex -6.210000e+03 -3.800000e+02  4.050000e+03
     vertex -6.210000e+03 -4.000000e+02  4.100000e+03
     vertex -6.210000e+03 -4.000000e+02  4.050000e+03
   endloop
 endfacet
 facet normal  0.000000e+00  0.000000e+00 -1.000000e+00
   outer loop
     vertex -6.210000e+03 -4.000000e+02  4.100000e+03
     vertex -6.090000e+03 -3.800000e+02  4.100000e+03
     vertex -6.090000e+03 -4.000000e+02  4.100000e+03
   endloop
 endfacet
 facet normal  0.000000e+00  0.000000e+00 -1.000000e+00
   outer loop
     vertex -6.210000e+03 -4.000000e+02  4.100000e+03
     vertex -6.210000e+03 -3.800000e+02  4.100000e+03
     vertex -6.090000e+03 -3.800000e+02  4.100000e+03
   endloop
 endfacet
 facet normal -1.000000e+00  0.000000e+00  0.000000e+00
   outer loop
     vertex -6.090000e+03 -4.000000e+02  4.100000e+03
     vertex -6.090000e+03 -3.800000e+02  4.050000e+03
     vertex -6.090000e+03 -4.000000e+02  4.050000e+03
   endloop
 endfacet
 facet normal -1.000000e+00  0.000000e+00  0.000000e+00
   outer loop
     vertex -6.090000e+03 -4.000000e+02  4.100000e+03
     vertex -6.090000e+03 -3.800000e+02  4.100000e+03
     vertex -6.090000e+03 -3.800000e+02  4.050000e+03
   endloop
 endfacet
 facet normal  0.000000e+00  1.000000e+00  0.000000e+00
   outer loop
     vertex -6.210000e+03 -3.800000e+02  4.100000e+03
     vertex -6.210000e+03 -3.800000e+02  4.050000e+03
     vertex -6.280000e+03 -3.800000e+02  4.020000e+03
   endloop
 endfacet
 facet normal  0.000000e+00  1.000000e+00  0.000000e+00
   outer loop
     vertex -6.060000e+03 -3.800000e+02  4.020000e+03
     vertex -6.280000e+03 -3.800000e+02  4.020000e+03
     vertex -6.210000e+03 -3.800000e+02  4.050000e+03
   endloop
 endfacet
 facet normal  0.000000e+00  1.000000e+00  0.000000e+00
   outer loop
     vertex -6.090000e+03 -3.800000e+02  4.050000e+03
     vertex -6.060000e+03 -3.800000e+02  4.020000e+03
     vertex -6.210000e+03 -3.800000e+02  4.050000e+03
   endloop
 endfacet
 facet normal  0.000000e+00  1.000000e+00  0.000000e+00
   outer loop
     vertex -6.280000e+03 -3.800000e+02  4.280000e+03
     vertex -6.210000e+03 -3.800000e+02  4.100000e+03
     vertex -6.280000e+03 -3.800000e+02  4.020000e+03
   endloop
 endfacet
 facet normal  0.000000e+00  1.000000e+00  0.000000e+00
   outer loop
     vertex -6.280000e+03 -3.800000e+02  4.280000e+03
     vertex -6.210000e+03 -3.800000e+02  4.200000e+03
     vertex -6.210000e+03 -3.800000e+02  4.100000e+03
   endloop
 endfacet
 facet normal  0.000000e+00  1.000000e+00  0.000000e+00
   outer loop
     vertex -6.090000e+03 -3.800000e+02  4.100000e+03
     vertex -6.060000e+03 -3.800000e+02  4.020000e+03
     vertex -6.090000e+03 -3.800000e+02  4.050000e+03
   endloop
 endfacet
 facet normal  0.000000e+00  1.000000e+00  0.000000e+00
   outer loop
     vertex -6.090000e+03 -3.800000e+02  4.100000e+03
     vertex -6.210000e+03 -3.800000e+02  4.100000e+03
     vertex -6.210000e+03 -3.800000e+02  4.200000e+03
   endloop
 endfacet
 facet normal  0.000000e+00  1.000000e+00  0.000000e+00
   outer loop
     vertex -6.210000e+03 -3.800000e+02  4.250000e+03
     vertex -6.210000e+03 -3.800000e+02  4.200000e+03
     vertex -6.280000e+03 -3.800000e+02  4.280000e+03
   endloop
 endfacet
 facet normal  0.000000e+00  1.000000e+00  0.000000e+00
   outer loop
     vertex -6.090000e+03 -3.800000e+02  4.200000e+03
     vertex -6.090000e+03 -3.800000e+02  4.100000e+03
     vertex -6.210000e+03 -3.800000e+02  4.200000e+03
   endloop
 endfacet
 facet normal  0.000000e+00  1.000000e+00  0.000000e+00
   outer loop
     vertex -6.060000e+03 -3.800000e+02  4.280000e+03
     vertex -6.090000e+03 -3.800000e+02  4.200000e+03
     vertex -6.090000e+03 -3.800000e+02  4.250000e+03
   endloop
 endfacet
 facet normal  0.000000e+00  1.000000e+00  0.000000e+00
   outer loop
     vertex -6.060000e+03 -3.800000e+02  4.280000e+03
     vertex -6.090000e+03 -3.800000e+02  4.250000e+03
     vertex -6.210000e+03 -3.800000e+02  4.250000e+03
   endloop
 endfacet
 facet normal  0.000000e+00  1.000000e+00  0.000000e+00
   outer loop
     vertex -6.060000e+03 -3.800000e+02  4.280000e+03
     vertex -6.210000e+03 -3.800000e+02  4.250000e+03
     vertex -6.280000e+03 -3.800000e+02  4.280000e+03
   endloop
 endfacet
 facet normal  0.000000e+00  1.000000e+00  0.000000e+00
   outer loop
     vertex -6.060000e+03 -3.800000e+02  4.280000e+03
     vertex -6.060000e+03 -3.800000e+02  4.020000e+03
     vertex -6.090000e+03 -3.800000e+02  4.100000e+03
   endloop
 endfacet
 facet normal  0.000000e+00  1.000000e+00  0.000000e+00
   outer loop
     vertex -6.060000e+03 -3.800000e+02  4.280000e+03
     vertex -6.090000e+03 -3.800000e+02  4.100000e+03
     vertex -6.090000e+03 -3.800000e+02  4.200000e+03
   endloop
 endfacet
 facet normal  0.000000e+00  0.000000e+00  1.000000e+00
   outer loop
     vertex -6.280000e+03 -3.800000e+02  4.020000e+03
     vertex -6.060000e+03 -3.800000e+02  4.020000e+03
     vertex -6.060000e+03 -2.000000e+01  4.020000e+03
   endloop
 endfacet
 facet normal  0.000000e+00  0.000000e+00  1.000000e+00
   outer loop
     vertex -6.280000e+03 -3.800000e+02  4.020000e+03
     vertex -6.060000e+03 -2.000000e+01  4.020000e+03
     vertex -6.280000e+03 -2.000000e+01  4.020000e+03
   endloop
 endfacet
 facet normal  0.000000e+00 -1.000000e+00 -0.000000e+00
   outer loop
     vertex -6.060000e+03 -2.000000e+01  4.280000e+03
     vertex -6.280000e+03 -2.000000e+01  4.020000e+03
     vertex -6.060000e+03 -2.000000e+01  4.020000e+03
   endloop
 endfacet
 facet normal -0.000000e+00 -1.000000e+00  0.000000e+00
   outer loop
     vertex -6.060000e+03 -2.000000e+01  4.280000e+03
     vertex -6.280000e+03 -2.000000e+01  4.280000e+03
     vertex -6.280000e+03 -2.000000e+01  4.020000e+03
   endloop
 endfacet
 facet normal  1.000000e+00  0.000000e+00  0.000000e+00
   outer loop
     vertex -6.280000e+03 -3.800000e+02  4.280000e+03
     vertex -6.280000e+03 -3.800000e+02  4.020000e+03
     vertex -6.280000e+03 -2.000000e+01  4.020000e+03
   endloop
 endfacet
 facet normal  1.000000e+00 -0.000000e+00  0.000000e+00
   outer loop
     vertex -6.280000e+03 -3.800000e+02  4.280000e+03
     vertex -6.280000e+03 -2.000000e+01  4.020000e+03
     vertex -6.280000e+03 -2.000000e+01  4.280000e+03
   endloop
 endfacet
 facet normal -0.000000e+00  0.000000e+00 -1.000000e+00
   outer loop
     vertex -6.060000e+03 -2.000000e+01  4.280000e+03
     vertex -6.280000e+03 -3.800000e+02  4.280000e+03
     vertex -6.280000e+03 -2.000000e+01  4.280000e+03
   endloop
 endfacet
 facet normal  0.000000e+00 -0.000000e+00 -1.000000e+00
   outer loop
     vertex -6.060000e+03 -2.000000e+01  4.280000e+03
     vertex -6.060000e+03 -3.800000e+02  4.280000e+03
     vertex -6.280000e+03 -3.800000e+02  4.280000e+03
   endloop
 endfacet
 facet normal -1.000000e+00  0.000000e+00  0.000000e+00
   outer loop
     vertex -6.060000e+03 -2.000000e+01  4.020000e+03
     vertex -6.060000e+03 -3.800000e+02  4.280000e+03
     vertex -6.060000e+03 -2.000000e+01  4.280000e+03
   endloop
 endfacet
 facet normal -1.000000e+00  0.000000e+00  0.000000e+00
   outer loop
     vertex -6.060000e+03 -2.000000e+01  4.020000e+03
     vertex -6.060000e+03 -3.800000e+02  4.020000e+03
     vertex -6.060000e+03 -3.800000e+02  4.280000e+03
   endloop
 endfacet
 facet normal  0.000000e+00  0.000000e+00  1.000000e+00
   outer loop
     vertex -6.090000e+03 -3.800000e+02  4.200000e+03
     vertex -6.210000e+03 -3.800000e+02  4.200000e+03
     vertex -6.210000e+03 -4.000000e+02  4.200000e+03
   endloop
 endfacet
 facet normal  0.000000e+00  0.000000e+00  1.000000e+00
   outer loop
     vertex -6.090000e+03 -3.800000e+02  4.200000e+03
     vertex -6.210000e+03 -4.000000e+02  4.200000e+03
     vertex -6.090000e+03 -4.000000e+02  4.200000e+03
   endloop
 endfacet
 facet normal  1.000000e+00  0.000000e+00 -0.000000e+00
   outer loop
     vertex -6.210000e+03 -3.800000e+02  4.200000e+03
     vertex -6.210000e+03 -3.800000e+02  4.250000e+03
     vertex -6.210000e+03 -4.000000e+02  4.250000e+03
   endloop
 endfacet
 facet normal  1.000000e+00  0.000000e+00  0.000000e+00
   outer loop
     vertex -6.210000e+03 -3.800000e+02  4.200000e+03
     vertex -6.210000e+03 -4.000000e+02  4.250000e+03
     vertex -6.210000e+03 -4.000000e+02  4.200000e+03
   endloop
 endfacet
 facet normal  0.000000e+00  0.000000e+00 -1.000000e+00
   outer loop
     vertex -6.210000e+03 -4.000000e+02  4.250000e+03
     vertex -6.090000e+03 -3.800000e+02  4.250000e+03
     vertex -6.090000e+03 -4.000000e+02  4.250000e+03
   endloop
 endfacet
 facet normal  0.000000e+00  0.000000e+00 -1.000000e+00
   outer loop
     vertex -6.210000e+03 -4.000000e+02  4.250000e+03
     vertex -6.210000e+03 -3.800000e+02  4.250000e+03
     vertex -6.090000e+03 -3.800000e+02  4.250000e+03
   endloop
 endfacet
 facet normal -1.000000e+00  0.000000e+00  0.000000e+00
   outer loop
     vertex -6.090000e+03 -4.000000e+02  4.250000e+03
     vertex -6.090000e+03 -3.800000e+02  4.200000e+03
     vertex -6.090000e+03 -4.000000e+02  4.200000e+03
   endloop
 endfacet
 facet normal -1.000000e+00  0.000000e+00  0.000000e+00
   outer loop
     vertex -6.090000e+03 -4.000000e+02  4.250000e+03
     vertex -6.090000e+03 -3.800000e+02  4.250000e+03
     vertex -6.090000e+03 -3.800000e+02  4.200000e+03
   endloop
 endfacet
 facet normal -1.000000e+00  0.000000e+00  0.000000e+00
   outer loop
     vertex -6.022500e+03 -4.000000e+02  2.975000e+03
     vertex -6.022500e+03  0.000000e+00  3.065000e+03
     vertex -6.022500e+03  0.000000e+00  2.975000e+03
   endloop
 endfacet
 facet normal -1.000000e+00  0.000000e+00  0.000000e+00
   outer loop
     vertex -6.022500e+03 -4.000000e+02  2.975000e+03
     vertex -6.022500e+03 -4.000000e+02  3.065000e+03
     vertex -6.022500e+03  0.000000e+00  3.065000e+03
   endloop
 endfacet
 facet normal  0.000000e+00  0.000000e+00 -1.000000e+00
   outer loop
     vertex -6.057500e+03  0.000000e+00  3.065000e+03
     vertex -6.022500e+03 -4.000000e+02  3.065000e+03
     vertex -6.057500e+03 -4.000000e+02  3.065000e+03
   endloop
 endfacet
 facet normal  0.000000e+00  0.000000e+00 -1.000000e+00
   outer loop
     vertex -6.057500e+03  0.000000e+00  3.065000e+03
     vertex -6.022500e+03  0.000000e+00  3.065000e+03
     vertex -6.022500e+03 -4.000000e+02  3.065000e+03
   endloop
 endfacet
 facet normal  1.000000e+00  0.000000e+00  0.000000e+00
   outer loop
     vertex -6.057500e+03 -4.000000e+02  3.065000e+03
     vertex -6.057500e+03 -4.000000e+02  2.975000e+03
     vertex -6.057500e+03  0.000000e+00  2.975000e+03
   endloop
 endfacet
 facet normal  1.000000e+00 -0.000000e+00  0.000000e+00
   outer loop
     vertex -6.057500e+03 -4.000000e+02  3.065000e+03
     vertex -6.057500e+03  0.000000e+00  2.975000e+03
     vertex -6.057500e+03  0.000000e+00  3.065000e+03
   endloop
 endfacet
 facet normal  0.000000e+00  0.000000e+00  1.000000e+00
   outer loop
     vertex -6.057500e+03 -4.000000e+02  2.975000e+03
     vertex -6.022500e+03 -4.000000e+02  2.975000e+03
     vertex -6.022500e+03  0.000000e+00  2.975000e+03
   endloop
 endfacet
 facet normal  0.000000e+00  0.000000e+00  1.000000e+00
   outer loop
     vertex -6.057500e+03 -4.000000e+02  2.975000e+03
     vertex -6.022500e+03  0.000000e+00  2.975000e+03
     vertex -6.057500e+03  0.000000e+00  2.975000e+03
   endloop
 endfacet
 facet normal -1.000000e+00  0.000000e+00  0.000000e+00
   outer loop
     vertex -6.090000e+03 -4.000000e+02  3.840000e+03
     vertex -6.090000e+03 -3.800000e+02  3.790000e+03
     vertex -6.090000e+03 -4.000000e+02  3.790000e+03
   endloop
 endfacet
 facet normal -1.000000e+00  0.000000e+00  0.000000e+00
   outer loop
     vertex -6.090000e+03 -4.000000e+02  3.840000e+03
     vertex -6.090000e+03 -3.800000e+02  3.840000e+03
     vertex -6.090000e+03 -3.800000e+02  3.790000e+03
   endloop
 endfacet
 facet normal  0.000000e+00  0.000000e+00  1.000000e+00
   outer loop
     vertex -6.090000e+03 -3.800000e+02  3.790000e+03
     vertex -6.210000e+03 -3.800000e+02  3.790000e+03
     vertex -6.210000e+03 -4.000000e+02  3.790000e+03
   endloop
 endfacet
 facet normal  0.000000e+00  0.000000e+00  1.000000e+00
   outer loop
     vertex -6.090000e+03 -3.800000e+02  3.790000e+03
     vertex -6.210000e+03 -4.000000e+02  3.790000e+03
     vertex -6.090000e+03 -4.000000e+02  3.790000e+03
   endloop
 endfacet
 facet normal  1.000000e+00  0.000000e+00 -0.000000e+00
   outer loop
     vertex -6.210000e+03 -3.800000e+02  3.790000e+03
     vertex -6.210000e+03 -3.800000e+02  3.840000e+03
     vertex -6.210000e+03 -4.000000e+02  3.840000e+03
   endloop
 endfacet
 facet normal  1.000000e+00  0.000000e+00  0.000000e+00
   outer loop
     vertex -6.210000e+03 -3.800000e+02  3.790000e+03
     vertex -6.210000e+03 -4.000000e+02  3.840000e+03
     vertex -6.210000e+03 -4.000000e+02  3.790000e+03
   endloop
 endfacet
 facet normal  0.000000e+00  0.000000e+00 -1.000000e+00
   outer loop
     vertex -6.210000e+03 -4.000000e+02  3.840000e+03
     vertex -6.090000e+03 -3.800000e+02  3.840000e+03
     vertex -6.090000e+03 -4.000000e+02  3.840000e+03
   endloop
 endfacet
 facet normal  0.000000e+00  0.000000e+00 -1.000000e+00
   outer loop
     vertex -6.210000e+03 -4.000000e+02  3.840000e+03
     vertex -6.210000e+03 -3.800000e+02  3.840000e+03
     vertex -6.090000e+03 -3.800000e+02  3.840000e+03
   endloop
 endfacet
 facet normal  0.000000e+00  1.000000e+00  0.000000e+00
   outer loop
     vertex -6.280000e+03 -3.800000e+02  3.940000e+03
     vertex -6.210000e+03 -3.800000e+02  3.840000e+03
     vertex -6.210000e+03 -3.800000e+02  3.790000e+03
   endloop
 endfacet
 facet normal  0.000000e+00  1.000000e+00  0.000000e+00
   outer loop
     vertex -6.280000e+03 -3.800000e+02  3.940000e+03
     vertex -6.210000e+03 -3.800000e+02  3.790000e+03
     vertex -6.280000e+03 -3.800000e+02  3.522500e+03
   endloop
 endfacet
 facet normal  0.000000e+00  1.000000e+00  0.000000e+00
   outer loop
     vertex -6.090000e+03 -3.800000e+02  3.790000e+03
     vertex -6.020000e+03 -3.800000e+02  3.522500e+03
     vertex -6.280000e+03 -3.800000e+02  3.522500e+03
   endloop
 endfacet
 facet normal  0.000000e+00  1.000000e+00  0.000000e+00
   outer loop
     vertex -6.090000e+03 -3.800000e+02  3.790000e+03
     vertex -6.280000e+03 -3.800000e+02  3.522500e+03
     vertex -6.210000e+03 -3.800000e+02  3.790000e+03
   endloop
 endfacet
 facet normal  0.000000e+00  1.000000e+00  0.000000e+00
   outer loop
     vertex -6.020000e+03 -3.800000e+02  3.940000e+03
     vertex -6.090000e+03 -3.800000e+02  3.840000e+03
     vertex -6.210000e+03 -3.800000e+02  3.840000e+03
   endloop
 endfacet
 facet normal  0.000000e+00  1.000000e+00  0.000000e+00
   outer loop
     vertex -6.020000e+03 -3.800000e+02  3.940000e+03
     vertex -6.090000e+03 -3.800000e+02  3.790000e+03
     vertex -6.090000e+03 -3.800000e+02  3.840000e+03
   endloop
 endfacet
 facet normal  0.000000e+00  1.000000e+00  0.000000e+00
   outer loop
     vertex -6.020000e+03 -3.800000e+02  3.940000e+03
     vertex -6.210000e+03 -3.800000e+02  3.840000e+03
     vertex -6.280000e+03 -3.800000e+02  3.940000e+03
   endloop
 endfacet
 facet normal  0.000000e+00  1.000000e+00  0.000000e+00
   outer loop
     vertex -6.020000e+03 -3.800000e+02  3.940000e+03
     vertex -6.020000e+03 -3.800000e+02  3.522500e+03
     vertex -6.090000e+03 -3.800000e+02  3.790000e+03
   endloop
 endfacet
 facet normal  0.000000e+00  0.000000e+00  1.000000e+00
   outer loop
     vertex -6.020000e+03  0.000000e+00  3.522500e+03
     vertex -6.280000e+03  0.000000e+00  3.522500e+03
     vertex -6.280000e+03 -3.800000e+02  3.522500e+03
   endloop
 endfacet
 facet normal  0.000000e+00  0.000000e+00  1.000000e+00
   outer loop
     vertex -6.020000e+03  0.000000e+00  3.522500e+03
     vertex -6.280000e+03 -3.800000e+02  3.522500e+03
     vertex -6.020000e+03 -3.800000e+02  3.522500e+03
   endloop
 endfacet
 facet normal -1.000000e+00  0.000000e+00  0.000000e+00
   outer loop
     vertex -6.020000e+03  0.000000e+00  3.522500e+03
     vertex -6.020000e+03 -3.800000e+02  3.940000e+03
     vertex -6.020000e+03  0.000000e+00  3.940000e+03
   endloop
 endfacet
 facet normal -1.000000e+00  0.000000e+00  0.000000e+00
   outer loop
     vertex -6.020000e+03  0.000000e+00  3.522500e+03
     vertex -6.020000e+03 -3.800000e+02  3.522500e+03
     vertex -6.020000e+03 -3.800000e+02  3.940000e+03
   endloop
 endfacet
 facet normal -0.000000e+00  0.000000e+00 -1.000000e+00
   outer loop
     vertex -6.020000e+03  0.000000e+00  3.940000e+03
     vertex -6.280000e+03 -3.800000e+02  3.940000e+03
     vertex -6.280000e+03  0.000000e+00  3.940000e+03
   endloop
 endfacet
 facet normal  0.000000e+00 -0.000000e+00 -1.000000e+00
   outer loop
     vertex -6.020000e+03  0.000000e+00  3.940000e+03
     vertex -6.020000e+03 -3.800000e+02  3.940000e+03
     vertex -6.280000e+03 -3.800000e+02  3.940000e+03
   endloop
 endfacet
 facet normal  1.000000e+00  0.000000e+00  0.000000e+00
   outer loop
     vertex -6.280000e+03 -3.800000e+02  3.940000e+03
     vertex -6.280000e+03 -3.800000e+02  3.522500e+03
     vertex -6.280000e+03  0.000000e+00  3.522500e+03
   endloop
 endfacet
 facet normal  1.000000e+00 -0.000000e+00  0.000000e+00
   outer loop
     vertex -6.280000e+03 -3.800000e+02  3.940000e+03
     vertex -6.280000e+03  0.000000e+00  3.522500e+03
     vertex -6.280000e+03  0.000000e+00  3.940000e+03
   endloop
 endfacet
 facet normal  0.000000e+00  0.000000e+00 -1.000000e+00
   outer loop
     vertex -6.210000e+03 -4.000000e+02  2.170000e+03
     vertex -6.090000e+03 -3.800000e+02  2.170000e+03
     vertex -6.090000e+03 -4.000000e+02  2.170000e+03
   endloop
 endfacet
 facet normal  0.000000e+00  0.000000e+00 -1.000000e+00
   outer loop
     vertex -6.210000e+03 -4.000000e+02  2.170000e+03
     vertex -6.210000e+03 -3.800000e+02  2.170000e+03
     vertex -6.090000e+03 -3.800000e+02  2.170000e+03
   endloop
 endfacet
 facet normal -1.000000e+00  0.000000e+00  0.000000e+00
   outer loop
     vertex -6.090000e+03 -4.000000e+02  2.170000e+03
     vertex -6.090000e+03 -3.800000e+02  2.120000e+03
     vertex -6.090000e+03 -4.000000e+02  2.120000e+03
   endloop
 endfacet
 facet normal -1.000000e+00  0.000000e+00  0.000000e+00
   outer loop
     vertex -6.090000e+03 -4.000000e+02  2.170000e+03
     vertex -6.090000e+03 -3.800000e+02  2.170000e+03
     vertex -6.090000e+03 -3.800000e+02  2.120000e+03
   endloop
 endfacet
 facet normal  0.000000e+00  0.000000e+00  1.000000e+00
   outer loop
     vertex -6.090000e+03 -3.800000e+02  2.120000e+03
     vertex -6.210000e+03 -3.800000e+02  2.120000e+03
     vertex -6.210000e+03 -4.000000e+02  2.120000e+03
   endloop
 endfacet
 facet normal  0.000000e+00  0.000000e+00  1.000000e+00
   outer loop
     vertex -6.090000e+03 -3.800000e+02  2.120000e+03
     vertex -6.210000e+03 -4.000000e+02  2.120000e+03
     vertex -6.090000e+03 -4.000000e+02  2.120000e+03
   endloop
 endfacet
 facet normal  1.000000e+00  0.000000e+00 -0.000000e+00
   outer loop
     vertex -6.210000e+03 -3.800000e+02  2.120000e+03
     vertex -6.210000e+03 -3.800000e+02  2.170000e+03
     vertex -6.210000e+03 -4.000000e+02  2.170000e+03
   endloop
 endfacet
 facet normal  1.000000e+00  0.000000e+00  0.000000e+00
   outer loop
     vertex -6.210000e+03 -3.800000e+02  2.120000e+03
     vertex -6.210000e+03 -4.000000e+02  2.170000e+03
     vertex -6.210000e+03 -4.000000e+02  2.120000e+03
   endloop
 endfacet
 facet normal  0.000000e+00  1.000000e+00  0.000000e+00
   outer loop
     vertex -6.210000e+03 -3.800000e+02  2.170000e+03
     vertex -6.210000e+03 -3.800000e+02  2.120000e+03
     vertex -6.280000e+03 -3.800000e+02  2.020000e+03
   endloop
 endfacet
 facet normal  0.000000e+00  1.000000e+00  0.000000e+00
   outer loop
     vertex -6.090000e+03 -3.800000e+02  2.120000e+03
     vertex -6.020000e+03 -3.800000e+02  2.020000e+03
     vertex -6.280000e+03 -3.800000e+02  2.020000e+03
   endloop
 endfacet
 facet normal  0.000000e+00  1.000000e+00  0.000000e+00
   outer loop
     vertex -6.090000e+03 -3.800000e+02  2.120000e+03
     vertex -6.280000e+03 -3.800000e+02  2.020000e+03
     vertex -6.210000e+03 -3.800000e+02  2.120000e+03
   endloop
 endfacet
 facet normal  0.000000e+00  1.000000e+00  0.000000e+00
   outer loop
     vertex -6.090000e+03 -3.800000e+02  2.170000e+03
     vertex -6.020000e+03 -3.800000e+02  2.020000e+03
     vertex -6.090000e+03 -3.800000e+02  2.120000e+03
   endloop
 endfacet
 facet normal  0.000000e+00  1.000000e+00  0.000000e+00
   outer loop
     vertex -6.280000e+03 -3.800000e+02  2.477500e+03
     vertex -6.210000e+03 -3.800000e+02  2.170000e+03
     vertex -6.280000e+03 -3.800000e+02  2.020000e+03
   endloop
 endfacet
 facet normal  0.000000e+00  1.000000e+00  0.000000e+00
   outer loop
     vertex -6.020000e+03 -3.800000e+02  2.477500e+03
     vertex -6.090000e+03 -3.800000e+02  2.170000e+03
     vertex -6.210000e+03 -3.800000e+02  2.170000e+03
   endloop
 endfacet
 facet normal  0.000000e+00  1.000000e+00  0.000000e+00
   outer loop
     vertex -6.020000e+03 -3.800000e+02  2.477500e+03
     vertex -6.210000e+03 -3.800000e+02  2.170000e+03
     vertex -6.280000e+03 -3.800000e+02  2.477500e+03
   endloop
 endfacet
 facet normal  0.000000e+00  1.000000e+00  0.000000e+00
   outer loop
     vertex -6.020000e+03 -3.800000e+02  2.477500e+03
     vertex -6.020000e+03 -3.800000e+02  2.020000e+03
     vertex -6.090000e+03 -3.800000e+02  2.170000e+03
   endloop
 endfacet
 facet normal  0.000000e+00  0.000000e+00 -1.000000e+00
   outer loop
     vertex -6.280000e+03 -3.800000e+02  2.477500e+03
     vertex -6.280000e+03  0.000000e+00  2.477500e+03
     vertex -6.020000e+03  0.000000e+00  2.477500e+03
   endloop
 endfacet
 facet normal  0.000000e+00  0.000000e+00 -1.000000e+00
   outer loop
     vertex -6.280000e+03 -3.800000e+02  2.477500e+03
     vertex -6.020000e+03  0.000000e+00  2.477500e+03
     vertex -6.020000e+03 -3.800000e+02  2.477500e+03
   endloop
 endfacet
 facet normal  1.000000e+00  0.000000e+00  0.000000e+00
   outer loop
     vertex -6.280000e+03  0.000000e+00  2.477500e+03
     vertex -6.280000e+03 -3.800000e+02  2.020000e+03
     vertex -6.280000e+03  0.000000e+00  2.020000e+03
   endloop
 endfacet
 facet normal  1.000000e+00 -0.000000e+00  0.000000e+00
   outer loop
     vertex -6.280000e+03 -3.800000e+02  2.477500e+03
     vertex -6.280000e+03 -3.800000e+02  2.020000e+03
     vertex -6.280000e+03  0.000000e+00  2.477500e+03
   endloop
 endfacet
 facet normal  0.000000e+00  0.000000e+00  1.000000e+00
   outer loop
     vertex -6.280000e+03 -3.800000e+02  2.020000e+03
     vertex -6.020000e+03 -3.800000e+02  2.020000e+03
     vertex -6.020000e+03  0.000000e+00  2.020000e+03
   endloop
 endfacet
 facet normal  0.000000e+00  0.000000e+00  1.000000e+00
   outer loop
     vertex -6.280000e+03 -3.800000e+02  2.020000e+03
     vertex -6.020000e+03  0.000000e+00  2.020000e+03
     vertex -6.280000e+03  0.000000e+00  2.020000e+03
   endloop
 endfacet
 facet normal -1.000000e+00  0.000000e+00  0.000000e+00
   outer loop
     vertex -6.020000e+03 -3.800000e+02  2.020000e+03
     vertex -6.020000e+03 -3.800000e+02  2.477500e+03
     vertex -6.020000e+03  0.000000e+00  2.477500e+03
   endloop
 endfacet
 facet normal -1.000000e+00  0.000000e+00  0.000000e+00
   outer loop
     vertex -6.020000e+03  0.000000e+00  2.020000e+03
     vertex -6.020000e+03 -3.800000e+02  2.020000e+03
     vertex -6.020000e+03  0.000000e+00  2.477500e+03
   endloop
 endfacet
 facet normal  0.000000e+00  0.000000e+00 -1.000000e+00
   outer loop
     vertex -6.210000e+03 -4.000000e+02  1.700000e+02
     vertex -6.090000e+03 -3.800000e+02  1.700000e+02
     vertex -6.090000e+03 -4.000000e+02  1.700000e+02
   endloop
 endfacet
 facet normal  0.000000e+00  0.000000e+00 -1.000000e+00
   outer loop
     vertex -6.210000e+03 -4.000000e+02  1.700000e+02
     vertex -6.210000e+03 -3.800000e+02  1.700000e+02
     vertex -6.090000e+03 -3.800000e+02  1.700000e+02
   endloop
 endfacet
 facet normal -1.000000e+00  0.000000e+00  0.000000e+00
   outer loop
     vertex -6.090000e+03 -4.000000e+02  1.700000e+02
     vertex -6.090000e+03 -3.800000e+02  1.200000e+02
     vertex -6.090000e+03 -4.000000e+02  1.200000e+02
   endloop
 endfacet
 facet normal -1.000000e+00  0.000000e+00  0.000000e+00
   outer loop
     vertex -6.090000e+03 -4.000000e+02  1.700000e+02
     vertex -6.090000e+03 -3.800000e+02  1.700000e+02
     vertex -6.090000e+03 -3.800000e+02  1.200000e+02
   endloop
 endfacet
 facet normal  0.000000e+00  0.000000e+00  1.000000e+00
   outer loop
     vertex -6.090000e+03 -3.800000e+02  1.200000e+02
     vertex -6.210000e+03 -3.800000e+02  1.200000e+02
     vertex -6.210000e+03 -4.000000e+02  1.200000e+02
   endloop
 endfacet
 facet normal  0.000000e+00  0.000000e+00  1.000000e+00
   outer loop
     vertex -6.090000e+03 -3.800000e+02  1.200000e+02
     vertex -6.210000e+03 -4.000000e+02  1.200000e+02
     vertex -6.090000e+03 -4.000000e+02  1.200000e+02
   endloop
 endfacet
 facet normal  1.000000e+00  0.000000e+00 -0.000000e+00
   outer loop
     vertex -6.210000e+03 -3.800000e+02  1.200000e+02
     vertex -6.210000e+03 -3.800000e+02  1.700000e+02
     vertex -6.210000e+03 -4.000000e+02  1.700000e+02
   endloop
 endfacet
 facet normal  1.000000e+00  0.000000e+00  0.000000e+00
   outer loop
     vertex -6.210000e+03 -3.800000e+02  1.200000e+02
     vertex -6.210000e+03 -4.000000e+02  1.700000e+02
     vertex -6.210000e+03 -4.000000e+02  1.200000e+02
   endloop
 endfacet
 facet normal  0.000000e+00  1.000000e+00  0.000000e+00
   outer loop
     vertex -6.210000e+03 -3.800000e+02  1.700000e+02
     vertex -6.210000e+03 -3.800000e+02  1.200000e+02
     vertex -6.280000e+03 -3.800000e+02  2.000000e+01
   endloop
 endfacet
 facet normal  0.000000e+00  1.000000e+00  0.000000e+00
   outer loop
     vertex -6.090000e+03 -3.800000e+02  1.200000e+02
     vertex -6.020000e+03 -3.800000e+02  2.000000e+01
     vertex -6.280000e+03 -3.800000e+02  2.000000e+01
   endloop
 endfacet
 facet normal  0.000000e+00  1.000000e+00  0.000000e+00
   outer loop
     vertex -6.090000e+03 -3.800000e+02  1.200000e+02
     vertex -6.280000e+03 -3.800000e+02  2.000000e+01
     vertex -6.210000e+03 -3.800000e+02  1.200000e+02
   endloop
 endfacet
 facet normal  0.000000e+00  1.000000e+00  0.000000e+00
   outer loop
     vertex -6.090000e+03 -3.800000e+02  1.700000e+02
     vertex -6.020000e+03 -3.800000e+02  2.000000e+01
     vertex -6.090000e+03 -3.800000e+02  1.200000e+02
   endloop
 endfacet
 facet normal  0.000000e+00  1.000000e+00  0.000000e+00
   outer loop
     vertex -6.280000e+03 -3.800000e+02  4.775000e+02
     vertex -6.210000e+03 -3.800000e+02  1.700000e+02
     vertex -6.280000e+03 -3.800000e+02  2.000000e+01
   endloop
 endfacet
 facet normal  0.000000e+00  1.000000e+00  0.000000e+00
   outer loop
     vertex -6.020000e+03 -3.800000e+02  4.775000e+02
     vertex -6.090000e+03 -3.800000e+02  1.700000e+02
     vertex -6.210000e+03 -3.800000e+02  1.700000e+02
   endloop
 endfacet
 facet normal  0.000000e+00  1.000000e+00  0.000000e+00
   outer loop
     vertex -6.020000e+03 -3.800000e+02  4.775000e+02
     vertex -6.210000e+03 -3.800000e+02  1.700000e+02
     vertex -6.280000e+03 -3.800000e+02  4.775000e+02
   endloop
 endfacet
 facet normal  0.000000e+00  1.000000e+00  0.000000e+00
   outer loop
     vertex -6.020000e+03 -3.800000e+02  4.775000e+02
     vertex -6.020000e+03 -3.800000e+02  2.000000e+01
     vertex -6.090000e+03 -3.800000e+02  1.700000e+02
   endloop
 endfacet
 facet normal  0.000000e+00  0.000000e+00 -1.000000e+00
   outer loop
     vertex -6.280000e+03 -3.800000e+02  4.775000e+02
     vertex -6.280000e+03  0.000000e+00  4.775000e+02
     vertex -6.020000e+03  0.000000e+00  4.775000e+02
   endloop
 endfacet
 facet normal  0.000000e+00  0.000000e+00 -1.000000e+00
   outer loop
     vertex -6.280000e+03 -3.800000e+02  4.775000e+02
     vertex -6.020000e+03  0.000000e+00  4.775000e+02
     vertex -6.020000e+03 -3.800000e+02  4.775000e+02
   endloop
 endfacet
 facet normal  1.000000e+00  0.000000e+00  0.000000e+00
   outer loop
     vertex -6.280000e+03  0.000000e+00  4.775000e+02
     vertex -6.280000e+03 -3.800000e+02  2.000000e+01
     vertex -6.280000e+03  0.000000e+00  2.000000e+01
   endloop
 endfacet
 facet normal  1.000000e+00 -0.000000e+00  0.000000e+00
   outer loop
     vertex -6.280000e+03 -3.800000e+02  4.775000e+02
     vertex -6.280000e+03 -3.800000e+02  2.000000e+01
     vertex -6.280000e+03  0.000000e+00  4.775000e+02
   endloop
 endfacet
 facet normal  0.000000e+00  0.000000e+00  1.000000e+00
   outer loop
     vertex -6.280000e+03 -3.800000e+02  2.000000e+01
     vertex -6.020000e+03 -3.800000e+02  2.000000e+01
     vertex -6.020000e+03  0.000000e+00  2.000000e+01
   endloop
 endfacet
 facet normal  0.000000e+00  0.000000e+00  1.000000e+00
   outer loop
     vertex -6.280000e+03 -3.800000e+02  2.000000e+01
     vertex -6.020000e+03  0.000000e+00  2.000000e+01
     vertex -6.280000e+03  0.000000e+00  2.000000e+01
   endloop
 endfacet
 facet normal -1.000000e+00  0.000000e+00  0.000000e+00
   outer loop
     vertex -6.020000e+03 -3.800000e+02  2.000000e+01
     vertex -6.020000e+03 -3.800000e+02  4.775000e+02
     vertex -6.020000e+03  0.000000e+00  4.775000e+02
   endloop
 endfacet
 facet normal -1.000000e+00  0.000000e+00  0.000000e+00
   outer loop
     vertex -6.020000e+03  0.000000e+00  2.000000e+01
     vertex -6.020000e+03 -3.800000e+02  2.000000e+01
     vertex -6.020000e+03  0.000000e+00  4.775000e+02
   endloop
 endfacet
 facet normal -1.000000e+00  0.000000e+00  0.000000e+00
   outer loop
     vertex -6.090000e+03 -4.000000e+02  1.840000e+03
     vertex -6.090000e+03 -3.800000e+02  1.790000e+03
     vertex -6.090000e+03 -4.000000e+02  1.790000e+03
   endloop
 endfacet
 facet normal -1.000000e+00  0.000000e+00  0.000000e+00
   outer loop
     vertex -6.090000e+03 -4.000000e+02  1.840000e+03
     vertex -6.090000e+03 -3.800000e+02  1.840000e+03
     vertex -6.090000e+03 -3.800000e+02  1.790000e+03
   endloop
 endfacet
 facet normal  0.000000e+00  0.000000e+00  1.000000e+00
   outer loop
     vertex -6.090000e+03 -3.800000e+02  1.790000e+03
     vertex -6.210000e+03 -3.800000e+02  1.790000e+03
     vertex -6.210000e+03 -4.000000e+02  1.790000e+03
   endloop
 endfacet
 facet normal  0.000000e+00  0.000000e+00  1.000000e+00
   outer loop
     vertex -6.090000e+03 -3.800000e+02  1.790000e+03
     vertex -6.210000e+03 -4.000000e+02  1.790000e+03
     vertex -6.090000e+03 -4.000000e+02  1.790000e+03
   endloop
 endfacet
 facet normal  1.000000e+00  0.000000e+00 -0.000000e+00
   outer loop
     vertex -6.210000e+03 -3.800000e+02  1.790000e+03
     vertex -6.210000e+03 -3.800000e+02  1.840000e+03
     vertex -6.210000e+03 -4.000000e+02  1.840000e+03
   endloop
 endfacet
 facet normal  1.000000e+00  0.000000e+00  0.000000e+00
   outer loop
     vertex -6.210000e+03 -3.800000e+02  1.790000e+03
     vertex -6.210000e+03 -4.000000e+02  1.840000e+03
     vertex -6.210000e+03 -4.000000e+02  1.790000e+03
   endloop
 endfacet
 facet normal  0.000000e+00  0.000000e+00 -1.000000e+00
   outer loop
     vertex -6.210000e+03 -4.000000e+02  1.840000e+03
     vertex -6.090000e+03 -3.800000e+02  1.840000e+03
     vertex -6.090000e+03 -4.000000e+02  1.840000e+03
   endloop
 endfacet
 facet normal  0.000000e+00  0.000000e+00 -1.000000e+00
   outer loop
     vertex -6.210000e+03 -4.000000e+02  1.840000e+03
     vertex -6.210000e+03 -3.800000e+02  1.840000e+03
     vertex -6.090000e+03 -3.800000e+02  1.840000e+03
   endloop
 endfacet
 facet normal  0.000000e+00  1.000000e+00  0.000000e+00
   outer loop
     vertex -6.280000e+03 -3.800000e+02  1.940000e+03
     vertex -6.210000e+03 -3.800000e+02  1.840000e+03
     vertex -6.210000e+03 -3.800000e+02  1.790000e+03
   endloop
 endfacet
 facet normal  0.000000e+00  1.000000e+00  0.000000e+00
   outer loop
     vertex -6.280000e+03 -3.800000e+02  1.940000e+03
     vertex -6.210000e+03 -3.800000e+02  1.790000e+03
     vertex -6.280000e+03 -3.800000e+02  1.522500e+03
   endloop
 endfacet
 facet normal  0.000000e+00  1.000000e+00  0.000000e+00
   outer loop
     vertex -6.090000e+03 -3.800000e+02  1.790000e+03
     vertex -6.020000e+03 -3.800000e+02  1.522500e+03
     vertex -6.280000e+03 -3.800000e+02  1.522500e+03
   endloop
 endfacet
 facet normal  0.000000e+00  1.000000e+00  0.000000e+00
   outer loop
     vertex -6.090000e+03 -3.800000e+02  1.790000e+03
     vertex -6.280000e+03 -3.800000e+02  1.522500e+03
     vertex -6.210000e+03 -3.800000e+02  1.790000e+03
   endloop
 endfacet
 facet normal  0.000000e+00  1.000000e+00  0.000000e+00
   outer loop
     vertex -6.020000e+03 -3.800000e+02  1.940000e+03
     vertex -6.090000e+03 -3.800000e+02  1.840000e+03
     vertex -6.210000e+03 -3.800000e+02  1.840000e+03
   endloop
 endfacet
 facet normal  0.000000e+00  1.000000e+00  0.000000e+00
   outer loop
     vertex -6.020000e+03 -3.800000e+02  1.940000e+03
     vertex -6.090000e+03 -3.800000e+02  1.790000e+03
     vertex -6.090000e+03 -3.800000e+02  1.840000e+03
   endloop
 endfacet
 facet normal  0.000000e+00  1.000000e+00  0.000000e+00
   outer loop
     vertex -6.020000e+03 -3.800000e+02  1.940000e+03
     vertex -6.210000e+03 -3.800000e+02  1.840000e+03
     vertex -6.280000e+03 -3.800000e+02  1.940000e+03
   endloop
 endfacet
 facet normal  0.000000e+00  1.000000e+00  0.000000e+00
   outer loop
     vertex -6.020000e+03 -3.800000e+02  1.940000e+03
     vertex -6.020000e+03 -3.800000e+02  1.522500e+03
     vertex -6.090000e+03 -3.800000e+02  1.790000e+03
   endloop
 endfacet
 facet normal  0.000000e+00  0.000000e+00  1.000000e+00
   outer loop
     vertex -6.020000e+03  0.000000e+00  1.522500e+03
     vertex -6.280000e+03  0.000000e+00  1.522500e+03
     vertex -6.280000e+03 -3.800000e+02  1.522500e+03
   endloop
 endfacet
 facet normal  0.000000e+00  0.000000e+00  1.000000e+00
   outer loop
     vertex -6.020000e+03  0.000000e+00  1.522500e+03
     vertex -6.280000e+03 -3.800000e+02  1.522500e+03
     vertex -6.020000e+03 -3.800000e+02  1.522500e+03
   endloop
 endfacet
 facet normal -1.000000e+00  0.000000e+00  0.000000e+00
   outer loop
     vertex -6.020000e+03  0.000000e+00  1.522500e+03
     vertex -6.020000e+03 -3.800000e+02  1.940000e+03
     vertex -6.020000e+03  0.000000e+00  1.940000e+03
   endloop
 endfacet
 facet normal -1.000000e+00  0.000000e+00  0.000000e+00
   outer loop
     vertex -6.020000e+03  0.000000e+00  1.522500e+03
     vertex -6.020000e+03 -3.800000e+02  1.522500e+03
     vertex -6.020000e+03 -3.800000e+02  1.940000e+03
   endloop
 endfacet
 facet normal -0.000000e+00  0.000000e+00 -1.000000e+00
   outer loop
     vertex -6.020000e+03  0.000000e+00  1.940000e+03
     vertex -6.280000e+03 -3.800000e+02  1.940000e+03
     vertex -6.280000e+03  0.000000e+00  1.940000e+03
   endloop
 endfacet
 facet normal  0.000000e+00 -0.000000e+00 -1.000000e+00
   outer loop
     vertex -6.020000e+03  0.000000e+00  1.940000e+03
     vertex -6.020000e+03 -3.800000e+02  1.940000e+03
     vertex -6.280000e+03 -3.800000e+02  1.940000e+03
   endloop
 endfacet
 facet normal  1.000000e+00  0.000000e+00  0.000000e+00
   outer loop
     vertex -6.280000e+03 -3.800000e+02  1.940000e+03
     vertex -6.280000e+03 -3.800000e+02  1.522500e+03
     vertex -6.280000e+03  0.000000e+00  1.522500e+03
   endloop
 endfacet
 facet normal  1.000000e+00 -0.000000e+00  0.000000e+00
   outer loop
     vertex -6.280000e+03 -3.800000e+02  1.940000e+03
     vertex -6.280000e+03  0.000000e+00  1.522500e+03
     vertex -6.280000e+03  0.000000e+00  1.940000e+03
   endloop
 endfacet
 facet normal -1.000000e+00  0.000000e+00  0.000000e+00
   outer loop
     vertex -6.022500e+03 -4.000000e+02  9.750000e+02
     vertex -6.022500e+03  0.000000e+00  1.065000e+03
     vertex -6.022500e+03  0.000000e+00  9.750000e+02
   endloop
 endfacet
 facet normal -1.000000e+00  0.000000e+00  0.000000e+00
   outer loop
     vertex -6.022500e+03 -4.000000e+02  9.750000e+02
     vertex -6.022500e+03 -4.000000e+02  1.065000e+03
     vertex -6.022500e+03  0.000000e+00  1.065000e+03
   endloop
 endfacet
 facet normal  0.000000e+00  0.000000e+00 -1.000000e+00
   outer loop
     vertex -6.057500e+03  0.000000e+00  1.065000e+03
     vertex -6.022500e+03 -4.000000e+02  1.065000e+03
     vertex -6.057500e+03 -4.000000e+02  1.065000e+03
   endloop
 endfacet
 facet normal  0.000000e+00  0.000000e+00 -1.000000e+00
   outer loop
     vertex -6.057500e+03  0.000000e+00  1.065000e+03
     vertex -6.022500e+03  0.000000e+00  1.065000e+03
     vertex -6.022500e+03 -4.000000e+02  1.065000e+03
   endloop
 endfacet
 facet normal  1.000000e+00  0.000000e+00  0.000000e+00
   outer loop
     vertex -6.057500e+03 -4.000000e+02  1.065000e+03
     vertex -6.057500e+03 -4.000000e+02  9.750000e+02
     vertex -6.057500e+03  0.000000e+00  9.750000e+02
   endloop
 endfacet
 facet normal  1.000000e+00 -0.000000e+00  0.000000e+00
   outer loop
     vertex -6.057500e+03 -4.000000e+02  1.065000e+03
     vertex -6.057500e+03  0.000000e+00  9.750000e+02
     vertex -6.057500e+03  0.000000e+00  1.065000e+03
   endloop
 endfacet
 facet normal  0.000000e+00  0.000000e+00  1.000000e+00
   outer loop
     vertex -6.057500e+03 -4.000000e+02  9.750000e+02
     vertex -6.022500e+03 -4.000000e+02  9.750000e+02
     vertex -6.022500e+03  0.000000e+00  9.750000e+02
   endloop
 endfacet
 facet normal  0.000000e+00  0.000000e+00  1.000000e+00
   outer loop
     vertex -6.057500e+03 -4.000000e+02  9.750000e+02
     vertex -6.022500e+03  0.000000e+00  9.750000e+02
     vertex -6.057500e+03  0.000000e+00  9.750000e+02
   endloop
 endfacet
 facet normal -1.000000e+00  0.000000e+00  0.000000e+00
   outer loop
     vertex -6.200000e+03 -4.000000e+02 -4.090000e+03
     vertex -6.200000e+03 -3.800000e+02 -4.210000e+03
     vertex -6.200000e+03 -4.000000e+02 -4.210000e+03
   endloop
 endfacet
 facet normal -1.000000e+00  0.000000e+00  0.000000e+00
   outer loop
     vertex -6.200000e+03 -4.000000e+02 -4.090000e+03
     vertex -6.200000e+03 -3.800000e+02 -4.090000e+03
     vertex -6.200000e+03 -3.800000e+02 -4.210000e+03
   endloop
 endfacet
 facet normal  0.000000e+00  0.000000e+00  1.000000e+00
   outer loop
     vertex -6.200000e+03 -3.800000e+02 -4.210000e+03
     vertex -6.250000e+03 -3.800000e+02 -4.210000e+03
     vertex -6.250000e+03 -4.000000e+02 -4.210000e+03
   endloop
 endfacet
 facet normal  0.000000e+00  0.000000e+00  1.000000e+00
   outer loop
     vertex -6.200000e+03 -3.800000e+02 -4.210000e+03
     vertex -6.250000e+03 -4.000000e+02 -4.210000e+03
     vertex -6.200000e+03 -4.000000e+02 -4.210000e+03
   endloop
 endfacet
 facet normal  1.000000e+00  0.000000e+00 -0.000000e+00
   outer loop
     vertex -6.250000e+03 -3.800000e+02 -4.210000e+03
     vertex -6.250000e+03 -3.800000e+02 -4.090000e+03
     vertex -6.250000e+03 -4.000000e+02 -4.090000e+03
   endloop
 endfacet
 facet normal  1.000000e+00  0.000000e+00  0.000000e+00
   outer loop
     vertex -6.250000e+03 -3.800000e+02 -4.210000e+03
     vertex -6.250000e+03 -4.000000e+02 -4.090000e+03
     vertex -6.250000e+03 -4.000000e+02 -4.210000e+03
   endloop
 endfacet
 facet normal  0.000000e+00  0.000000e+00 -1.000000e+00
   outer loop
     vertex -6.250000e+03 -4.000000e+02 -4.090000e+03
     vertex -6.200000e+03 -3.800000e+02 -4.090000e+03
     vertex -6.200000e+03 -4.000000e+02 -4.090000e+03
   endloop
 endfacet
 facet normal  0.000000e+00  0.000000e+00 -1.000000e+00
   outer loop
     vertex -6.250000e+03 -4.000000e+02 -4.090000e+03
     vertex -6.250000e+03 -3.800000e+02 -4.090000e+03
     vertex -6.200000e+03 -3.800000e+02 -4.090000e+03
   endloop
 endfacet
 facet normal -0.000000e+00  1.000000e+00  0.000000e+00
   outer loop
     vertex -6.100000e+03 -3.800000e+02 -4.210000e+03
     vertex -6.050000e+03 -3.800000e+02 -4.210000e+03
     vertex -6.020000e+03 -3.800000e+02 -4.280000e+03
   endloop
 endfacet
 facet normal  0.000000e+00  1.000000e+00  0.000000e+00
   outer loop
     vertex -6.020000e+03 -3.800000e+02 -4.060000e+03
     vertex -6.020000e+03 -3.800000e+02 -4.280000e+03
     vertex -6.050000e+03 -3.800000e+02 -4.210000e+03
   endloop
 endfacet
 facet normal -0.000000e+00  1.000000e+00  0.000000e+00
   outer loop
     vertex -6.050000e+03 -3.800000e+02 -4.090000e+03
     vertex -6.020000e+03 -3.800000e+02 -4.060000e+03
     vertex -6.050000e+03 -3.800000e+02 -4.210000e+03
   endloop
 endfacet
 facet normal  0.000000e+00  1.000000e+00  0.000000e+00
   outer loop
     vertex -6.280000e+03 -3.800000e+02 -4.280000e+03
     vertex -6.100000e+03 -3.800000e+02 -4.210000e+03
     vertex -6.020000e+03 -3.800000e+02 -4.280000e+03
   endloop
 endfacet
 facet normal  0.000000e+00  1.000000e+00  0.000000e+00
   outer loop
     vertex -6.280000e+03 -3.800000e+02 -4.280000e+03
     vertex -6.200000e+03 -3.800000e+02 -4.210000e+03
     vertex -6.100000e+03 -3.800000e+02 -4.210000e+03
   endloop
 endfacet
 facet normal  0.000000e+00  1.000000e+00  0.000000e+00
   outer loop
     vertex -6.100000e+03 -3.800000e+02 -4.090000e+03
     vertex -6.020000e+03 -3.800000e+02 -4.060000e+03
     vertex -6.050000e+03 -3.800000e+02 -4.090000e+03
   endloop
 endfacet
 facet normal  0.000000e+00  1.000000e+00  0.000000e+00
   outer loop
     vertex -6.100000e+03 -3.800000e+02 -4.090000e+03
     vertex -6.100000e+03 -3.800000e+02 -4.210000e+03
     vertex -6.200000e+03 -3.800000e+02 -4.210000e+03
   endloop
 endfacet
 facet normal -0.000000e+00  1.000000e+00  0.000000e+00
   outer loop
     vertex -6.250000e+03 -3.800000e+02 -4.210000e+03
     vertex -6.200000e+03 -3.800000e+02 -4.210000e+03
     vertex -6.280000e+03 -3.800000e+02 -4.280000e+03
   endloop
 endfacet
 facet normal -0.000000e+00  1.000000e+00  0.000000e+00
   outer loop
     vertex -6.200000e+03 -3.800000e+02 -4.090000e+03
     vertex -6.100000e+03 -3.800000e+02 -4.090000e+03
     vertex -6.200000e+03 -3.800000e+02 -4.210000e+03
   endloop
 endfacet
 facet normal  0.000000e+00  1.000000e+00  0.000000e+00
   outer loop
     vertex -6.280000e+03 -3.800000e+02 -4.060000e+03
     vertex -6.200000e+03 -3.800000e+02 -4.090000e+03
     vertex -6.250000e+03 -3.800000e+02 -4.090000e+03
   endloop
 endfacet
 facet normal  0.000000e+00  1.000000e+00  0.000000e+00
   outer loop
     vertex -6.280000e+03 -3.800000e+02 -4.060000e+03
     vertex -6.250000e+03 -3.800000e+02 -4.090000e+03
     vertex -6.250000e+03 -3.800000e+02 -4.210000e+03
   endloop
 endfacet
 facet normal  0.000000e+00  1.000000e+00  0.000000e+00
   outer loop
     vertex -6.280000e+03 -3.800000e+02 -4.060000e+03
     vertex -6.250000e+03 -3.800000e+02 -4.210000e+03
     vertex -6.280000e+03 -3.800000e+02 -4.280000e+03
   endloop
 endfacet
 facet normal -0.000000e+00  1.000000e+00  0.000000e+00
   outer loop
     vertex -6.280000e+03 -3.800000e+02 -4.060000e+03
     vertex -6.020000e+03 -3.800000e+02 -4.060000e+03
     vertex -6.100000e+03 -3.800000e+02 -4.090000e+03
   endloop
 endfacet
 facet normal  0.000000e+00  1.000000e+00  0.000000e+00
   outer loop
     vertex -6.280000e+03 -3.800000e+02 -4.060000e+03
     vertex -6.100000e+03 -3.800000e+02 -4.090000e+03
     vertex -6.200000e+03 -3.800000e+02 -4.090000e+03
   endloop
 endfacet
 facet normal -1.000000e+00  0.000000e+00  0.000000e+00
   outer loop
     vertex -6.020000e+03 -2.000000e+01 -4.280000e+03
     vertex -6.020000e+03 -3.800000e+02 -4.060000e+03
     vertex -6.020000e+03 -2.000000e+01 -4.060000e+03
   endloop
 endfacet
 facet normal -1.000000e+00  0.000000e+00  0.000000e+00
   outer loop
     vertex -6.020000e+03 -2.000000e+01 -4.280000e+03
     vertex -6.020000e+03 -3.800000e+02 -4.280000e+03
     vertex -6.020000e+03 -3.800000e+02 -4.060000e+03
   endloop
 endfacet
 facet normal  0.000000e+00 -1.000000e+00  0.000000e+00
   outer loop
     vertex -6.280000e+03 -2.000000e+01 -4.060000e+03
     vertex -6.020000e+03 -2.000000e+01 -4.280000e+03
     vertex -6.020000e+03 -2.000000e+01 -4.060000e+03
   endloop
 endfacet
 facet normal  0.000000e+00 -1.000000e+00  0.000000e+00
   outer loop
     vertex -6.280000e+03 -2.000000e+01 -4.060000e+03
     vertex -6.280000e+03 -2.000000e+01 -4.280000e+03
     vertex -6.020000e+03 -2.000000e+01 -4.280000e+03
   endloop
 endfacet
 facet normal  0.000000e+00  0.000000e+00  1.000000e+00
   outer loop
     vertex -6.280000e+03 -3.800000e+02 -4.280000e+03
     vertex -6.020000e+03 -3.800000e+02 -4.280000e+03
     vertex -6.020000e+03 -2.000000e+01 -4.280000e+03
   endloop
 endfacet
 facet normal  0.000000e+00  0.000000e+00  1.000000e+00
   outer loop
     vertex -6.280000e+03 -3.800000e+02 -4.280000e+03
     vertex -6.020000e+03 -2.000000e+01 -4.280000e+03
     vertex -6.280000e+03 -2.000000e+01 -4.280000e+03
   endloop
 endfacet
 facet normal  1.000000e+00  0.000000e+00  0.000000e+00
   outer loop
     vertex -6.280000e+03 -3.800000e+02 -4.060000e+03
     vertex -6.280000e+03 -3.800000e+02 -4.280000e+03
     vertex -6.280000e+03 -2.000000e+01 -4.280000e+03
   endloop
 endfacet
 facet normal  1.000000e+00 -0.000000e+00  0.000000e+00
   outer loop
     vertex -6.280000e+03 -3.800000e+02 -4.060000e+03
     vertex -6.280000e+03 -2.000000e+01 -4.280000e+03
     vertex -6.280000e+03 -2.000000e+01 -4.060000e+03
   endloop
 endfacet
 facet normal -0.000000e+00  0.000000e+00 -1.000000e+00
   outer loop
     vertex -6.020000e+03 -2.000000e+01 -4.060000e+03
     vertex -6.280000e+03 -3.800000e+02 -4.060000e+03
     vertex -6.280000e+03 -2.000000e+01 -4.060000e+03
   endloop
 endfacet
 facet normal  0.000000e+00 -0.000000e+00 -1.000000e+00
   outer loop
     vertex -6.020000e+03 -2.000000e+01 -4.060000e+03
     vertex -6.020000e+03 -3.800000e+02 -4.060000e+03
     vertex -6.280000e+03 -3.800000e+02 -4.060000e+03
   endloop
 endfacet
 facet normal -1.000000e+00  0.000000e+00  0.000000e+00
   outer loop
     vertex -6.050000e+03 -4.000000e+02 -4.090000e+03
     vertex -6.050000e+03 -3.800000e+02 -4.210000e+03
     vertex -6.050000e+03 -4.000000e+02 -4.210000e+03
   endloop
 endfacet
 facet normal -1.000000e+00  0.000000e+00  0.000000e+00
   outer loop
     vertex -6.050000e+03 -4.000000e+02 -4.090000e+03
     vertex -6.050000e+03 -3.800000e+02 -4.090000e+03
     vertex -6.050000e+03 -3.800000e+02 -4.210000e+03
   endloop
 endfacet
 facet normal  0.000000e+00  0.000000e+00  1.000000e+00
   outer loop
     vertex -6.050000e+03 -3.800000e+02 -4.210000e+03
     vertex -6.100000e+03 -3.800000e+02 -4.210000e+03
     vertex -6.100000e+03 -4.000000e+02 -4.210000e+03
   endloop
 endfacet
 facet normal  0.000000e+00  0.000000e+00  1.000000e+00
   outer loop
     vertex -6.050000e+03 -3.800000e+02 -4.210000e+03
     vertex -6.100000e+03 -4.000000e+02 -4.210000e+03
     vertex -6.050000e+03 -4.000000e+02 -4.210000e+03
   endloop
 endfacet
 facet normal  1.000000e+00  0.000000e+00 -0.000000e+00
   outer loop
     vertex -6.100000e+03 -3.800000e+02 -4.210000e+03
     vertex -6.100000e+03 -3.800000e+02 -4.090000e+03
     vertex -6.100000e+03 -4.000000e+02 -4.090000e+03
   endloop
 endfacet
 facet normal  1.000000e+00  0.000000e+00  0.000000e+00
   outer loop
     vertex -6.100000e+03 -3.800000e+02 -4.210000e+03
     vertex -6.100000e+03 -4.000000e+02 -4.090000e+03
     vertex -6.100000e+03 -4.000000e+02 -4.210000e+03
   endloop
 endfacet
 facet normal  0.000000e+00  0.000000e+00 -1.000000e+00
   outer loop
     vertex -6.100000e+03 -4.000000e+02 -4.090000e+03
     vertex -6.050000e+03 -3.800000e+02 -4.090000e+03
     vertex -6.050000e+03 -4.000000e+02 -4.090000e+03
   endloop
 endfacet
 facet normal  0.000000e+00  0.000000e+00 -1.000000e+00
   outer loop
     vertex -6.100000e+03 -4.000000e+02 -4.090000e+03
     vertex -6.100000e+03 -3.800000e+02 -4.090000e+03
     vertex -6.050000e+03 -3.800000e+02 -4.090000e+03
   endloop
 endfacet
 facet normal -1.000000e+00  0.000000e+00  0.000000e+00
   outer loop
     vertex -6.022500e+03 -4.000000e+02 -3.025000e+03
     vertex -6.022500e+03  0.000000e+00 -2.935000e+03
     vertex -6.022500e+03  0.000000e+00 -3.025000e+03
   endloop
 endfacet
 facet normal -1.000000e+00  0.000000e+00  0.000000e+00
   outer loop
     vertex -6.022500e+03 -4.000000e+02 -3.025000e+03
     vertex -6.022500e+03 -4.000000e+02 -2.935000e+03
     vertex -6.022500e+03  0.000000e+00 -2.935000e+03
   endloop
 endfacet
 facet normal  0.000000e+00  0.000000e+00 -1.000000e+00
   outer loop
     vertex -6.057500e+03  0.000000e+00 -2.935000e+03
     vertex -6.022500e+03 -4.000000e+02 -2.935000e+03
     vertex -6.057500e+03 -4.000000e+02 -2.935000e+03
   endloop
 endfacet
 facet normal  0.000000e+00  0.000000e+00 -1.000000e+00
   outer loop
     vertex -6.057500e+03  0.000000e+00 -2.935000e+03
     vertex -6.022500e+03  0.000000e+00 -2.935000e+03
     vertex -6.022500e+03 -4.000000e+02 -2.935000e+03
   endloop
 endfacet
 facet normal  1.000000e+00  0.000000e+00  0.000000e+00
   outer loop
     vertex -6.057500e+03 -4.000000e+02 -2.935000e+03
     vertex -6.057500e+03 -4.000000e+02 -3.025000e+03
     vertex -6.057500e+03  0.000000e+00 -3.025000e+03
   endloop
 endfacet
 facet normal  1.000000e+00 -0.000000e+00  0.000000e+00
   outer loop
     vertex -6.057500e+03 -4.000000e+02 -2.935000e+03
     vertex -6.057500e+03  0.000000e+00 -3.025000e+03
     vertex -6.057500e+03  0.000000e+00 -2.935000e+03
   endloop
 endfacet
 facet normal  0.000000e+00  0.000000e+00  1.000000e+00
   outer loop
     vertex -6.057500e+03 -4.000000e+02 -3.025000e+03
     vertex -6.022500e+03 -4.000000e+02 -3.025000e+03
     vertex -6.022500e+03  0.000000e+00 -3.025000e+03
   endloop
 endfacet
 facet normal  0.000000e+00  0.000000e+00  1.000000e+00
   outer loop
     vertex -6.057500e+03 -4.000000e+02 -3.025000e+03
     vertex -6.022500e+03  0.000000e+00 -3.025000e+03
     vertex -6.057500e+03  0.000000e+00 -3.025000e+03
   endloop
 endfacet
 facet normal -1.000000e+00  0.000000e+00  0.000000e+00
   outer loop
     vertex -6.090000e+03 -4.000000e+02 -2.160000e+03
     vertex -6.090000e+03 -3.800000e+02 -2.210000e+03
     vertex -6.090000e+03 -4.000000e+02 -2.210000e+03
   endloop
 endfacet
 facet normal -1.000000e+00  0.000000e+00  0.000000e+00
   outer loop
     vertex -6.090000e+03 -4.000000e+02 -2.160000e+03
     vertex -6.090000e+03 -3.800000e+02 -2.160000e+03
     vertex -6.090000e+03 -3.800000e+02 -2.210000e+03
   endloop
 endfacet
 facet normal  0.000000e+00  0.000000e+00  1.000000e+00
   outer loop
     vertex -6.090000e+03 -3.800000e+02 -2.210000e+03
     vertex -6.210000e+03 -3.800000e+02 -2.210000e+03
     vertex -6.210000e+03 -4.000000e+02 -2.210000e+03
   endloop
 endfacet
 facet normal  0.000000e+00  0.000000e+00  1.000000e+00
   outer loop
     vertex -6.090000e+03 -3.800000e+02 -2.210000e+03
     vertex -6.210000e+03 -4.000000e+02 -2.210000e+03
     vertex -6.090000e+03 -4.000000e+02 -2.210000e+03
   endloop
 endfacet
 facet normal  1.000000e+00  0.000000e+00 -0.000000e+00
   outer loop
     vertex -6.210000e+03 -3.800000e+02 -2.210000e+03
     vertex -6.210000e+03 -3.800000e+02 -2.160000e+03
     vertex -6.210000e+03 -4.000000e+02 -2.160000e+03
   endloop
 endfacet
 facet normal  1.000000e+00  0.000000e+00  0.000000e+00
   outer loop
     vertex -6.210000e+03 -3.800000e+02 -2.210000e+03
     vertex -6.210000e+03 -4.000000e+02 -2.160000e+03
     vertex -6.210000e+03 -4.000000e+02 -2.210000e+03
   endloop
 endfacet
 facet normal  0.000000e+00  0.000000e+00 -1.000000e+00
   outer loop
     vertex -6.210000e+03 -4.000000e+02 -2.160000e+03
     vertex -6.090000e+03 -3.800000e+02 -2.160000e+03
     vertex -6.090000e+03 -4.000000e+02 -2.160000e+03
   endloop
 endfacet
 facet normal  0.000000e+00  0.000000e+00 -1.000000e+00
   outer loop
     vertex -6.210000e+03 -4.000000e+02 -2.160000e+03
     vertex -6.210000e+03 -3.800000e+02 -2.160000e+03
     vertex -6.090000e+03 -3.800000e+02 -2.160000e+03
   endloop
 endfacet
 facet normal  0.000000e+00  1.000000e+00  0.000000e+00
   outer loop
     vertex -6.280000e+03 -3.800000e+02 -2.060000e+03
     vertex -6.210000e+03 -3.800000e+02 -2.160000e+03
     vertex -6.210000e+03 -3.800000e+02 -2.210000e+03
   endloop
 endfacet
 facet normal  0.000000e+00  1.000000e+00  0.000000e+00
   outer loop
     vertex -6.280000e+03 -3.800000e+02 -2.060000e+03
     vertex -6.210000e+03 -3.800000e+02 -2.210000e+03
     vertex -6.280000e+03 -3.800000e+02 -2.477500e+03
   endloop
 endfacet
 facet normal  0.000000e+00  1.000000e+00  0.000000e+00
   outer loop
     vertex -6.090000e+03 -3.800000e+02 -2.210000e+03
     vertex -6.020000e+03 -3.800000e+02 -2.477500e+03
     vertex -6.280000e+03 -3.800000e+02 -2.477500e+03
   endloop
 endfacet
 facet normal  0.000000e+00  1.000000e+00  0.000000e+00
   outer loop
     vertex -6.090000e+03 -3.800000e+02 -2.210000e+03
     vertex -6.280000e+03 -3.800000e+02 -2.477500e+03
     vertex -6.210000e+03 -3.800000e+02 -2.210000e+03
   endloop
 endfacet
 facet normal  0.000000e+00  1.000000e+00  0.000000e+00
   outer loop
     vertex -6.020000e+03 -3.800000e+02 -2.060000e+03
     vertex -6.090000e+03 -3.800000e+02 -2.160000e+03
     vertex -6.210000e+03 -3.800000e+02 -2.160000e+03
   endloop
 endfacet
 facet normal  0.000000e+00  1.000000e+00  0.000000e+00
   outer loop
     vertex -6.020000e+03 -3.800000e+02 -2.060000e+03
     vertex -6.090000e+03 -3.800000e+02 -2.210000e+03
     vertex -6.090000e+03 -3.800000e+02 -2.160000e+03
   endloop
 endfacet
 facet normal  0.000000e+00  1.000000e+00  0.000000e+00
   outer loop
     vertex -6.020000e+03 -3.800000e+02 -2.060000e+03
     vertex -6.210000e+03 -3.800000e+02 -2.160000e+03
     vertex -6.280000e+03 -3.800000e+02 -2.060000e+03
   endloop
 endfacet
 facet normal  0.000000e+00  1.000000e+00  0.000000e+00
   outer loop
     vertex -6.020000e+03 -3.800000e+02 -2.060000e+03
     vertex -6.020000e+03 -3.800000e+02 -2.477500e+03
     vertex -6.090000e+03 -3.800000e+02 -2.210000e+03
   endloop
 endfacet
 facet normal  0.000000e+00  0.000000e+00  1.000000e+00
   outer loop
     vertex -6.020000e+03  0.000000e+00 -2.477500e+03
     vertex -6.280000e+03  0.000000e+00 -2.477500e+03
     vertex -6.280000e+03 -3.800000e+02 -2.477500e+03
   endloop
 endfacet
 facet normal  0.000000e+00  0.000000e+00  1.000000e+00
   outer loop
     vertex -6.020000e+03  0.000000e+00 -2.477500e+03
     vertex -6.280000e+03 -3.800000e+02 -2.477500e+03
     vertex -6.020000e+03 -3.800000e+02 -2.477500e+03
   endloop
 endfacet
 facet normal -1.000000e+00  0.000000e+00  0.000000e+00
   outer loop
     vertex -6.020000e+03  0.000000e+00 -2.477500e+03
     vertex -6.020000e+03 -3.800000e+02 -2.060000e+03
     vertex -6.020000e+03  0.000000e+00 -2.060000e+03
   endloop
 endfacet
 facet normal -1.000000e+00  0.000000e+00  0.000000e+00
   outer loop
     vertex -6.020000e+03  0.000000e+00 -2.477500e+03
     vertex -6.020000e+03 -3.800000e+02 -2.477500e+03
     vertex -6.020000e+03 -3.800000e+02 -2.060000e+03
   endloop
 endfacet
 facet normal -0.000000e+00  0.000000e+00 -1.000000e+00
   outer loop
     vertex -6.020000e+03  0.000000e+00 -2.060000e+03
     vertex -6.280000e+03 -3.800000e+02 -2.060000e+03
     vertex -6.280000e+03  0.000000e+00 -2.060000e+03
   endloop
 endfacet
 facet normal  0.000000e+00 -0.000000e+00 -1.000000e+00
   outer loop
     vertex -6.020000e+03  0.000000e+00 -2.060000e+03
     vertex -6.020000e+03 -3.800000e+02 -2.060000e+03
     vertex -6.280000e+03 -3.800000e+02 -2.060000e+03
   endloop
 endfacet
 facet normal  1.000000e+00  0.000000e+00  0.000000e+00
   outer loop
     vertex -6.280000e+03 -3.800000e+02 -2.060000e+03
     vertex -6.280000e+03 -3.800000e+02 -2.477500e+03
     vertex -6.280000e+03  0.000000e+00 -2.477500e+03
   endloop
 endfacet
 facet normal  1.000000e+00 -0.000000e+00  0.000000e+00
   outer loop
     vertex -6.280000e+03 -3.800000e+02 -2.060000e+03
     vertex -6.280000e+03  0.000000e+00 -2.477500e+03
     vertex -6.280000e+03  0.000000e+00 -2.060000e+03
   endloop
 endfacet
 facet normal  0.000000e+00  0.000000e+00 -1.000000e+00
   outer loop
     vertex -6.210000e+03 -4.000000e+02 -3.830000e+03
     vertex -6.090000e+03 -3.800000e+02 -3.830000e+03
     vertex -6.090000e+03 -4.000000e+02 -3.830000e+03
   endloop
 endfacet
 facet normal  0.000000e+00  0.000000e+00 -1.000000e+00
   outer loop
     vertex -6.210000e+03 -4.000000e+02 -3.830000e+03
     vertex -6.210000e+03 -3.800000e+02 -3.830000e+03
     vertex -6.090000e+03 -3.800000e+02 -3.830000e+03
   endloop
 endfacet
 facet normal -1.000000e+00  0.000000e+00  0.000000e+00
   outer loop
     vertex -6.090000e+03 -4.000000e+02 -3.830000e+03
     vertex -6.090000e+03 -3.800000e+02 -3.880000e+03
     vertex -6.090000e+03 -4.000000e+02 -3.880000e+03
   endloop
 endfacet
 facet normal -1.000000e+00  0.000000e+00  0.000000e+00
   outer loop
     vertex -6.090000e+03 -4.000000e+02 -3.830000e+03
     vertex -6.090000e+03 -3.800000e+02 -3.830000e+03
     vertex -6.090000e+03 -3.800000e+02 -3.880000e+03
   endloop
 endfacet
 facet normal  0.000000e+00  0.000000e+00  1.000000e+00
   outer loop
     vertex -6.090000e+03 -3.800000e+02 -3.880000e+03
     vertex -6.210000e+03 -3.800000e+02 -3.880000e+03
     vertex -6.210000e+03 -4.000000e+02 -3.880000e+03
   endloop
 endfacet
 facet normal  0.000000e+00  0.000000e+00  1.000000e+00
   outer loop
     vertex -6.090000e+03 -3.800000e+02 -3.880000e+03
     vertex -6.210000e+03 -4.000000e+02 -3.880000e+03
     vertex -6.090000e+03 -4.000000e+02 -3.880000e+03
   endloop
 endfacet
 facet normal  1.000000e+00  0.000000e+00 -0.000000e+00
   outer loop
     vertex -6.210000e+03 -3.800000e+02 -3.880000e+03
     vertex -6.210000e+03 -3.800000e+02 -3.830000e+03
     vertex -6.210000e+03 -4.000000e+02 -3.830000e+03
   endloop
 endfacet
 facet normal  1.000000e+00  0.000000e+00  0.000000e+00
   outer loop
     vertex -6.210000e+03 -3.800000e+02 -3.880000e+03
     vertex -6.210000e+03 -4.000000e+02 -3.830000e+03
     vertex -6.210000e+03 -4.000000e+02 -3.880000e+03
   endloop
 endfacet
 facet normal  0.000000e+00  1.000000e+00  0.000000e+00
   outer loop
     vertex -6.210000e+03 -3.800000e+02 -3.830000e+03
     vertex -6.210000e+03 -3.800000e+02 -3.880000e+03
     vertex -6.280000e+03 -3.800000e+02 -3.980000e+03
   endloop
 endfacet
 facet normal  0.000000e+00  1.000000e+00  0.000000e+00
   outer loop
     vertex -6.090000e+03 -3.800000e+02 -3.880000e+03
     vertex -6.020000e+03 -3.800000e+02 -3.980000e+03
     vertex -6.280000e+03 -3.800000e+02 -3.980000e+03
   endloop
 endfacet
 facet normal  0.000000e+00  1.000000e+00  0.000000e+00
   outer loop
     vertex -6.090000e+03 -3.800000e+02 -3.880000e+03
     vertex -6.280000e+03 -3.800000e+02 -3.980000e+03
     vertex -6.210000e+03 -3.800000e+02 -3.880000e+03
   endloop
 endfacet
 facet normal  0.000000e+00  1.000000e+00  0.000000e+00
   outer loop
     vertex -6.090000e+03 -3.800000e+02 -3.830000e+03
     vertex -6.020000e+03 -3.800000e+02 -3.980000e+03
     vertex -6.090000e+03 -3.800000e+02 -3.880000e+03
   endloop
 endfacet
 facet normal  0.000000e+00  1.000000e+00  0.000000e+00
   outer loop
     vertex -6.280000e+03 -3.800000e+02 -3.522500e+03
     vertex -6.210000e+03 -3.800000e+02 -3.830000e+03
     vertex -6.280000e+03 -3.800000e+02 -3.980000e+03
   endloop
 endfacet
 facet normal  0.000000e+00  1.000000e+00  0.000000e+00
   outer loop
     vertex -6.020000e+03 -3.800000e+02 -3.522500e+03
     vertex -6.090000e+03 -3.800000e+02 -3.830000e+03
     vertex -6.210000e+03 -3.800000e+02 -3.830000e+03
   endloop
 endfacet
 facet normal  0.000000e+00  1.000000e+00  0.000000e+00
   outer loop
     vertex -6.020000e+03 -3.800000e+02 -3.522500e+03
     vertex -6.210000e+03 -3.800000e+02 -3.830000e+03
     vertex -6.280000e+03 -3.800000e+02 -3.522500e+03
   endloop
 endfacet
 facet normal  0.000000e+00  1.000000e+00  0.000000e+00
   outer loop
     vertex -6.020000e+03 -3.800000e+02 -3.522500e+03
     vertex -6.020000e+03 -3.800000e+02 -3.980000e+03
     vertex -6.090000e+03 -3.800000e+02 -3.830000e+03
   endloop
 endfacet
 facet normal  0.000000e+00  0.000000e+00 -1.000000e+00
   outer loop
     vertex -6.280000e+03 -3.800000e+02 -3.522500e+03
     vertex -6.280000e+03  0.000000e+00 -3.522500e+03
     vertex -6.020000e+03  0.000000e+00 -3.522500e+03
   endloop
 endfacet
 facet normal  0.000000e+00  0.000000e+00 -1.000000e+00
   outer loop
     vertex -6.280000e+03 -3.800000e+02 -3.522500e+03
     vertex -6.020000e+03  0.000000e+00 -3.522500e+03
     vertex -6.020000e+03 -3.800000e+02 -3.522500e+03
   endloop
 endfacet
 facet normal  1.000000e+00  0.000000e+00  0.000000e+00
   outer loop
     vertex -6.280000e+03  0.000000e+00 -3.522500e+03
     vertex -6.280000e+03 -3.800000e+02 -3.980000e+03
     vertex -6.280000e+03  0.000000e+00 -3.980000e+03
   endloop
 endfacet
 facet normal  1.000000e+00 -0.000000e+00  0.000000e+00
   outer loop
     vertex -6.280000e+03 -3.800000e+02 -3.522500e+03
     vertex -6.280000e+03 -3.800000e+02 -3.980000e+03
     vertex -6.280000e+03  0.000000e+00 -3.522500e+03
   endloop
 endfacet
 facet normal  0.000000e+00  0.000000e+00  1.000000e+00
   outer loop
     vertex -6.280000e+03 -3.800000e+02 -3.980000e+03
     vertex -6.020000e+03 -3.800000e+02 -3.980000e+03
     vertex -6.020000e+03  0.000000e+00 -3.980000e+03
   endloop
 endfacet
 facet normal  0.000000e+00  0.000000e+00  1.000000e+00
   outer loop
     vertex -6.280000e+03 -3.800000e+02 -3.980000e+03
     vertex -6.020000e+03  0.000000e+00 -3.980000e+03
     vertex -6.280000e+03  0.000000e+00 -3.980000e+03
   endloop
 endfacet
 facet normal -1.000000e+00  0.000000e+00  0.000000e+00
   outer loop
     vertex -6.020000e+03 -3.800000e+02 -3.980000e+03
     vertex -6.020000e+03 -3.800000e+02 -3.522500e+03
     vertex -6.020000e+03  0.000000e+00 -3.522500e+03
   endloop
 endfacet
 facet normal -1.000000e+00  0.000000e+00  0.000000e+00
   outer loop
     vertex -6.020000e+03  0.000000e+00 -3.980000e+03
     vertex -6.020000e+03 -3.800000e+02 -3.980000e+03
     vertex -6.020000e+03  0.000000e+00 -3.522500e+03
   endloop
 endfacet
 facet normal -1.000000e+00  0.000000e+00  0.000000e+00
   outer loop
     vertex -6.022500e+03 -4.000000e+02 -1.025000e+03
     vertex -6.022500e+03  0.000000e+00 -9.350000e+02
     vertex -6.022500e+03  0.000000e+00 -1.025000e+03
   endloop
 endfacet
 facet normal -1.000000e+00  0.000000e+00  0.000000e+00
   outer loop
     vertex -6.022500e+03 -4.000000e+02 -1.025000e+03
     vertex -6.022500e+03 -4.000000e+02 -9.350000e+02
     vertex -6.022500e+03  0.000000e+00 -9.350000e+02
   endloop
 endfacet
 facet normal  0.000000e+00  0.000000e+00 -1.000000e+00
   outer loop
     vertex -6.057500e+03  0.000000e+00 -9.350000e+02
     vertex -6.022500e+03 -4.000000e+02 -9.350000e+02
     vertex -6.057500e+03 -4.000000e+02 -9.350000e+02
   endloop
 endfacet
 facet normal  0.000000e+00  0.000000e+00 -1.000000e+00
   outer loop
     vertex -6.057500e+03  0.000000e+00 -9.350000e+02
     vertex -6.022500e+03  0.000000e+00 -9.350000e+02
     vertex -6.022500e+03 -4.000000e+02 -9.350000e+02
   endloop
 endfacet
 facet normal  1.000000e+00  0.000000e+00  0.000000e+00
   outer loop
     vertex -6.057500e+03 -4.000000e+02 -9.350000e+02
     vertex -6.057500e+03 -4.000000e+02 -1.025000e+03
     vertex -6.057500e+03  0.000000e+00 -1.025000e+03
   endloop
 endfacet
 facet normal  1.000000e+00 -0.000000e+00  0.000000e+00
   outer loop
     vertex -6.057500e+03 -4.000000e+02 -9.350000e+02
     vertex -6.057500e+03  0.000000e+00 -1.025000e+03
     vertex -6.057500e+03  0.000000e+00 -9.350000e+02
   endloop
 endfacet
 facet normal  0.000000e+00  0.000000e+00  1.000000e+00
   outer loop
     vertex -6.057500e+03 -4.000000e+02 -1.025000e+03
     vertex -6.022500e+03 -4.000000e+02 -1.025000e+03
     vertex -6.022500e+03  0.000000e+00 -1.025000e+03
   endloop
 endfacet
 facet normal  0.000000e+00  0.000000e+00  1.000000e+00
   outer loop
     vertex -6.057500e+03 -4.000000e+02 -1.025000e+03
     vertex -6.022500e+03  0.000000e+00 -1.025000e+03
     vertex -6.057500e+03  0.000000e+00 -1.025000e+03
   endloop
 endfacet
 facet normal -1.000000e+00  0.000000e+00  0.000000e+00
   outer loop
     vertex -6.090000e+03 -4.000000e+02 -1.600000e+02
     vertex -6.090000e+03 -3.800000e+02 -2.100000e+02
     vertex -6.090000e+03 -4.000000e+02 -2.100000e+02
   endloop
 endfacet
 facet normal -1.000000e+00  0.000000e+00  0.000000e+00
   outer loop
     vertex -6.090000e+03 -4.000000e+02 -1.600000e+02
     vertex -6.090000e+03 -3.800000e+02 -1.600000e+02
     vertex -6.090000e+03 -3.800000e+02 -2.100000e+02
   endloop
 endfacet
 facet normal  0.000000e+00  0.000000e+00  1.000000e+00
   outer loop
     vertex -6.090000e+03 -3.800000e+02 -2.100000e+02
     vertex -6.210000e+03 -3.800000e+02 -2.100000e+02
     vertex -6.210000e+03 -4.000000e+02 -2.100000e+02
   endloop
 endfacet
 facet normal  0.000000e+00  0.000000e+00  1.000000e+00
   outer loop
     vertex -6.090000e+03 -3.800000e+02 -2.100000e+02
     vertex -6.210000e+03 -4.000000e+02 -2.100000e+02
     vertex -6.090000e+03 -4.000000e+02 -2.100000e+02
   endloop
 endfacet
 facet normal  1.000000e+00  0.000000e+00 -0.000000e+00
   outer loop
     vertex -6.210000e+03 -3.800000e+02 -2.100000e+02
     vertex -6.210000e+03 -3.800000e+02 -1.600000e+02
     vertex -6.210000e+03 -4.000000e+02 -1.600000e+02
   endloop
 endfacet
 facet normal  1.000000e+00  0.000000e+00  0.000000e+00
   outer loop
     vertex -6.210000e+03 -3.800000e+02 -2.100000e+02
     vertex -6.210000e+03 -4.000000e+02 -1.600000e+02
     vertex -6.210000e+03 -4.000000e+02 -2.100000e+02
   endloop
 endfacet
 facet normal  0.000000e+00  0.000000e+00 -1.000000e+00
   outer loop
     vertex -6.210000e+03 -4.000000e+02 -1.600000e+02
     vertex -6.090000e+03 -3.800000e+02 -1.600000e+02
     vertex -6.090000e+03 -4.000000e+02 -1.600000e+02
   endloop
 endfacet
 facet normal  0.000000e+00  0.000000e+00 -1.000000e+00
   outer loop
     vertex -6.210000e+03 -4.000000e+02 -1.600000e+02
     vertex -6.210000e+03 -3.800000e+02 -1.600000e+02
     vertex -6.090000e+03 -3.800000e+02 -1.600000e+02
   endloop
 endfacet
 facet normal  0.000000e+00  1.000000e+00  0.000000e+00
   outer loop
     vertex -6.280000e+03 -3.800000e+02 -6.000000e+01
     vertex -6.210000e+03 -3.800000e+02 -1.600000e+02
     vertex -6.210000e+03 -3.800000e+02 -2.100000e+02
   endloop
 endfacet
 facet normal  0.000000e+00  1.000000e+00  0.000000e+00
   outer loop
     vertex -6.280000e+03 -3.800000e+02 -6.000000e+01
     vertex -6.210000e+03 -3.800000e+02 -2.100000e+02
     vertex -6.280000e+03 -3.800000e+02 -4.775000e+02
   endloop
 endfacet
 facet normal  0.000000e+00  1.000000e+00  0.000000e+00
   outer loop
     vertex -6.090000e+03 -3.800000e+02 -2.100000e+02
     vertex -6.020000e+03 -3.800000e+02 -4.775000e+02
     vertex -6.280000e+03 -3.800000e+02 -4.775000e+02
   endloop
 endfacet
 facet normal  0.000000e+00  1.000000e+00  0.000000e+00
   outer loop
     vertex -6.090000e+03 -3.800000e+02 -2.100000e+02
     vertex -6.280000e+03 -3.800000e+02 -4.775000e+02
     vertex -6.210000e+03 -3.800000e+02 -2.100000e+02
   endloop
 endfacet
 facet normal  0.000000e+00  1.000000e+00  0.000000e+00
   outer loop
     vertex -6.020000e+03 -3.800000e+02 -6.000000e+01
     vertex -6.090000e+03 -3.800000e+02 -1.600000e+02
     vertex -6.210000e+03 -3.800000e+02 -1.600000e+02
   endloop
 endfacet
 facet normal  0.000000e+00  1.000000e+00  0.000000e+00
   outer loop
     vertex -6.020000e+03 -3.800000e+02 -6.000000e+01
     vertex -6.090000e+03 -3.800000e+02 -2.100000e+02
     vertex -6.090000e+03 -3.800000e+02 -1.600000e+02
   endloop
 endfacet
 facet normal  0.000000e+00  1.000000e+00  0.000000e+00
   outer loop
     vertex -6.020000e+03 -3.800000e+02 -6.000000e+01
     vertex -6.210000e+03 -3.800000e+02 -1.600000e+02
     vertex -6.280000e+03 -3.800000e+02 -6.000000e+01
   endloop
 endfacet
 facet normal  0.000000e+00  1.000000e+00  0.000000e+00
   outer loop
     vertex -6.020000e+03 -3.800000e+02 -6.000000e+01
     vertex -6.020000e+03 -3.800000e+02 -4.775000e+02
     vertex -6.090000e+03 -3.800000e+02 -2.100000e+02
   endloop
 endfacet
 facet normal  0.000000e+00  0.000000e+00  1.000000e+00
   outer loop
     vertex -6.020000e+03  0.000000e+00 -4.775000e+02
     vertex -6.280000e+03  0.000000e+00 -4.775000e+02
     vertex -6.280000e+03 -3.800000e+02 -4.775000e+02
   endloop
 endfacet
 facet normal  0.000000e+00  0.000000e+00  1.000000e+00
   outer loop
     vertex -6.020000e+03  0.000000e+00 -4.775000e+02
     vertex -6.280000e+03 -3.800000e+02 -4.775000e+02
     vertex -6.020000e+03 -3.800000e+02 -4.775000e+02
   endloop
 endfacet
 facet normal -1.000000e+00  0.000000e+00  0.000000e+00
   outer loop
     vertex -6.020000e+03  0.000000e+00 -4.775000e+02
     vertex -6.020000e+03 -3.800000e+02 -6.000000e+01
     vertex -6.020000e+03  0.000000e+00 -6.000000e+01
   endloop
 endfacet
 facet normal -1.000000e+00  0.000000e+00  0.000000e+00
   outer loop
     vertex -6.020000e+03  0.000000e+00 -4.775000e+02
     vertex -6.020000e+03 -3.800000e+02 -4.775000e+02
     vertex -6.020000e+03 -3.800000e+02 -6.000000e+01
   endloop
 endfacet
 facet normal -0.000000e+00  0.000000e+00 -1.000000e+00
   outer loop
     vertex -6.020000e+03  0.000000e+00 -6.000000e+01
     vertex -6.280000e+03 -3.800000e+02 -6.000000e+01
     vertex -6.280000e+03  0.000000e+00 -6.000000e+01
   endloop
 endfacet
 facet normal  0.000000e+00 -0.000000e+00 -1.000000e+00
   outer loop
     vertex -6.020000e+03  0.000000e+00 -6.000000e+01
     vertex -6.020000e+03 -3.800000e+02 -6.000000e+01
     vertex -6.280000e+03 -3.800000e+02 -6.000000e+01
   endloop
 endfacet
 facet normal  1.000000e+00  0.000000e+00  0.000000e+00
   outer loop
     vertex -6.280000e+03 -3.800000e+02 -6.000000e+01
     vertex -6.280000e+03 -3.800000e+02 -4.775000e+02
     vertex -6.280000e+03  0.000000e+00 -4.775000e+02
   endloop
 endfacet
 facet normal  1.000000e+00 -0.000000e+00  0.000000e+00
   outer loop
     vertex -6.280000e+03 -3.800000e+02 -6.000000e+01
     vertex -6.280000e+03  0.000000e+00 -4.775000e+02
     vertex -6.280000e+03  0.000000e+00 -6.000000e+01
   endloop
 endfacet
 facet normal  0.000000e+00  0.000000e+00 -1.000000e+00
   outer loop
     vertex -6.210000e+03 -4.000000e+02 -1.830000e+03
     vertex -6.090000e+03 -3.800000e+02 -1.830000e+03
     vertex -6.090000e+03 -4.000000e+02 -1.830000e+03
   endloop
 endfacet
 facet normal  0.000000e+00  0.000000e+00 -1.000000e+00
   outer loop
     vertex -6.210000e+03 -4.000000e+02 -1.830000e+03
     vertex -6.210000e+03 -3.800000e+02 -1.830000e+03
     vertex -6.090000e+03 -3.800000e+02 -1.830000e+03
   endloop
 endfacet
 facet normal -1.000000e+00  0.000000e+00  0.000000e+00
   outer loop
     vertex -6.090000e+03 -4.000000e+02 -1.830000e+03
     vertex -6.090000e+03 -3.800000e+02 -1.880000e+03
     vertex -6.090000e+03 -4.000000e+02 -1.880000e+03
   endloop
 endfacet
 facet normal -1.000000e+00  0.000000e+00  0.000000e+00
   outer loop
     vertex -6.090000e+03 -4.000000e+02 -1.830000e+03
     vertex -6.090000e+03 -3.800000e+02 -1.830000e+03
     vertex -6.090000e+03 -3.800000e+02 -1.880000e+03
   endloop
 endfacet
 facet normal  0.000000e+00  0.000000e+00  1.000000e+00
   outer loop
     vertex -6.090000e+03 -3.800000e+02 -1.880000e+03
     vertex -6.210000e+03 -3.800000e+02 -1.880000e+03
     vertex -6.210000e+03 -4.000000e+02 -1.880000e+03
   endloop
 endfacet
 facet normal  0.000000e+00  0.000000e+00  1.000000e+00
   outer loop
     vertex -6.090000e+03 -3.800000e+02 -1.880000e+03
     vertex -6.210000e+03 -4.000000e+02 -1.880000e+03
     vertex -6.090000e+03 -4.000000e+02 -1.880000e+03
   endloop
 endfacet
 facet normal  1.000000e+00  0.000000e+00 -0.000000e+00
   outer loop
     vertex -6.210000e+03 -3.800000e+02 -1.880000e+03
     vertex -6.210000e+03 -3.800000e+02 -1.830000e+03
     vertex -6.210000e+03 -4.000000e+02 -1.830000e+03
   endloop
 endfacet
 facet normal  1.000000e+00  0.000000e+00  0.000000e+00
   outer loop
     vertex -6.210000e+03 -3.800000e+02 -1.880000e+03
     vertex -6.210000e+03 -4.000000e+02 -1.830000e+03
     vertex -6.210000e+03 -4.000000e+02 -1.880000e+03
   endloop
 endfacet
 facet normal  0.000000e+00  1.000000e+00  0.000000e+00
   outer loop
     vertex -6.210000e+03 -3.800000e+02 -1.830000e+03
     vertex -6.210000e+03 -3.800000e+02 -1.880000e+03
     vertex -6.280000e+03 -3.800000e+02 -1.980000e+03
   endloop
 endfacet
 facet normal  0.000000e+00  1.000000e+00  0.000000e+00
   outer loop
     vertex -6.090000e+03 -3.800000e+02 -1.880000e+03
     vertex -6.020000e+03 -3.800000e+02 -1.980000e+03
     vertex -6.280000e+03 -3.800000e+02 -1.980000e+03
   endloop
 endfacet
 facet normal  0.000000e+00  1.000000e+00  0.000000e+00
   outer loop
     vertex -6.090000e+03 -3.800000e+02 -1.880000e+03
     vertex -6.280000e+03 -3.800000e+02 -1.980000e+03
     vertex -6.210000e+03 -3.800000e+02 -1.880000e+03
   endloop
 endfacet
 facet normal  0.000000e+00  1.000000e+00  0.000000e+00
   outer loop
     vertex -6.090000e+03 -3.800000e+02 -1.830000e+03
     vertex -6.020000e+03 -3.800000e+02 -1.980000e+03
     vertex -6.090000e+03 -3.800000e+02 -1.880000e+03
   endloop
 endfacet
 facet normal  0.000000e+00  1.000000e+00  0.000000e+00
   outer loop
     vertex -6.280000e+03 -3.800000e+02 -1.522500e+03
     vertex -6.210000e+03 -3.800000e+02 -1.830000e+03
     vertex -6.280000e+03 -3.800000e+02 -1.980000e+03
   endloop
 endfacet
 facet normal  0.000000e+00  1.000000e+00  0.000000e+00
   outer loop
     vertex -6.020000e+03 -3.800000e+02 -1.522500e+03
     vertex -6.090000e+03 -3.800000e+02 -1.830000e+03
     vertex -6.210000e+03 -3.800000e+02 -1.830000e+03
   endloop
 endfacet
 facet normal  0.000000e+00  1.000000e+00  0.000000e+00
   outer loop
     vertex -6.020000e+03 -3.800000e+02 -1.522500e+03
     vertex -6.210000e+03 -3.800000e+02 -1.830000e+03
     vertex -6.280000e+03 -3.800000e+02 -1.522500e+03
   endloop
 endfacet
 facet normal  0.000000e+00  1.000000e+00  0.000000e+00
   outer loop
     vertex -6.020000e+03 -3.800000e+02 -1.522500e+03
     vertex -6.020000e+03 -3.800000e+02 -1.980000e+03
     vertex -6.090000e+03 -3.800000e+02 -1.830000e+03
   endloop
 endfacet
 facet normal  0.000000e+00  0.000000e+00 -1.000000e+00
   outer loop
     vertex -6.280000e+03 -3.800000e+02 -1.522500e+03
     vertex -6.280000e+03  0.000000e+00 -1.522500e+03
     vertex -6.020000e+03  0.000000e+00 -1.522500e+03
   endloop
 endfacet
 facet normal  0.000000e+00  0.000000e+00 -1.000000e+00
   outer loop
     vertex -6.280000e+03 -3.800000e+02 -1.522500e+03
     vertex -6.020000e+03  0.000000e+00 -1.522500e+03
     vertex -6.020000e+03 -3.800000e+02 -1.522500e+03
   endloop
 endfacet
 facet normal  1.000000e+00  0.000000e+00  0.000000e+00
   outer loop
     vertex -6.280000e+03  0.000000e+00 -1.522500e+03
     vertex -6.280000e+03 -3.800000e+02 -1.980000e+03
     vertex -6.280000e+03  0.000000e+00 -1.980000e+03
   endloop
 endfacet
 facet normal  1.000000e+00 -0.000000e+00  0.000000e+00
   outer loop
     vertex -6.280000e+03 -3.800000e+02 -1.522500e+03
     vertex -6.280000e+03 -3.800000e+02 -1.980000e+03
     vertex -6.280000e+03  0.000000e+00 -1.522500e+03
   endloop
 endfacet
 facet normal  0.000000e+00  0.000000e+00  1.000000e+00
   outer loop
     vertex -6.280000e+03 -3.800000e+02 -1.980000e+03
     vertex -6.020000e+03 -3.800000e+02 -1.980000e+03
     vertex -6.020000e+03  0.000000e+00 -1.980000e+03
   endloop
 endfacet
 facet normal  0.000000e+00  0.000000e+00  1.000000e+00
   outer loop
     vertex -6.280000e+03 -3.800000e+02 -1.980000e+03
     vertex -6.020000e+03  0.000000e+00 -1.980000e+03
     vertex -6.280000e+03  0.000000e+00 -1.980000e+03
   endloop
 endfacet
 facet normal -1.000000e+00  0.000000e+00  0.000000e+00
   outer loop
     vertex -6.020000e+03 -3.800000e+02 -1.980000e+03
     vertex -6.020000e+03 -3.800000e+02 -1.522500e+03
     vertex -6.020000e+03  0.000000e+00 -1.522500e+03
   endloop
 endfacet
 facet normal -1.000000e+00  0.000000e+00  0.000000e+00
   outer loop
     vertex -6.020000e+03  0.000000e+00 -1.980000e+03
     vertex -6.020000e+03 -3.800000e+02 -1.980000e+03
     vertex -6.020000e+03  0.000000e+00 -1.522500e+03
   endloop
 endfacet
 facet normal  0.000000e+00  0.000000e+00 -1.000000e+00
   outer loop
     vertex -4.975000e+03 -4.000000e+02 -4.022500e+03
     vertex -5.065000e+03  0.000000e+00 -4.022500e+03
     vertex -4.975000e+03  0.000000e+00 -4.022500e+03
   endloop
 endfacet
 facet normal  0.000000e+00  0.000000e+00 -1.000000e+00
   outer loop
     vertex -4.975000e+03 -4.000000e+02 -4.022500e+03
     vertex -5.065000e+03 -4.000000e+02 -4.022500e+03
     vertex -5.065000e+03  0.000000e+00 -4.022500e+03
   endloop
 endfacet
 facet normal  1.000000e+00  0.000000e+00  0.000000e+00
   outer loop
     vertex -5.065000e+03  0.000000e+00 -4.022500e+03
     vertex -5.065000e+03 -4.000000e+02 -4.022500e+03
     vertex -5.065000e+03 -4.000000e+02 -4.057500e+03
   endloop
 endfacet
 facet normal  1.000000e+00  0.000000e+00  0.000000e+00
   outer loop
     vertex -5.065000e+03  0.000000e+00 -4.022500e+03
     vertex -5.065000e+03 -4.000000e+02 -4.057500e+03
     vertex -5.065000e+03  0.000000e+00 -4.057500e+03
   endloop
 endfacet
 facet normal  0.000000e+00  0.000000e+00  1.000000e+00
   outer loop
     vertex -5.065000e+03 -4.000000e+02 -4.057500e+03
     vertex -4.975000e+03 -4.000000e+02 -4.057500e+03
     vertex -4.975000e+03  0.000000e+00 -4.057500e+03
   endloop
 endfacet
 facet normal  0.000000e+00  0.000000e+00  1.000000e+00
   outer loop
     vertex -5.065000e+03 -4.000000e+02 -4.057500e+03
     vertex -4.975000e+03  0.000000e+00 -4.057500e+03
     vertex -5.065000e+03  0.000000e+00 -4.057500e+03
   endloop
 endfacet
 facet normal -1.000000e+00  0.000000e+00  0.000000e+00
   outer loop
     vertex -4.975000e+03  0.000000e+00 -4.057500e+03
     vertex -4.975000e+03 -4.000000e+02 -4.022500e+03
     vertex -4.975000e+03  0.000000e+00 -4.022500e+03
   endloop
 endfacet
 facet normal -1.000000e+00  0.000000e+00  0.000000e+00
   outer loop
     vertex -4.975000e+03  0.000000e+00 -4.057500e+03
     vertex -4.975000e+03 -4.000000e+02 -4.057500e+03
     vertex -4.975000e+03 -4.000000e+02 -4.022500e+03
   endloop
 endfacet
 facet normal  0.000000e+00  0.000000e+00 -1.000000e+00
   outer loop
     vertex -5.840000e+03 -4.000000e+02 -4.090000e+03
     vertex -5.790000e+03 -3.800000e+02 -4.090000e+03
     vertex -5.790000e+03 -4.000000e+02 -4.090000e+03
   endloop
 endfacet
 facet normal  0.000000e+00  0.000000e+00 -1.000000e+00
   outer loop
     vertex -5.840000e+03 -4.000000e+02 -4.090000e+03
     vertex -5.840000e+03 -3.800000e+02 -4.090000e+03
     vertex -5.790000e+03 -3.800000e+02 -4.090000e+03
   endloop
 endfacet
 facet normal -1.000000e+00  0.000000e+00  0.000000e+00
   outer loop
     vertex -5.790000e+03 -4.000000e+02 -4.090000e+03
     vertex -5.790000e+03 -3.800000e+02 -4.210000e+03
     vertex -5.790000e+03 -4.000000e+02 -4.210000e+03
   endloop
 endfacet
 facet normal -1.000000e+00  0.000000e+00  0.000000e+00
   outer loop
     vertex -5.790000e+03 -4.000000e+02 -4.090000e+03
     vertex -5.790000e+03 -3.800000e+02 -4.090000e+03
     vertex -5.790000e+03 -3.800000e+02 -4.210000e+03
   endloop
 endfacet
 facet normal  0.000000e+00  0.000000e+00  1.000000e+00
   outer loop
     vertex -5.790000e+03 -3.800000e+02 -4.210000e+03
     vertex -5.840000e+03 -3.800000e+02 -4.210000e+03
     vertex -5.840000e+03 -4.000000e+02 -4.210000e+03
   endloop
 endfacet
 facet normal  0.000000e+00  0.000000e+00  1.000000e+00
   outer loop
     vertex -5.790000e+03 -3.800000e+02 -4.210000e+03
     vertex -5.840000e+03 -4.000000e+02 -4.210000e+03
     vertex -5.790000e+03 -4.000000e+02 -4.210000e+03
   endloop
 endfacet
 facet normal  1.000000e+00  0.000000e+00 -0.000000e+00
   outer loop
     vertex -5.840000e+03 -3.800000e+02 -4.210000e+03
     vertex -5.840000e+03 -3.800000e+02 -4.090000e+03
     vertex -5.840000e+03 -4.000000e+02 -4.090000e+03
   endloop
 endfacet
 facet normal  1.000000e+00  0.000000e+00  0.000000e+00
   outer loop
     vertex -5.840000e+03 -3.800000e+02 -4.210000e+03
     vertex -5.840000e+03 -4.000000e+02 -4.090000e+03
     vertex -5.840000e+03 -4.000000e+02 -4.210000e+03
   endloop
 endfacet
 facet normal  0.000000e+00  1.000000e+00  0.000000e+00
   outer loop
     vertex -5.940000e+03 -3.800000e+02 -4.280000e+03
     vertex -5.840000e+03 -3.800000e+02 -4.210000e+03
     vertex -5.790000e+03 -3.800000e+02 -4.210000e+03
   endloop
 endfacet
 facet normal  0.000000e+00  1.000000e+00  0.000000e+00
   outer loop
     vertex -5.940000e+03 -3.800000e+02 -4.280000e+03
     vertex -5.790000e+03 -3.800000e+02 -4.210000e+03
     vertex -5.522500e+03 -3.800000e+02 -4.280000e+03
   endloop
 endfacet
 facet normal -0.000000e+00  1.000000e+00  0.000000e+00
   outer loop
     vertex -5.790000e+03 -3.800000e+02 -4.090000e+03
     vertex -5.522500e+03 -3.800000e+02 -4.020000e+03
     vertex -5.522500e+03 -3.800000e+02 -4.280000e+03
   endloop
 endfacet
 facet normal  0.000000e+00  1.000000e+00  0.000000e+00
   outer loop
     vertex -5.790000e+03 -3.800000e+02 -4.090000e+03
     vertex -5.522500e+03 -3.800000e+02 -4.280000e+03
     vertex -5.790000e+03 -3.800000e+02 -4.210000e+03
   endloop
 endfacet
 facet normal  0.000000e+00  1.000000e+00  0.000000e+00
   outer loop
     vertex -5.940000e+03 -3.800000e+02 -4.020000e+03
     vertex -5.840000e+03 -3.800000e+02 -4.090000e+03
     vertex -5.840000e+03 -3.800000e+02 -4.210000e+03
   endloop
 endfacet
 facet normal  0.000000e+00  1.000000e+00  0.000000e+00
   outer loop
     vertex -5.940000e+03 -3.800000e+02 -4.020000e+03
     vertex -5.790000e+03 -3.800000e+02 -4.090000e+03
     vertex -5.840000e+03 -3.800000e+02 -4.090000e+03
   endloop
 endfacet
 facet normal  0.000000e+00  1.000000e+00  0.000000e+00
   outer loop
     vertex -5.940000e+03 -3.800000e+02 -4.020000e+03
     vertex -5.840000e+03 -3.800000e+02 -4.210000e+03
     vertex -5.940000e+03 -3.800000e+02 -4.280000e+03
   endloop
 endfacet
 facet normal -0.000000e+00  1.000000e+00  0.000000e+00
   outer loop
     vertex -5.940000e+03 -3.800000e+02 -4.020000e+03
     vertex -5.522500e+03 -3.800000e+02 -4.020000e+03
     vertex -5.790000e+03 -3.800000e+02 -4.090000e+03
   endloop
 endfacet
 facet normal -1.000000e+00  0.000000e+00  0.000000e+00
   outer loop
     vertex -5.522500e+03 -3.800000e+02 -4.020000e+03
     vertex -5.522500e+03  0.000000e+00 -4.020000e+03
     vertex -5.522500e+03  0.000000e+00 -4.280000e+03
   endloop
 endfacet
 facet normal -1.000000e+00  0.000000e+00  0.000000e+00
   outer loop
     vertex -5.522500e+03 -3.800000e+02 -4.020000e+03
     vertex -5.522500e+03  0.000000e+00 -4.280000e+03
     vertex -5.522500e+03 -3.800000e+02 -4.280000e+03
   endloop
 endfacet
 facet normal -0.000000e+00  0.000000e+00 -1.000000e+00
   outer loop
     vertex -5.522500e+03  0.000000e+00 -4.020000e+03
     vertex -5.940000e+03 -3.800000e+02 -4.020000e+03
     vertex -5.940000e+03  0.000000e+00 -4.020000e+03
   endloop
 endfacet
 facet normal  0.000000e+00 -0.000000e+00 -1.000000e+00
   outer loop
     vertex -5.522500e+03  0.000000e+00 -4.020000e+03
     vertex -5.522500e+03 -3.800000e+02 -4.020000e+03
     vertex -5.940000e+03 -3.800000e+02 -4.020000e+03
   endloop
 endfacet
 facet normal  1.000000e+00  0.000000e+00  0.000000e+00
   outer loop
     vertex -5.940000e+03 -3.800000e+02 -4.020000e+03
     vertex -5.940000e+03 -3.800000e+02 -4.280000e+03
     vertex -5.940000e+03  0.000000e+00 -4.280000e+03
   endloop
 endfacet
 facet normal  1.000000e+00 -0.000000e+00  0.000000e+00
   outer loop
     vertex -5.940000e+03 -3.800000e+02 -4.020000e+03
     vertex -5.940000e+03  0.000000e+00 -4.280000e+03
     vertex -5.940000e+03  0.000000e+00 -4.020000e+03
   endloop
 endfacet
 facet normal  0.000000e+00  0.000000e+00  1.000000e+00
   outer loop
     vertex -5.940000e+03 -3.800000e+02 -4.280000e+03
     vertex -5.522500e+03 -3.800000e+02 -4.280000e+03
     vertex -5.522500e+03  0.000000e+00 -4.280000e+03
   endloop
 endfacet
 facet normal  0.000000e+00  0.000000e+00  1.000000e+00
   outer loop
     vertex -5.940000e+03 -3.800000e+02 -4.280000e+03
     vertex -5.522500e+03  0.000000e+00 -4.280000e+03
     vertex -5.940000e+03  0.000000e+00 -4.280000e+03
   endloop
 endfacet
 facet normal  1.000000e+00  0.000000e+00 -0.000000e+00
   outer loop
     vertex -4.170000e+03 -3.800000e+02 -4.210000e+03
     vertex -4.170000e+03 -3.800000e+02 -4.090000e+03
     vertex -4.170000e+03 -4.000000e+02 -4.090000e+03
   endloop
 endfacet
 facet normal  1.000000e+00  0.000000e+00  0.000000e+00
   outer loop
     vertex -4.170000e+03 -3.800000e+02 -4.210000e+03
     vertex -4.170000e+03 -4.000000e+02 -4.090000e+03
     vertex -4.170000e+03 -4.000000e+02 -4.210000e+03
   endloop
 endfacet
 facet normal  0.000000e+00  0.000000e+00 -1.000000e+00
   outer loop
     vertex -4.170000e+03 -4.000000e+02 -4.090000e+03
     vertex -4.120000e+03 -3.800000e+02 -4.090000e+03
     vertex -4.120000e+03 -4.000000e+02 -4.090000e+03
   endloop
 endfacet
 facet normal  0.000000e+00  0.000000e+00 -1.000000e+00
   outer loop
     vertex -4.170000e+03 -4.000000e+02 -4.090000e+03
     vertex -4.170000e+03 -3.800000e+02 -4.090000e+03
     vertex -4.120000e+03 -3.800000e+02 -4.090000e+03
   endloop
 endfacet
 facet normal -1.000000e+00  0.000000e+00  0.000000e+00
   outer loop
     vertex -4.120000e+03 -4.000000e+02 -4.090000e+03
     vertex -4.120000e+03 -3.800000e+02 -4.210000e+03
     vertex -4.120000e+03 -4.000000e+02 -4.210000e+03
   endloop
 endfacet
 facet normal -1.000000e+00  0.000000e+00  0.000000e+00
   outer loop
     vertex -4.120000e+03 -4.000000e+02 -4.090000e+03
     vertex -4.120000e+03 -3.800000e+02 -4.090000e+03
     vertex -4.120000e+03 -3.800000e+02 -4.210000e+03
   endloop
 endfacet
 facet normal  0.000000e+00  0.000000e+00  1.000000e+00
   outer loop
     vertex -4.120000e+03 -3.800000e+02 -4.210000e+03
     vertex -4.170000e+03 -3.800000e+02 -4.210000e+03
     vertex -4.170000e+03 -4.000000e+02 -4.210000e+03
   endloop
 endfacet
 facet normal  0.000000e+00  0.000000e+00  1.000000e+00
   outer loop
     vertex -4.120000e+03 -3.800000e+02 -4.210000e+03
     vertex -4.170000e+03 -4.000000e+02 -4.210000e+03
     vertex -4.120000e+03 -4.000000e+02 -4.210000e+03
   endloop
 endfacet
 facet normal -0.000000e+00  1.000000e+00  0.000000e+00
   outer loop
     vertex -4.170000e+03 -3.800000e+02 -4.210000e+03
     vertex -4.120000e+03 -3.800000e+02 -4.210000e+03
     vertex -4.020000e+03 -3.800000e+02 -4.280000e+03
   endloop
 endfacet
 facet normal -0.000000e+00  1.000000e+00  0.000000e+00
   outer loop
     vertex -4.120000e+03 -3.800000e+02 -4.090000e+03
     vertex -4.020000e+03 -3.800000e+02 -4.020000e+03
     vertex -4.020000e+03 -3.800000e+02 -4.280000e+03
   endloop
 endfacet
 facet normal  0.000000e+00  1.000000e+00  0.000000e+00
   outer loop
     vertex -4.120000e+03 -3.800000e+02 -4.090000e+03
     vertex -4.020000e+03 -3.800000e+02 -4.280000e+03
     vertex -4.120000e+03 -3.800000e+02 -4.210000e+03
   endloop
 endfacet
 facet normal  0.000000e+00  1.000000e+00  0.000000e+00
   outer loop
     vertex -4.170000e+03 -3.800000e+02 -4.090000e+03
     vertex -4.020000e+03 -3.800000e+02 -4.020000e+03
     vertex -4.120000e+03 -3.800000e+02 -4.090000e+03
   endloop
 endfacet
 facet normal  0.000000e+00  1.000000e+00  0.000000e+00
   outer loop
     vertex -4.477500e+03 -3.800000e+02 -4.280000e+03
     vertex -4.170000e+03 -3.800000e+02 -4.210000e+03
     vertex -4.020000e+03 -3.800000e+02 -4.280000e+03
   endloop
 endfacet
 facet normal  0.000000e+00  1.000000e+00  0.000000e+00
   outer loop
     vertex -4.477500e+03 -3.800000e+02 -4.020000e+03
     vertex -4.170000e+03 -3.800000e+02 -4.090000e+03
     vertex -4.170000e+03 -3.800000e+02 -4.210000e+03
   endloop
 endfacet
 facet normal  0.000000e+00  1.000000e+00  0.000000e+00
   outer loop
     vertex -4.477500e+03 -3.800000e+02 -4.020000e+03
     vertex -4.170000e+03 -3.800000e+02 -4.210000e+03
     vertex -4.477500e+03 -3.800000e+02 -4.280000e+03
   endloop
 endfacet
 facet normal -0.000000e+00  1.000000e+00  0.000000e+00
   outer loop
     vertex -4.477500e+03 -3.800000e+02 -4.020000e+03
     vertex -4.020000e+03 -3.800000e+02 -4.020000e+03
     vertex -4.170000e+03 -3.800000e+02 -4.090000e+03
   endloop
 endfacet
 facet normal  1.000000e+00  0.000000e+00 -0.000000e+00
   outer loop
     vertex -4.477500e+03  0.000000e+00 -4.280000e+03
     vertex -4.477500e+03  0.000000e+00 -4.020000e+03
     vertex -4.477500e+03 -3.800000e+02 -4.020000e+03
   endloop
 endfacet
 facet normal  1.000000e+00  0.000000e+00  0.000000e+00
   outer loop
     vertex -4.477500e+03  0.000000e+00 -4.280000e+03
     vertex -4.477500e+03 -3.800000e+02 -4.020000e+03
     vertex -4.477500e+03 -3.800000e+02 -4.280000e+03
   endloop
 endfacet
 facet normal -0.000000e+00  0.000000e+00  1.000000e+00
   outer loop
     vertex -4.477500e+03  0.000000e+00 -4.280000e+03
     vertex -4.020000e+03 -3.800000e+02 -4.280000e+03
     vertex -4.020000e+03  0.000000e+00 -4.280000e+03
   endloop
 endfacet
 facet normal  0.000000e+00  0.000000e+00  1.000000e+00
   outer loop
     vertex -4.477500e+03 -3.800000e+02 -4.280000e+03
     vertex -4.020000e+03 -3.800000e+02 -4.280000e+03
     vertex -4.477500e+03  0.000000e+00 -4.280000e+03
   endloop
 endfacet
 facet normal -1.000000e+00  0.000000e+00  0.000000e+00
   outer loop
     vertex -4.020000e+03  0.000000e+00 -4.280000e+03
     vertex -4.020000e+03 -3.800000e+02 -4.020000e+03
     vertex -4.020000e+03  0.000000e+00 -4.020000e+03
   endloop
 endfacet
 facet normal -1.000000e+00  0.000000e+00  0.000000e+00
   outer loop
     vertex -4.020000e+03  0.000000e+00 -4.280000e+03
     vertex -4.020000e+03 -3.800000e+02 -4.280000e+03
     vertex -4.020000e+03 -3.800000e+02 -4.020000e+03
   endloop
 endfacet
 facet normal  0.000000e+00  0.000000e+00 -1.000000e+00
   outer loop
     vertex -4.020000e+03 -3.800000e+02 -4.020000e+03
     vertex -4.477500e+03 -3.800000e+02 -4.020000e+03
     vertex -4.477500e+03  0.000000e+00 -4.020000e+03
   endloop
 endfacet
 facet normal -0.000000e+00 -0.000000e+00 -1.000000e+00
   outer loop
     vertex -4.020000e+03  0.000000e+00 -4.020000e+03
     vertex -4.020000e+03 -3.800000e+02 -4.020000e+03
     vertex -4.477500e+03  0.000000e+00 -4.020000e+03
   endloop
 endfacet
 facet normal  1.000000e+00  0.000000e+00 -0.000000e+00
   outer loop
     vertex -2.170000e+03 -3.800000e+02 -4.210000e+03
     vertex -2.170000e+03 -3.800000e+02 -4.090000e+03
     vertex -2.170000e+03 -4.000000e+02 -4.090000e+03
   endloop
 endfacet
 facet normal  1.000000e+00  0.000000e+00  0.000000e+00
   outer loop
     vertex -2.170000e+03 -3.800000e+02 -4.210000e+03
     vertex -2.170000e+03 -4.000000e+02 -4.090000e+03
     vertex -2.170000e+03 -4.000000e+02 -4.210000e+03
   endloop
 endfacet
 facet normal  0.000000e+00  0.000000e+00 -1.000000e+00
   outer loop
     vertex -2.170000e+03 -4.000000e+02 -4.090000e+03
     vertex -2.120000e+03 -3.800000e+02 -4.090000e+03
     vertex -2.120000e+03 -4.000000e+02 -4.090000e+03
   endloop
 endfacet
 facet normal  0.000000e+00  0.000000e+00 -1.000000e+00
   outer loop
     vertex -2.170000e+03 -4.000000e+02 -4.090000e+03
     vertex -2.170000e+03 -3.800000e+02 -4.090000e+03
     vertex -2.120000e+03 -3.800000e+02 -4.090000e+03
   endloop
 endfacet
 facet normal -1.000000e+00  0.000000e+00  0.000000e+00
   outer loop
     vertex -2.120000e+03 -4.000000e+02 -4.090000e+03
     vertex -2.120000e+03 -3.800000e+02 -4.210000e+03
     vertex -2.120000e+03 -4.000000e+02 -4.210000e+03
   endloop
 endfacet
 facet normal -1.000000e+00  0.000000e+00  0.000000e+00
   outer loop
     vertex -2.120000e+03 -4.000000e+02 -4.090000e+03
     vertex -2.120000e+03 -3.800000e+02 -4.090000e+03
     vertex -2.120000e+03 -3.800000e+02 -4.210000e+03
   endloop
 endfacet
 facet normal  0.000000e+00  0.000000e+00  1.000000e+00
   outer loop
     vertex -2.120000e+03 -3.800000e+02 -4.210000e+03
     vertex -2.170000e+03 -3.800000e+02 -4.210000e+03
     vertex -2.170000e+03 -4.000000e+02 -4.210000e+03
   endloop
 endfacet
 facet normal  0.000000e+00  0.000000e+00  1.000000e+00
   outer loop
     vertex -2.120000e+03 -3.800000e+02 -4.210000e+03
     vertex -2.170000e+03 -4.000000e+02 -4.210000e+03
     vertex -2.120000e+03 -4.000000e+02 -4.210000e+03
   endloop
 endfacet
 facet normal -0.000000e+00  1.000000e+00  0.000000e+00
   outer loop
     vertex -2.170000e+03 -3.800000e+02 -4.210000e+03
     vertex -2.120000e+03 -3.800000e+02 -4.210000e+03
     vertex -2.020000e+03 -3.800000e+02 -4.280000e+03
   endloop
 endfacet
 facet normal -0.000000e+00  1.000000e+00  0.000000e+00
   outer loop
     vertex -2.120000e+03 -3.800000e+02 -4.090000e+03
     vertex -2.020000e+03 -3.800000e+02 -4.020000e+03
     vertex -2.020000e+03 -3.800000e+02 -4.280000e+03
   endloop
 endfacet
 facet normal  0.000000e+00  1.000000e+00  0.000000e+00
   outer loop
     vertex -2.120000e+03 -3.800000e+02 -4.090000e+03
     vertex -2.020000e+03 -3.800000e+02 -4.280000e+03
     vertex -2.120000e+03 -3.800000e+02 -4.210000e+03
   endloop
 endfacet
 facet normal  0.000000e+00  1.000000e+00  0.000000e+00
   outer loop
     vertex -2.170000e+03 -3.800000e+02 -4.090000e+03
     vertex -2.020000e+03 -3.800000e+02 -4.020000e+03
     vertex -2.120000e+03 -3.800000e+02 -4.090000e+03
   endloop
 endfacet
 facet normal  0.000000e+00  1.000000e+00  0.000000e+00
   outer loop
     vertex -2.477500e+03 -3.800000e+02 -4.280000e+03
     vertex -2.170000e+03 -3.800000e+02 -4.210000e+03
     vertex -2.020000e+03 -3.800000e+02 -4.280000e+03
   endloop
 endfacet
 facet normal  0.000000e+00  1.000000e+00  0.000000e+00
   outer loop
     vertex -2.477500e+03 -3.800000e+02 -4.020000e+03
     vertex -2.170000e+03 -3.800000e+02 -4.090000e+03
     vertex -2.170000e+03 -3.800000e+02 -4.210000e+03
   endloop
 endfacet
 facet normal  0.000000e+00  1.000000e+00  0.000000e+00
   outer loop
     vertex -2.477500e+03 -3.800000e+02 -4.020000e+03
     vertex -2.170000e+03 -3.800000e+02 -4.210000e+03
     vertex -2.477500e+03 -3.800000e+02 -4.280000e+03
   endloop
 endfacet
 facet normal -0.000000e+00  1.000000e+00  0.000000e+00
   outer loop
     vertex -2.477500e+03 -3.800000e+02 -4.020000e+03
     vertex -2.020000e+03 -3.800000e+02 -4.020000e+03
     vertex -2.170000e+03 -3.800000e+02 -4.090000e+03
   endloop
 endfacet
 facet normal  1.000000e+00  0.000000e+00 -0.000000e+00
   outer loop
     vertex -2.477500e+03  0.000000e+00 -4.280000e+03
     vertex -2.477500e+03  0.000000e+00 -4.020000e+03
     vertex -2.477500e+03 -3.800000e+02 -4.020000e+03
   endloop
 endfacet
 facet normal  1.000000e+00  0.000000e+00  0.000000e+00
   outer loop
     vertex -2.477500e+03  0.000000e+00 -4.280000e+03
     vertex -2.477500e+03 -3.800000e+02 -4.020000e+03
     vertex -2.477500e+03 -3.800000e+02 -4.280000e+03
   endloop
 endfacet
 facet normal -0.000000e+00  0.000000e+00  1.000000e+00
   outer loop
     vertex -2.477500e+03  0.000000e+00 -4.280000e+03
     vertex -2.020000e+03 -3.800000e+02 -4.280000e+03
     vertex -2.020000e+03  0.000000e+00 -4.280000e+03
   endloop
 endfacet
 facet normal  0.000000e+00  0.000000e+00  1.000000e+00
   outer loop
     vertex -2.477500e+03 -3.800000e+02 -4.280000e+03
     vertex -2.020000e+03 -3.800000e+02 -4.280000e+03
     vertex -2.477500e+03  0.000000e+00 -4.280000e+03
   endloop
 endfacet
 facet normal -1.000000e+00  0.000000e+00  0.000000e+00
   outer loop
     vertex -2.020000e+03  0.000000e+00 -4.280000e+03
     vertex -2.020000e+03 -3.800000e+02 -4.020000e+03
     vertex -2.020000e+03  0.000000e+00 -4.020000e+03
   endloop
 endfacet
 facet normal -1.000000e+00  0.000000e+00  0.000000e+00
   outer loop
     vertex -2.020000e+03  0.000000e+00 -4.280000e+03
     vertex -2.020000e+03 -3.800000e+02 -4.280000e+03
     vertex -2.020000e+03 -3.800000e+02 -4.020000e+03
   endloop
 endfacet
 facet normal  0.000000e+00  0.000000e+00 -1.000000e+00
   outer loop
     vertex -2.020000e+03 -3.800000e+02 -4.020000e+03
     vertex -2.477500e+03 -3.800000e+02 -4.020000e+03
     vertex -2.477500e+03  0.000000e+00 -4.020000e+03
   endloop
 endfacet
 facet normal -0.000000e+00 -0.000000e+00 -1.000000e+00
   outer loop
     vertex -2.020000e+03  0.000000e+00 -4.020000e+03
     vertex -2.020000e+03 -3.800000e+02 -4.020000e+03
     vertex -2.477500e+03  0.000000e+00 -4.020000e+03
   endloop
 endfacet
 facet normal  0.000000e+00  0.000000e+00 -1.000000e+00
   outer loop
     vertex -3.840000e+03 -4.000000e+02 -4.090000e+03
     vertex -3.790000e+03 -3.800000e+02 -4.090000e+03
     vertex -3.790000e+03 -4.000000e+02 -4.090000e+03
   endloop
 endfacet
 facet normal  0.000000e+00  0.000000e+00 -1.000000e+00
   outer loop
     vertex -3.840000e+03 -4.000000e+02 -4.090000e+03
     vertex -3.840000e+03 -3.800000e+02 -4.090000e+03
     vertex -3.790000e+03 -3.800000e+02 -4.090000e+03
   endloop
 endfacet
 facet normal -1.000000e+00  0.000000e+00  0.000000e+00
   outer loop
     vertex -3.790000e+03 -4.000000e+02 -4.090000e+03
     vertex -3.790000e+03 -3.800000e+02 -4.210000e+03
     vertex -3.790000e+03 -4.000000e+02 -4.210000e+03
   endloop
 endfacet
 facet normal -1.000000e+00  0.000000e+00  0.000000e+00
   outer loop
     vertex -3.790000e+03 -4.000000e+02 -4.090000e+03
     vertex -3.790000e+03 -3.800000e+02 -4.090000e+03
     vertex -3.790000e+03 -3.800000e+02 -4.210000e+03
   endloop
 endfacet
 facet normal  0.000000e+00  0.000000e+00  1.000000e+00
   outer loop
     vertex -3.790000e+03 -3.800000e+02 -4.210000e+03
     vertex -3.840000e+03 -3.800000e+02 -4.210000e+03
     vertex -3.840000e+03 -4.000000e+02 -4.210000e+03
   endloop
 endfacet
 facet normal  0.000000e+00  0.000000e+00  1.000000e+00
   outer loop
     vertex -3.790000e+03 -3.800000e+02 -4.210000e+03
     vertex -3.840000e+03 -4.000000e+02 -4.210000e+03
     vertex -3.790000e+03 -4.000000e+02 -4.210000e+03
   endloop
 endfacet
 facet normal  1.000000e+00  0.000000e+00 -0.000000e+00
   outer loop
     vertex -3.840000e+03 -3.800000e+02 -4.210000e+03
     vertex -3.840000e+03 -3.800000e+02 -4.090000e+03
     vertex -3.840000e+03 -4.000000e+02 -4.090000e+03
   endloop
 endfacet
 facet normal  1.000000e+00  0.000000e+00  0.000000e+00
   outer loop
     vertex -3.840000e+03 -3.800000e+02 -4.210000e+03
     vertex -3.840000e+03 -4.000000e+02 -4.090000e+03
     vertex -3.840000e+03 -4.000000e+02 -4.210000e+03
   endloop
 endfacet
 facet normal  0.000000e+00  1.000000e+00  0.000000e+00
   outer loop
     vertex -3.940000e+03 -3.800000e+02 -4.280000e+03
     vertex -3.840000e+03 -3.800000e+02 -4.210000e+03
     vertex -3.790000e+03 -3.800000e+02 -4.210000e+03
   endloop
 endfacet
 facet normal  0.000000e+00  1.000000e+00  0.000000e+00
   outer loop
     vertex -3.940000e+03 -3.800000e+02 -4.280000e+03
     vertex -3.790000e+03 -3.800000e+02 -4.210000e+03
     vertex -3.522500e+03 -3.800000e+02 -4.280000e+03
   endloop
 endfacet
 facet normal -0.000000e+00  1.000000e+00  0.000000e+00
   outer loop
     vertex -3.790000e+03 -3.800000e+02 -4.090000e+03
     vertex -3.522500e+03 -3.800000e+02 -4.020000e+03
     vertex -3.522500e+03 -3.800000e+02 -4.280000e+03
   endloop
 endfacet
 facet normal  0.000000e+00  1.000000e+00  0.000000e+00
   outer loop
     vertex -3.790000e+03 -3.800000e+02 -4.090000e+03
     vertex -3.522500e+03 -3.800000e+02 -4.280000e+03
     vertex -3.790000e+03 -3.800000e+02 -4.210000e+03
   endloop
 endfacet
 facet normal  0.000000e+00  1.000000e+00  0.000000e+00
   outer loop
     vertex -3.940000e+03 -3.800000e+02 -4.020000e+03
     vertex -3.840000e+03 -3.800000e+02 -4.090000e+03
     vertex -3.840000e+03 -3.800000e+02 -4.210000e+03
   endloop
 endfacet
 facet normal  0.000000e+00  1.000000e+00  0.000000e+00
   outer loop
     vertex -3.940000e+03 -3.800000e+02 -4.020000e+03
     vertex -3.790000e+03 -3.800000e+02 -4.090000e+03
     vertex -3.840000e+03 -3.800000e+02 -4.090000e+03
   endloop
 endfacet
 facet normal  0.000000e+00  1.000000e+00  0.000000e+00
   outer loop
     vertex -3.940000e+03 -3.800000e+02 -4.020000e+03
     vertex -3.840000e+03 -3.800000e+02 -4.210000e+03
     vertex -3.940000e+03 -3.800000e+02 -4.280000e+03
   endloop
 endfacet
 facet normal -0.000000e+00  1.000000e+00  0.000000e+00
   outer loop
     vertex -3.940000e+03 -3.800000e+02 -4.020000e+03
     vertex -3.522500e+03 -3.800000e+02 -4.020000e+03
     vertex -3.790000e+03 -3.800000e+02 -4.090000e+03
   endloop
 endfacet
 facet normal -1.000000e+00  0.000000e+00  0.000000e+00
   outer loop
     vertex -3.522500e+03 -3.800000e+02 -4.020000e+03
     vertex -3.522500e+03  0.000000e+00 -4.020000e+03
     vertex -3.522500e+03  0.000000e+00 -4.280000e+03
   endloop
 endfacet
 facet normal -1.000000e+00  0.000000e+00  0.000000e+00
   outer loop
     vertex -3.522500e+03 -3.800000e+02 -4.020000e+03
     vertex -3.522500e+03  0.000000e+00 -4.280000e+03
     vertex -3.522500e+03 -3.800000e+02 -4.280000e+03
   endloop
 endfacet
 facet normal -0.000000e+00  0.000000e+00 -1.000000e+00
   outer loop
     vertex -3.522500e+03  0.000000e+00 -4.020000e+03
     vertex -3.940000e+03 -3.800000e+02 -4.020000e+03
     vertex -3.940000e+03  0.000000e+00 -4.020000e+03
   endloop
 endfacet
 facet normal  0.000000e+00 -0.000000e+00 -1.000000e+00
   outer loop
     vertex -3.522500e+03  0.000000e+00 -4.020000e+03
     vertex -3.522500e+03 -3.800000e+02 -4.020000e+03
     vertex -3.940000e+03 -3.800000e+02 -4.020000e+03
   endloop
 endfacet
 facet normal  1.000000e+00  0.000000e+00  0.000000e+00
   outer loop
     vertex -3.940000e+03 -3.800000e+02 -4.020000e+03
     vertex -3.940000e+03 -3.800000e+02 -4.280000e+03
     vertex -3.940000e+03  0.000000e+00 -4.280000e+03
   endloop
 endfacet
 facet normal  1.000000e+00 -0.000000e+00  0.000000e+00
   outer loop
     vertex -3.940000e+03 -3.800000e+02 -4.020000e+03
     vertex -3.940000e+03  0.000000e+00 -4.280000e+03
     vertex -3.940000e+03  0.000000e+00 -4.020000e+03
   endloop
 endfacet
 facet normal  0.000000e+00  0.000000e+00  1.000000e+00
   outer loop
     vertex -3.940000e+03 -3.800000e+02 -4.280000e+03
     vertex -3.522500e+03 -3.800000e+02 -4.280000e+03
     vertex -3.522500e+03  0.000000e+00 -4.280000e+03
   endloop
 endfacet
 facet normal  0.000000e+00  0.000000e+00  1.000000e+00
   outer loop
     vertex -3.940000e+03 -3.800000e+02 -4.280000e+03
     vertex -3.522500e+03  0.000000e+00 -4.280000e+03
     vertex -3.940000e+03  0.000000e+00 -4.280000e+03
   endloop
 endfacet
 facet normal  0.000000e+00  0.000000e+00 -1.000000e+00
   outer loop
     vertex -2.975000e+03 -4.000000e+02 -4.022500e+03
     vertex -3.065000e+03  0.000000e+00 -4.022500e+03
     vertex -2.975000e+03  0.000000e+00 -4.022500e+03
   endloop
 endfacet
 facet normal  0.000000e+00  0.000000e+00 -1.000000e+00
   outer loop
     vertex -2.975000e+03 -4.000000e+02 -4.022500e+03
     vertex -3.065000e+03 -4.000000e+02 -4.022500e+03
     vertex -3.065000e+03  0.000000e+00 -4.022500e+03
   endloop
 endfacet
 facet normal  1.000000e+00  0.000000e+00  0.000000e+00
   outer loop
     vertex -3.065000e+03  0.000000e+00 -4.022500e+03
     vertex -3.065000e+03 -4.000000e+02 -4.022500e+03
     vertex -3.065000e+03 -4.000000e+02 -4.057500e+03
   endloop
 endfacet
 facet normal  1.000000e+00  0.000000e+00  0.000000e+00
   outer loop
     vertex -3.065000e+03  0.000000e+00 -4.022500e+03
     vertex -3.065000e+03 -4.000000e+02 -4.057500e+03
     vertex -3.065000e+03  0.000000e+00 -4.057500e+03
   endloop
 endfacet
 facet normal  0.000000e+00  0.000000e+00  1.000000e+00
   outer loop
     vertex -3.065000e+03 -4.000000e+02 -4.057500e+03
     vertex -2.975000e+03 -4.000000e+02 -4.057500e+03
     vertex -2.975000e+03  0.000000e+00 -4.057500e+03
   endloop
 endfacet
 facet normal  0.000000e+00  0.000000e+00  1.000000e+00
   outer loop
     vertex -3.065000e+03 -4.000000e+02 -4.057500e+03
     vertex -2.975000e+03  0.000000e+00 -4.057500e+03
     vertex -3.065000e+03  0.000000e+00 -4.057500e+03
   endloop
 endfacet
 facet normal -1.000000e+00  0.000000e+00  0.000000e+00
   outer loop
     vertex -2.975000e+03  0.000000e+00 -4.057500e+03
     vertex -2.975000e+03 -4.000000e+02 -4.022500e+03
     vertex -2.975000e+03  0.000000e+00 -4.022500e+03
   endloop
 endfacet
 facet normal -1.000000e+00  0.000000e+00  0.000000e+00
   outer loop
     vertex -2.975000e+03  0.000000e+00 -4.057500e+03
     vertex -2.975000e+03 -4.000000e+02 -4.057500e+03
     vertex -2.975000e+03 -4.000000e+02 -4.022500e+03
   endloop
 endfacet
 facet normal  1.000000e+00  0.000000e+00 -0.000000e+00
   outer loop
     vertex  6.200000e+03 -3.800000e+02  4.090000e+03
     vertex  6.200000e+03 -3.800000e+02  4.210000e+03
     vertex  6.200000e+03 -4.000000e+02  4.210000e+03
   endloop
 endfacet
 facet normal  1.000000e+00  0.000000e+00  0.000000e+00
   outer loop
     vertex  6.200000e+03 -3.800000e+02  4.090000e+03
     vertex  6.200000e+03 -4.000000e+02  4.210000e+03
     vertex  6.200000e+03 -4.000000e+02  4.090000e+03
   endloop
 endfacet
 facet normal  0.000000e+00  0.000000e+00 -1.000000e+00
   outer loop
     vertex  6.200000e+03 -4.000000e+02  4.210000e+03
     vertex  6.250000e+03 -3.800000e+02  4.210000e+03
     vertex  6.250000e+03 -4.000000e+02  4.210000e+03
   endloop
 endfacet
 facet normal  0.000000e+00  0.000000e+00 -1.000000e+00
   outer loop
     vertex  6.200000e+03 -4.000000e+02  4.210000e+03
     vertex  6.200000e+03 -3.800000e+02  4.210000e+03
     vertex  6.250000e+03 -3.800000e+02  4.210000e+03
   endloop
 endfacet
 facet normal -1.000000e+00  0.000000e+00  0.000000e+00
   outer loop
     vertex  6.250000e+03 -4.000000e+02  4.210000e+03
     vertex  6.250000e+03 -3.800000e+02  4.090000e+03
     vertex  6.250000e+03 -4.000000e+02  4.090000e+03
   endloop
 endfacet
 facet normal -1.000000e+00  0.000000e+00  0.000000e+00
   outer loop
     vertex  6.250000e+03 -4.000000e+02  4.210000e+03
     vertex  6.250000e+03 -3.800000e+02  4.210000e+03
     vertex  6.250000e+03 -3.800000e+02  4.090000e+03
   endloop
 endfacet
 facet normal  0.000000e+00  0.000000e+00  1.000000e+00
   outer loop
     vertex  6.250000e+03 -3.800000e+02  4.090000e+03
     vertex  6.200000e+03 -3.800000e+02  4.090000e+03
     vertex  6.200000e+03 -4.000000e+02  4.090000e+03
   endloop
 endfacet
 facet normal  0.000000e+00  0.000000e+00  1.000000e+00
   outer loop
     vertex  6.250000e+03 -3.800000e+02  4.090000e+03
     vertex  6.200000e+03 -4.000000e+02  4.090000e+03
     vertex  6.250000e+03 -4.000000e+02  4.090000e+03
   endloop
 endfacet
 facet normal  0.000000e+00  1.000000e+00  0.000000e+00
   outer loop
     vertex  6.100000e+03 -3.800000e+02  4.210000e+03
     vertex  6.050000e+03 -3.800000e+02  4.210000e+03
     vertex  6.020000e+03 -3.800000e+02  4.280000e+03
   endloop
 endfacet
 facet normal  0.000000e+00  1.000000e+00  0.000000e+00
   outer loop
     vertex  6.020000e+03 -3.800000e+02  4.060000e+03
     vertex  6.020000e+03 -3.800000e+02  4.280000e+03
     vertex  6.050000e+03 -3.800000e+02  4.210000e+03
   endloop
 endfacet
 facet normal  0.000000e+00  1.000000e+00 -0.000000e+00
   outer loop
     vertex  6.050000e+03 -3.800000e+02  4.090000e+03
     vertex  6.020000e+03 -3.800000e+02  4.060000e+03
     vertex  6.050000e+03 -3.800000e+02  4.210000e+03
   endloop
 endfacet
 facet normal  0.000000e+00  1.000000e+00  0.000000e+00
   outer loop
     vertex  6.280000e+03 -3.800000e+02  4.280000e+03
     vertex  6.100000e+03 -3.800000e+02  4.210000e+03
     vertex  6.020000e+03 -3.800000e+02  4.280000e+03
   endloop
 endfacet
 facet normal  0.000000e+00  1.000000e+00  0.000000e+00
   outer loop
     vertex  6.280000e+03 -3.800000e+02  4.280000e+03
     vertex  6.200000e+03 -3.800000e+02  4.210000e+03
     vertex  6.100000e+03 -3.800000e+02  4.210000e+03
   endloop
 endfacet
 facet normal  0.000000e+00  1.000000e+00  0.000000e+00
   outer loop
     vertex  6.100000e+03 -3.800000e+02  4.090000e+03
     vertex  6.020000e+03 -3.800000e+02  4.060000e+03
     vertex  6.050000e+03 -3.800000e+02  4.090000e+03
   endloop
 endfacet
 facet normal  0.000000e+00  1.000000e+00  0.000000e+00
   outer loop
     vertex  6.100000e+03 -3.800000e+02  4.090000e+03
     vertex  6.100000e+03 -3.800000e+02  4.210000e+03
     vertex  6.200000e+03 -3.800000e+02  4.210000e+03
   endloop
 endfacet
 facet normal  0.000000e+00  1.000000e+00 -0.000000e+00
   outer loop
     vertex  6.250000e+03 -3.800000e+02  4.210000e+03
     vertex  6.200000e+03 -3.800000e+02  4.210000e+03
     vertex  6.280000e+03 -3.800000e+02  4.280000e+03
   endloop
 endfacet
 facet normal  0.000000e+00  1.000000e+00 -0.000000e+00
   outer loop
     vertex  6.200000e+03 -3.800000e+02  4.090000e+03
     vertex  6.100000e+03 -3.800000e+02  4.090000e+03
     vertex  6.200000e+03 -3.800000e+02  4.210000e+03
   endloop
 endfacet
 facet normal  0.000000e+00  1.000000e+00  0.000000e+00
   outer loop
     vertex  6.280000e+03 -3.800000e+02  4.060000e+03
     vertex  6.200000e+03 -3.800000e+02  4.090000e+03
     vertex  6.250000e+03 -3.800000e+02  4.090000e+03
   endloop
 endfacet
 facet normal  0.000000e+00  1.000000e+00  0.000000e+00
   outer loop
     vertex  6.280000e+03 -3.800000e+02  4.060000e+03
     vertex  6.250000e+03 -3.800000e+02  4.090000e+03
     vertex  6.250000e+03 -3.800000e+02  4.210000e+03
   endloop
 endfacet
 facet normal  0.000000e+00  1.000000e+00 -0.000000e+00
   outer loop
     vertex  6.280000e+03 -3.800000e+02  4.060000e+03
     vertex  6.250000e+03 -3.800000e+02  4.210000e+03
     vertex  6.280000e+03 -3.800000e+02  4.280000e+03
   endloop
 endfacet
 facet normal  0.000000e+00  1.000000e+00  0.000000e+00
   outer loop
     vertex  6.280000e+03 -3.800000e+02  4.060000e+03
     vertex  6.020000e+03 -3.800000e+02  4.060000e+03
     vertex  6.100000e+03 -3.800000e+02  4.090000e+03
   endloop
 endfacet
 facet normal  0.000000e+00  1.000000e+00  0.000000e+00
   outer loop
     vertex  6.280000e+03 -3.800000e+02  4.060000e+03
     vertex  6.100000e+03 -3.800000e+02  4.090000e+03
     vertex  6.200000e+03 -3.800000e+02  4.090000e+03
   endloop
 endfacet
 facet normal  1.000000e+00  0.000000e+00  0.000000e+00
   outer loop
     vertex  6.020000e+03 -3.800000e+02  4.280000e+03
     vertex  6.020000e+03 -3.800000e+02  4.060000e+03
     vertex  6.020000e+03 -2.000000e+01  4.060000e+03
   endloop
 endfacet
 facet normal  1.000000e+00 -0.000000e+00  0.000000e+00
   outer loop
     vertex  6.020000e+03 -3.800000e+02  4.280000e+03
     vertex  6.020000e+03 -2.000000e+01  4.060000e+03
     vertex  6.020000e+03 -2.000000e+01  4.280000e+03
   endloop
 endfacet
 facet normal  0.000000e+00 -1.000000e+00  0.000000e+00
   outer loop
     vertex  6.280000e+03 -2.000000e+01  4.060000e+03
     vertex  6.020000e+03 -2.000000e+01  4.280000e+03
     vertex  6.020000e+03 -2.000000e+01  4.060000e+03
   endloop
 endfacet
 facet normal  0.000000e+00 -1.000000e+00  0.000000e+00
   outer loop
     vertex  6.280000e+03 -2.000000e+01  4.060000e+03
     vertex  6.280000e+03 -2.000000e+01  4.280000e+03
     vertex  6.020000e+03 -2.000000e+01  4.280000e+03
   endloop
 endfacet
 facet normal -0.000000e+00  0.000000e+00 -1.000000e+00
   outer loop
     vertex  6.280000e+03 -2.000000e+01  4.280000e+03
     vertex  6.020000e+03 -3.800000e+02  4.280000e+03
     vertex  6.020000e+03 -2.000000e+01  4.280000e+03
   endloop
 endfacet
 facet normal  0.000000e+00 -0.000000e+00 -1.000000e+00
   outer loop
     vertex  6.280000e+03 -2.000000e+01  4.280000e+03
     vertex  6.280000e+03 -3.800000e+02  4.280000e+03
     vertex  6.020000e+03 -3.800000e+02  4.280000e+03
   endloop
 endfacet
 facet normal -1.000000e+00  0.000000e+00  0.000000e+00
   outer loop
     vertex  6.280000e+03 -2.000000e+01  4.060000e+03
     vertex  6.280000e+03 -3.800000e+02  4.280000e+03
     vertex  6.280000e+03 -2.000000e+01  4.280000e+03
   endloop
 endfacet
 facet normal -1.000000e+00  0.000000e+00  0.000000e+00
   outer loop
     vertex  6.280000e+03 -2.000000e+01  4.060000e+03
     vertex  6.280000e+03 -3.800000e+02  4.060000e+03
     vertex  6.280000e+03 -3.800000e+02  4.280000e+03
   endloop
 endfacet
 facet normal  0.000000e+00  0.000000e+00  1.000000e+00
   outer loop
     vertex  6.020000e+03 -3.800000e+02  4.060000e+03
     vertex  6.280000e+03 -3.800000e+02  4.060000e+03
     vertex  6.280000e+03 -2.000000e+01  4.060000e+03
   endloop
 endfacet
 facet normal  0.000000e+00  0.000000e+00  1.000000e+00
   outer loop
     vertex  6.020000e+03 -3.800000e+02  4.060000e+03
     vertex  6.280000e+03 -2.000000e+01  4.060000e+03
     vertex  6.020000e+03 -2.000000e+01  4.060000e+03
   endloop
 endfacet
 facet normal  1.000000e+00  0.000000e+00 -0.000000e+00
   outer loop
     vertex  6.050000e+03 -3.800000e+02  4.090000e+03
     vertex  6.050000e+03 -3.800000e+02  4.210000e+03
     vertex  6.050000e+03 -4.000000e+02  4.210000e+03
   endloop
 endfacet
 facet normal  1.000000e+00  0.000000e+00  0.000000e+00
   outer loop
     vertex  6.050000e+03 -3.800000e+02  4.090000e+03
     vertex  6.050000e+03 -4.000000e+02  4.210000e+03
     vertex  6.050000e+03 -4.000000e+02  4.090000e+03
   endloop
 endfacet
 facet normal  0.000000e+00  0.000000e+00 -1.000000e+00
   outer loop
     vertex  6.050000e+03 -4.000000e+02  4.210000e+03
     vertex  6.100000e+03 -3.800000e+02  4.210000e+03
     vertex  6.100000e+03 -4.000000e+02  4.210000e+03
   endloop
 endfacet
 facet normal  0.000000e+00  0.000000e+00 -1.000000e+00
   outer loop
     vertex  6.050000e+03 -4.000000e+02  4.210000e+03
     vertex  6.050000e+03 -3.800000e+02  4.210000e+03
     vertex  6.100000e+03 -3.800000e+02  4.210000e+03
   endloop
 endfacet
 facet normal -1.000000e+00  0.000000e+00  0.000000e+00
   outer loop
     vertex  6.100000e+03 -4.000000e+02  4.210000e+03
     vertex  6.100000e+03 -3.800000e+02  4.090000e+03
     vertex  6.100000e+03 -4.000000e+02  4.090000e+03
   endloop
 endfacet
 facet normal -1.000000e+00  0.000000e+00  0.000000e+00
   outer loop
     vertex  6.100000e+03 -4.000000e+02  4.210000e+03
     vertex  6.100000e+03 -3.800000e+02  4.210000e+03
     vertex  6.100000e+03 -3.800000e+02  4.090000e+03
   endloop
 endfacet
 facet normal  0.000000e+00  0.000000e+00  1.000000e+00
   outer loop
     vertex  6.100000e+03 -3.800000e+02  4.090000e+03
     vertex  6.050000e+03 -3.800000e+02  4.090000e+03
     vertex  6.050000e+03 -4.000000e+02  4.090000e+03
   endloop
 endfacet
 facet normal  0.000000e+00  0.000000e+00  1.000000e+00
   outer loop
     vertex  6.100000e+03 -3.800000e+02  4.090000e+03
     vertex  6.050000e+03 -4.000000e+02  4.090000e+03
     vertex  6.100000e+03 -4.000000e+02  4.090000e+03
   endloop
 endfacet
 facet normal  0.000000e+00  0.000000e+00  1.000000e+00
   outer loop
     vertex  5.065000e+03 -4.000000e+02  4.022500e+03
     vertex  4.975000e+03  0.000000e+00  4.022500e+03
     vertex  4.975000e+03 -4.000000e+02  4.022500e+03
   endloop
 endfacet
 facet normal  0.000000e+00 -0.000000e+00  1.000000e+00
   outer loop
     vertex  5.065000e+03 -4.000000e+02  4.022500e+03
     vertex  5.065000e+03  0.000000e+00  4.022500e+03
     vertex  4.975000e+03  0.000000e+00  4.022500e+03
   endloop
 endfacet
 facet normal -1.000000e+00 -0.000000e+00  0.000000e+00
   outer loop
     vertex  5.065000e+03  0.000000e+00  4.057500e+03
     vertex  5.065000e+03 -4.000000e+02  4.022500e+03
     vertex  5.065000e+03 -4.000000e+02  4.057500e+03
   endloop
 endfacet
 facet normal -1.000000e+00  0.000000e+00 -0.000000e+00
   outer loop
     vertex  5.065000e+03  0.000000e+00  4.057500e+03
     vertex  5.065000e+03  0.000000e+00  4.022500e+03
     vertex  5.065000e+03 -4.000000e+02  4.022500e+03
   endloop
 endfacet
 facet normal -0.000000e+00  0.000000e+00 -1.000000e+00
   outer loop
     vertex  5.065000e+03  0.000000e+00  4.057500e+03
     vertex  4.975000e+03 -4.000000e+02  4.057500e+03
     vertex  4.975000e+03  0.000000e+00  4.057500e+03
   endloop
 endfacet
 facet normal  0.000000e+00 -0.000000e+00 -1.000000e+00
   outer loop
     vertex  5.065000e+03  0.000000e+00  4.057500e+03
     vertex  5.065000e+03 -4.000000e+02  4.057500e+03
     vertex  4.975000e+03 -4.000000e+02  4.057500e+03
   endloop
 endfacet
 facet normal  1.000000e+00  0.000000e+00  0.000000e+00
   outer loop
     vertex  4.975000e+03 -4.000000e+02  4.057500e+03
     vertex  4.975000e+03 -4.000000e+02  4.022500e+03
     vertex  4.975000e+03  0.000000e+00  4.022500e+03
   endloop
 endfacet
 facet normal  1.000000e+00 -0.000000e+00  0.000000e+00
   outer loop
     vertex  4.975000e+03 -4.000000e+02  4.057500e+03
     vertex  4.975000e+03  0.000000e+00  4.022500e+03
     vertex  4.975000e+03  0.000000e+00  4.057500e+03
   endloop
 endfacet
 facet normal  0.000000e+00  0.000000e+00  1.000000e+00
   outer loop
     vertex  5.840000e+03 -3.800000e+02  4.090000e+03
     vertex  5.790000e+03 -3.800000e+02  4.090000e+03
     vertex  5.790000e+03 -4.000000e+02  4.090000e+03
   endloop
 endfacet
 facet normal  0.000000e+00  0.000000e+00  1.000000e+00
   outer loop
     vertex  5.840000e+03 -3.800000e+02  4.090000e+03
     vertex  5.790000e+03 -4.000000e+02  4.090000e+03
     vertex  5.840000e+03 -4.000000e+02  4.090000e+03
   endloop
 endfacet
 facet normal  1.000000e+00  0.000000e+00 -0.000000e+00
   outer loop
     vertex  5.790000e+03 -3.800000e+02  4.090000e+03
     vertex  5.790000e+03 -3.800000e+02  4.210000e+03
     vertex  5.790000e+03 -4.000000e+02  4.210000e+03
   endloop
 endfacet
 facet normal  1.000000e+00  0.000000e+00  0.000000e+00
   outer loop
     vertex  5.790000e+03 -3.800000e+02  4.090000e+03
     vertex  5.790000e+03 -4.000000e+02  4.210000e+03
     vertex  5.790000e+03 -4.000000e+02  4.090000e+03
   endloop
 endfacet
 facet normal  0.000000e+00  0.000000e+00 -1.000000e+00
   outer loop
     vertex  5.790000e+03 -4.000000e+02  4.210000e+03
     vertex  5.840000e+03 -3.800000e+02  4.210000e+03
     vertex  5.840000e+03 -4.000000e+02  4.210000e+03
   endloop
 endfacet
 facet normal  0.000000e+00  0.000000e+00 -1.000000e+00
   outer loop
     vertex  5.790000e+03 -4.000000e+02  4.210000e+03
     vertex  5.790000e+03 -3.800000e+02  4.210000e+03
     vertex  5.840000e+03 -3.800000e+02  4.210000e+03
   endloop
 endfacet
 facet normal -1.000000e+00  0.000000e+00  0.000000e+00
   outer loop
     vertex  5.840000e+03 -4.000000e+02  4.210000e+03
     vertex  5.840000e+03 -3.800000e+02  4.090000e+03
     vertex  5.840000e+03 -4.000000e+02  4.090000e+03
   endloop
 endfacet
 facet normal -1.000000e+00  0.000000e+00  0.000000e+00
   outer loop
     vertex  5.840000e+03 -4.000000e+02  4.210000e+03
     vertex  5.840000e+03 -3.800000e+02  4.210000e+03
     vertex  5.840000e+03 -3.800000e+02  4.090000e+03
   endloop
 endfacet
 facet normal  0.000000e+00  1.000000e+00  0.000000e+00
   outer loop
     vertex  5.940000e+03 -3.800000e+02  4.280000e+03
     vertex  5.840000e+03 -3.800000e+02  4.210000e+03
     vertex  5.790000e+03 -3.800000e+02  4.210000e+03
   endloop
 endfacet
 facet normal  0.000000e+00  1.000000e+00  0.000000e+00
   outer loop
     vertex  5.940000e+03 -3.800000e+02  4.280000e+03
     vertex  5.790000e+03 -3.800000e+02  4.210000e+03
     vertex  5.522500e+03 -3.800000e+02  4.280000e+03
   endloop
 endfacet
 facet normal  0.000000e+00  1.000000e+00  0.000000e+00
   outer loop
     vertex  5.790000e+03 -3.800000e+02  4.090000e+03
     vertex  5.522500e+03 -3.800000e+02  4.020000e+03
     vertex  5.522500e+03 -3.800000e+02  4.280000e+03
   endloop
 endfacet
 facet normal  0.000000e+00  1.000000e+00 -0.000000e+00
   outer loop
     vertex  5.790000e+03 -3.800000e+02  4.090000e+03
     vertex  5.522500e+03 -3.800000e+02  4.280000e+03
     vertex  5.790000e+03 -3.800000e+02  4.210000e+03
   endloop
 endfacet
 facet normal  0.000000e+00  1.000000e+00  0.000000e+00
   outer loop
     vertex  5.940000e+03 -3.800000e+02  4.020000e+03
     vertex  5.840000e+03 -3.800000e+02  4.090000e+03
     vertex  5.840000e+03 -3.800000e+02  4.210000e+03
   endloop
 endfacet
 facet normal  0.000000e+00  1.000000e+00  0.000000e+00
   outer loop
     vertex  5.940000e+03 -3.800000e+02  4.020000e+03
     vertex  5.790000e+03 -3.800000e+02  4.090000e+03
     vertex  5.840000e+03 -3.800000e+02  4.090000e+03
   endloop
 endfacet
 facet normal  0.000000e+00  1.000000e+00 -0.000000e+00
   outer loop
     vertex  5.940000e+03 -3.800000e+02  4.020000e+03
     vertex  5.840000e+03 -3.800000e+02  4.210000e+03
     vertex  5.940000e+03 -3.800000e+02  4.280000e+03
   endloop
 endfacet
 facet normal  0.000000e+00  1.000000e+00  0.000000e+00
   outer loop
     vertex  5.940000e+03 -3.800000e+02  4.020000e+03
     vertex  5.522500e+03 -3.800000e+02  4.020000e+03
     vertex  5.790000e+03 -3.800000e+02  4.090000e+03
   endloop
 endfacet
 facet normal  1.000000e+00  0.000000e+00 -0.000000e+00
   outer loop
     vertex  5.522500e+03  0.000000e+00  4.020000e+03
     vertex  5.522500e+03  0.000000e+00  4.280000e+03
     vertex  5.522500e+03 -3.800000e+02  4.280000e+03
   endloop
 endfacet
 facet normal  1.000000e+00  0.000000e+00  0.000000e+00
   outer loop
     vertex  5.522500e+03  0.000000e+00  4.020000e+03
     vertex  5.522500e+03 -3.800000e+02  4.280000e+03
     vertex  5.522500e+03 -3.800000e+02  4.020000e+03
   endloop
 endfacet
 facet normal  0.000000e+00  0.000000e+00  1.000000e+00
   outer loop
     vertex  5.522500e+03 -3.800000e+02  4.020000e+03
     vertex  5.940000e+03 -3.800000e+02  4.020000e+03
     vertex  5.940000e+03  0.000000e+00  4.020000e+03
   endloop
 endfacet
 facet normal  0.000000e+00  0.000000e+00  1.000000e+00
   outer loop
     vertex  5.522500e+03 -3.800000e+02  4.020000e+03
     vertex  5.940000e+03  0.000000e+00  4.020000e+03
     vertex  5.522500e+03  0.000000e+00  4.020000e+03
   endloop
 endfacet
 facet normal -1.000000e+00  0.000000e+00  0.000000e+00
   outer loop
     vertex  5.940000e+03  0.000000e+00  4.020000e+03
     vertex  5.940000e+03 -3.800000e+02  4.280000e+03
     vertex  5.940000e+03  0.000000e+00  4.280000e+03
   endloop
 endfacet
 facet normal -1.000000e+00  0.000000e+00  0.000000e+00
   outer loop
     vertex  5.940000e+03  0.000000e+00  4.020000e+03
     vertex  5.940000e+03 -3.800000e+02  4.020000e+03
     vertex  5.940000e+03 -3.800000e+02  4.280000e+03
   endloop
 endfacet
 facet normal -0.000000e+00  0.000000e+00 -1.000000e+00
   outer loop
     vertex  5.940000e+03  0.000000e+00  4.280000e+03
     vertex  5.522500e+03 -3.800000e+02  4.280000e+03
     vertex  5.522500e+03  0.000000e+00  4.280000e+03
   endloop
 endfacet
 facet normal  0.000000e+00 -0.000000e+00 -1.000000e+00
   outer loop
     vertex  5.940000e+03  0.000000e+00  4.280000e+03
     vertex  5.940000e+03 -3.800000e+02  4.280000e+03
     vertex  5.522500e+03 -3.800000e+02  4.280000e+03
   endloop
 endfacet
 facet normal -1.000000e+00  0.000000e+00  0.000000e+00
   outer loop
     vertex  4.170000e+03 -4.000000e+02  4.210000e+03
     vertex  4.170000e+03 -3.800000e+02  4.090000e+03
     vertex  4.170000e+03 -4.000000e+02  4.090000e+03
   endloop
 endfacet
 facet normal -1.000000e+00  0.000000e+00  0.000000e+00
   outer loop
     vertex  4.170000e+03 -4.000000e+02  4.210000e+03
     vertex  4.170000e+03 -3.800000e+02  4.210000e+03
     vertex  4.170000e+03 -3.800000e+02  4.090000e+03
   endloop
 endfacet
 facet normal  0.000000e+00  0.000000e+00  1.000000e+00
   outer loop
     vertex  4.170000e+03 -3.800000e+02  4.090000e+03
     vertex  4.120000e+03 -3.800000e+02  4.090000e+03
     vertex  4.120000e+03 -4.000000e+02  4.090000e+03
   endloop
 endfacet
 facet normal  0.000000e+00  0.000000e+00  1.000000e+00
   outer loop
     vertex  4.170000e+03 -3.800000e+02  4.090000e+03
     vertex  4.120000e+03 -4.000000e+02  4.090000e+03
     vertex  4.170000e+03 -4.000000e+02  4.090000e+03
   endloop
 endfacet
 facet normal  1.000000e+00  0.000000e+00 -0.000000e+00
   outer loop
     vertex  4.120000e+03 -3.800000e+02  4.090000e+03
     vertex  4.120000e+03 -3.800000e+02  4.210000e+03
     vertex  4.120000e+03 -4.000000e+02  4.210000e+03
   endloop
 endfacet
 facet normal  1.000000e+00  0.000000e+00  0.000000e+00
   outer loop
     vertex  4.120000e+03 -3.800000e+02  4.090000e+03
     vertex  4.120000e+03 -4.000000e+02  4.210000e+03
     vertex  4.120000e+03 -4.000000e+02  4.090000e+03
   endloop
 endfacet
 facet normal  0.000000e+00  0.000000e+00 -1.000000e+00
   outer loop
     vertex  4.120000e+03 -4.000000e+02  4.210000e+03
     vertex  4.170000e+03 -3.800000e+02  4.210000e+03
     vertex  4.170000e+03 -4.000000e+02  4.210000e+03
   endloop
 endfacet
 facet normal  0.000000e+00  0.000000e+00 -1.000000e+00
   outer loop
     vertex  4.120000e+03 -4.000000e+02  4.210000e+03
     vertex  4.120000e+03 -3.800000e+02  4.210000e+03
     vertex  4.170000e+03 -3.800000e+02  4.210000e+03
   endloop
 endfacet
 facet normal  0.000000e+00  1.000000e+00  0.000000e+00
   outer loop
     vertex  4.170000e+03 -3.800000e+02  4.210000e+03
     vertex  4.120000e+03 -3.800000e+02  4.210000e+03
     vertex  4.020000e+03 -3.800000e+02  4.280000e+03
   endloop
 endfacet
 facet normal  0.000000e+00  1.000000e+00  0.000000e+00
   outer loop
     vertex  4.120000e+03 -3.800000e+02  4.090000e+03
     vertex  4.020000e+03 -3.800000e+02  4.020000e+03
     vertex  4.020000e+03 -3.800000e+02  4.280000e+03
   endloop
 endfacet
 facet normal  0.000000e+00  1.000000e+00 -0.000000e+00
   outer loop
     vertex  4.120000e+03 -3.800000e+02  4.090000e+03
     vertex  4.020000e+03 -3.800000e+02  4.280000e+03
     vertex  4.120000e+03 -3.800000e+02  4.210000e+03
   endloop
 endfacet
 facet normal  0.000000e+00  1.000000e+00  0.000000e+00
   outer loop
     vertex  4.170000e+03 -3.800000e+02  4.090000e+03
     vertex  4.020000e+03 -3.800000e+02  4.020000e+03
     vertex  4.120000e+03 -3.800000e+02  4.090000e+03
   endloop
 endfacet
 facet normal  0.000000e+00  1.000000e+00  0.000000e+00
   outer loop
     vertex  4.477500e+03 -3.800000e+02  4.280000e+03
     vertex  4.170000e+03 -3.800000e+02  4.210000e+03
     vertex  4.020000e+03 -3.800000e+02  4.280000e+03
   endloop
 endfacet
 facet normal  0.000000e+00  1.000000e+00  0.000000e+00
   outer loop
     vertex  4.477500e+03 -3.800000e+02  4.020000e+03
     vertex  4.170000e+03 -3.800000e+02  4.090000e+03
     vertex  4.170000e+03 -3.800000e+02  4.210000e+03
   endloop
 endfacet
 facet normal  0.000000e+00  1.000000e+00 -0.000000e+00
   outer loop
     vertex  4.477500e+03 -3.800000e+02  4.020000e+03
     vertex  4.170000e+03 -3.800000e+02  4.210000e+03
     vertex  4.477500e+03 -3.800000e+02  4.280000e+03
   endloop
 endfacet
 facet normal  0.000000e+00  1.000000e+00  0.000000e+00
   outer loop
     vertex  4.477500e+03 -3.800000e+02  4.020000e+03
     vertex  4.020000e+03 -3.800000e+02  4.020000e+03
     vertex  4.170000e+03 -3.800000e+02  4.090000e+03
   endloop
 endfacet
 facet normal -1.000000e+00  0.000000e+00  0.000000e+00
   outer loop
     vertex  4.477500e+03 -3.800000e+02  4.280000e+03
     vertex  4.477500e+03  0.000000e+00  4.280000e+03
     vertex  4.477500e+03  0.000000e+00  4.020000e+03
   endloop
 endfacet
 facet normal -1.000000e+00  0.000000e+00  0.000000e+00
   outer loop
     vertex  4.477500e+03 -3.800000e+02  4.280000e+03
     vertex  4.477500e+03  0.000000e+00  4.020000e+03
     vertex  4.477500e+03 -3.800000e+02  4.020000e+03
   endloop
 endfacet
 facet normal  0.000000e+00  0.000000e+00 -1.000000e+00
   outer loop
     vertex  4.477500e+03 -3.800000e+02  4.280000e+03
     vertex  4.020000e+03 -3.800000e+02  4.280000e+03
     vertex  4.020000e+03  0.000000e+00  4.280000e+03
   endloop
 endfacet
 facet normal -0.000000e+00 -0.000000e+00 -1.000000e+00
   outer loop
     vertex  4.477500e+03  0.000000e+00  4.280000e+03
     vertex  4.477500e+03 -3.800000e+02  4.280000e+03
     vertex  4.020000e+03  0.000000e+00  4.280000e+03
   endloop
 endfacet
 facet normal  1.000000e+00  0.000000e+00  0.000000e+00
   outer loop
     vertex  4.020000e+03 -3.800000e+02  4.280000e+03
     vertex  4.020000e+03 -3.800000e+02  4.020000e+03
     vertex  4.020000e+03  0.000000e+00  4.020000e+03
   endloop
 endfacet
 facet normal  1.000000e+00 -0.000000e+00  0.000000e+00
   outer loop
     vertex  4.020000e+03 -3.800000e+02  4.280000e+03
     vertex  4.020000e+03  0.000000e+00  4.020000e+03
     vertex  4.020000e+03  0.000000e+00  4.280000e+03
   endloop
 endfacet
 facet normal -0.000000e+00  0.000000e+00  1.000000e+00
   outer loop
     vertex  4.020000e+03  0.000000e+00  4.020000e+03
     vertex  4.477500e+03 -3.800000e+02  4.020000e+03
     vertex  4.477500e+03  0.000000e+00  4.020000e+03
   endloop
 endfacet
 facet normal  0.000000e+00  0.000000e+00  1.000000e+00
   outer loop
     vertex  4.020000e+03 -3.800000e+02  4.020000e+03
     vertex  4.477500e+03 -3.800000e+02  4.020000e+03
     vertex  4.020000e+03  0.000000e+00  4.020000e+03
   endloop
 endfacet
 facet normal  1.000000e+00  0.000000e+00  0.000000e+00
   outer loop
     vertex  6.022500e+03 -4.000000e+02  2.935000e+03
     vertex  6.022500e+03  0.000000e+00  3.025000e+03
     vertex  6.022500e+03 -4.000000e+02  3.025000e+03
   endloop
 endfacet
 facet normal  1.000000e+00  0.000000e+00  0.000000e+00
   outer loop
     vertex  6.022500e+03 -4.000000e+02  2.935000e+03
     vertex  6.022500e+03  0.000000e+00  2.935000e+03
     vertex  6.022500e+03  0.000000e+00  3.025000e+03
   endloop
 endfacet
 facet normal  0.000000e+00  0.000000e+00  1.000000e+00
   outer loop
     vertex  6.022500e+03  0.000000e+00  2.935000e+03
     vertex  6.022500e+03 -4.000000e+02  2.935000e+03
     vertex  6.057500e+03 -4.000000e+02  2.935000e+03
   endloop
 endfacet
 facet normal -0.000000e+00  0.000000e+00  1.000000e+00
   outer loop
     vertex  6.022500e+03  0.000000e+00  2.935000e+03
     vertex  6.057500e+03 -4.000000e+02  2.935000e+03
     vertex  6.057500e+03  0.000000e+00  2.935000e+03
   endloop
 endfacet
 facet normal -1.000000e+00  0.000000e+00  0.000000e+00
   outer loop
     vertex  6.057500e+03  0.000000e+00  2.935000e+03
     vertex  6.057500e+03 -4.000000e+02  3.025000e+03
     vertex  6.057500e+03  0.000000e+00  3.025000e+03
   endloop
 endfacet
 facet normal -1.000000e+00  0.000000e+00  0.000000e+00
   outer loop
     vertex  6.057500e+03  0.000000e+00  2.935000e+03
     vertex  6.057500e+03 -4.000000e+02  2.935000e+03
     vertex  6.057500e+03 -4.000000e+02  3.025000e+03
   endloop
 endfacet
 facet normal -0.000000e+00  0.000000e+00 -1.000000e+00
   outer loop
     vertex  6.057500e+03  0.000000e+00  3.025000e+03
     vertex  6.022500e+03 -4.000000e+02  3.025000e+03
     vertex  6.022500e+03  0.000000e+00  3.025000e+03
   endloop
 endfacet
 facet normal  0.000000e+00 -0.000000e+00 -1.000000e+00
   outer loop
     vertex  6.057500e+03  0.000000e+00  3.025000e+03
     vertex  6.057500e+03 -4.000000e+02  3.025000e+03
     vertex  6.022500e+03 -4.000000e+02  3.025000e+03
   endloop
 endfacet
 facet normal  1.000000e+00  0.000000e+00 -0.000000e+00
   outer loop
     vertex  6.090000e+03 -3.800000e+02  2.160000e+03
     vertex  6.090000e+03 -3.800000e+02  2.210000e+03
     vertex  6.090000e+03 -4.000000e+02  2.210000e+03
   endloop
 endfacet
 facet normal  1.000000e+00  0.000000e+00  0.000000e+00
   outer loop
     vertex  6.090000e+03 -3.800000e+02  2.160000e+03
     vertex  6.090000e+03 -4.000000e+02  2.210000e+03
     vertex  6.090000e+03 -4.000000e+02  2.160000e+03
   endloop
 endfacet
 facet normal  0.000000e+00  0.000000e+00 -1.000000e+00
   outer loop
     vertex  6.090000e+03 -4.000000e+02  2.210000e+03
     vertex  6.210000e+03 -3.800000e+02  2.210000e+03
     vertex  6.210000e+03 -4.000000e+02  2.210000e+03
   endloop
 endfacet
 facet normal  0.000000e+00  0.000000e+00 -1.000000e+00
   outer loop
     vertex  6.090000e+03 -4.000000e+02  2.210000e+03
     vertex  6.090000e+03 -3.800000e+02  2.210000e+03
     vertex  6.210000e+03 -3.800000e+02  2.210000e+03
   endloop
 endfacet
 facet normal -1.000000e+00  0.000000e+00  0.000000e+00
   outer loop
     vertex  6.210000e+03 -4.000000e+02  2.210000e+03
     vertex  6.210000e+03 -3.800000e+02  2.160000e+03
     vertex  6.210000e+03 -4.000000e+02  2.160000e+03
   endloop
 endfacet
 facet normal -1.000000e+00  0.000000e+00  0.000000e+00
   outer loop
     vertex  6.210000e+03 -4.000000e+02  2.210000e+03
     vertex  6.210000e+03 -3.800000e+02  2.210000e+03
     vertex  6.210000e+03 -3.800000e+02  2.160000e+03
   endloop
 endfacet
 facet normal  0.000000e+00  0.000000e+00  1.000000e+00
   outer loop
     vertex  6.210000e+03 -3.800000e+02  2.160000e+03
     vertex  6.090000e+03 -3.800000e+02  2.160000e+03
     vertex  6.090000e+03 -4.000000e+02  2.160000e+03
   endloop
 endfacet
 facet normal  0.000000e+00  0.000000e+00  1.000000e+00
   outer loop
     vertex  6.210000e+03 -3.800000e+02  2.160000e+03
     vertex  6.090000e+03 -4.000000e+02  2.160000e+03
     vertex  6.210000e+03 -4.000000e+02  2.160000e+03
   endloop
 endfacet
 facet normal  0.000000e+00  1.000000e+00  0.000000e+00
   outer loop
     vertex  6.280000e+03 -3.800000e+02  2.060000e+03
     vertex  6.210000e+03 -3.800000e+02  2.160000e+03
     vertex  6.210000e+03 -3.800000e+02  2.210000e+03
   endloop
 endfacet
 facet normal  0.000000e+00  1.000000e+00 -0.000000e+00
   outer loop
     vertex  6.280000e+03 -3.800000e+02  2.060000e+03
     vertex  6.210000e+03 -3.800000e+02  2.210000e+03
     vertex  6.280000e+03 -3.800000e+02  2.477500e+03
   endloop
 endfacet
 facet normal  0.000000e+00  1.000000e+00 -0.000000e+00
   outer loop
     vertex  6.090000e+03 -3.800000e+02  2.210000e+03
     vertex  6.020000e+03 -3.800000e+02  2.477500e+03
     vertex  6.280000e+03 -3.800000e+02  2.477500e+03
   endloop
 endfacet
 facet normal  0.000000e+00  1.000000e+00  0.000000e+00
   outer loop
     vertex  6.090000e+03 -3.800000e+02  2.210000e+03
     vertex  6.280000e+03 -3.800000e+02  2.477500e+03
     vertex  6.210000e+03 -3.800000e+02  2.210000e+03
   endloop
 endfacet
 facet normal  0.000000e+00  1.000000e+00  0.000000e+00
   outer loop
     vertex  6.020000e+03 -3.800000e+02  2.060000e+03
     vertex  6.090000e+03 -3.800000e+02  2.160000e+03
     vertex  6.210000e+03 -3.800000e+02  2.160000e+03
   endloop
 endfacet
 facet normal  0.000000e+00  1.000000e+00  0.000000e+00
   outer loop
     vertex  6.020000e+03 -3.800000e+02  2.060000e+03
     vertex  6.090000e+03 -3.800000e+02  2.210000e+03
     vertex  6.090000e+03 -3.800000e+02  2.160000e+03
   endloop
 endfacet
 facet normal  0.000000e+00  1.000000e+00  0.000000e+00
   outer loop
     vertex  6.020000e+03 -3.800000e+02  2.060000e+03
     vertex  6.210000e+03 -3.800000e+02  2.160000e+03
     vertex  6.280000e+03 -3.800000e+02  2.060000e+03
   endloop
 endfacet
 facet normal  0.000000e+00  1.000000e+00  0.000000e+00
   outer loop
     vertex  6.020000e+03 -3.800000e+02  2.060000e+03
     vertex  6.020000e+03 -3.800000e+02  2.477500e+03
     vertex  6.090000e+03 -3.800000e+02  2.210000e+03
   endloop
 endfacet
 facet normal  0.000000e+00  0.000000e+00 -1.000000e+00
   outer loop
     vertex  6.020000e+03 -3.800000e+02  2.477500e+03
     vertex  6.020000e+03  0.000000e+00  2.477500e+03
     vertex  6.280000e+03  0.000000e+00  2.477500e+03
   endloop
 endfacet
 facet normal  0.000000e+00  0.000000e+00 -1.000000e+00
   outer loop
     vertex  6.020000e+03 -3.800000e+02  2.477500e+03
     vertex  6.280000e+03  0.000000e+00  2.477500e+03
     vertex  6.280000e+03 -3.800000e+02  2.477500e+03
   endloop
 endfacet
 facet normal  1.000000e+00  0.000000e+00  0.000000e+00
   outer loop
     vertex  6.020000e+03 -3.800000e+02  2.477500e+03
     vertex  6.020000e+03 -3.800000e+02  2.060000e+03
     vertex  6.020000e+03  0.000000e+00  2.060000e+03
   endloop
 endfacet
 facet normal  1.000000e+00 -0.000000e+00  0.000000e+00
   outer loop
     vertex  6.020000e+03 -3.800000e+02  2.477500e+03
     vertex  6.020000e+03  0.000000e+00  2.060000e+03
     vertex  6.020000e+03  0.000000e+00  2.477500e+03
   endloop
 endfacet
 facet normal  0.000000e+00  0.000000e+00  1.000000e+00
   outer loop
     vertex  6.020000e+03 -3.800000e+02  2.060000e+03
     vertex  6.280000e+03 -3.800000e+02  2.060000e+03
     vertex  6.280000e+03  0.000000e+00  2.060000e+03
   endloop
 endfacet
 facet normal  0.000000e+00  0.000000e+00  1.000000e+00
   outer loop
     vertex  6.020000e+03 -3.800000e+02  2.060000e+03
     vertex  6.280000e+03  0.000000e+00  2.060000e+03
     vertex  6.020000e+03  0.000000e+00  2.060000e+03
   endloop
 endfacet
 facet normal -1.000000e+00  0.000000e+00  0.000000e+00
   outer loop
     vertex  6.280000e+03  0.000000e+00  2.060000e+03
     vertex  6.280000e+03 -3.800000e+02  2.477500e+03
     vertex  6.280000e+03  0.000000e+00  2.477500e+03
   endloop
 endfacet
 facet normal -1.000000e+00  0.000000e+00  0.000000e+00
   outer loop
     vertex  6.280000e+03  0.000000e+00  2.060000e+03
     vertex  6.280000e+03 -3.800000e+02  2.060000e+03
     vertex  6.280000e+03 -3.800000e+02  2.477500e+03
   endloop
 endfacet
 facet normal  0.000000e+00  0.000000e+00  1.000000e+00
   outer loop
     vertex  6.210000e+03 -3.800000e+02  3.830000e+03
     vertex  6.090000e+03 -3.800000e+02  3.830000e+03
     vertex  6.090000e+03 -4.000000e+02  3.830000e+03
   endloop
 endfacet
 facet normal  0.000000e+00  0.000000e+00  1.000000e+00
   outer loop
     vertex  6.210000e+03 -3.800000e+02  3.830000e+03
     vertex  6.090000e+03 -4.000000e+02  3.830000e+03
     vertex  6.210000e+03 -4.000000e+02  3.830000e+03
   endloop
 endfacet
 facet normal  1.000000e+00  0.000000e+00 -0.000000e+00
   outer loop
     vertex  6.090000e+03 -3.800000e+02  3.830000e+03
     vertex  6.090000e+03 -3.800000e+02  3.880000e+03
     vertex  6.090000e+03 -4.000000e+02  3.880000e+03
   endloop
 endfacet
 facet normal  1.000000e+00  0.000000e+00  0.000000e+00
   outer loop
     vertex  6.090000e+03 -3.800000e+02  3.830000e+03
     vertex  6.090000e+03 -4.000000e+02  3.880000e+03
     vertex  6.090000e+03 -4.000000e+02  3.830000e+03
   endloop
 endfacet
 facet normal  0.000000e+00  0.000000e+00 -1.000000e+00
   outer loop
     vertex  6.090000e+03 -4.000000e+02  3.880000e+03
     vertex  6.210000e+03 -3.800000e+02  3.880000e+03
     vertex  6.210000e+03 -4.000000e+02  3.880000e+03
   endloop
 endfacet
 facet normal  0.000000e+00  0.000000e+00 -1.000000e+00
   outer loop
     vertex  6.090000e+03 -4.000000e+02  3.880000e+03
     vertex  6.090000e+03 -3.800000e+02  3.880000e+03
     vertex  6.210000e+03 -3.800000e+02  3.880000e+03
   endloop
 endfacet
 facet normal -1.000000e+00  0.000000e+00  0.000000e+00
   outer loop
     vertex  6.210000e+03 -4.000000e+02  3.880000e+03
     vertex  6.210000e+03 -3.800000e+02  3.830000e+03
     vertex  6.210000e+03 -4.000000e+02  3.830000e+03
   endloop
 endfacet
 facet normal -1.000000e+00  0.000000e+00  0.000000e+00
   outer loop
     vertex  6.210000e+03 -4.000000e+02  3.880000e+03
     vertex  6.210000e+03 -3.800000e+02  3.880000e+03
     vertex  6.210000e+03 -3.800000e+02  3.830000e+03
   endloop
 endfacet
 facet normal  0.000000e+00  1.000000e+00  0.000000e+00
   outer loop
     vertex  6.210000e+03 -3.800000e+02  3.830000e+03
     vertex  6.210000e+03 -3.800000e+02  3.880000e+03
     vertex  6.280000e+03 -3.800000e+02  3.980000e+03
   endloop
 endfacet
 facet normal  0.000000e+00  1.000000e+00 -0.000000e+00
   outer loop
     vertex  6.090000e+03 -3.800000e+02  3.880000e+03
     vertex  6.020000e+03 -3.800000e+02  3.980000e+03
     vertex  6.280000e+03 -3.800000e+02  3.980000e+03
   endloop
 endfacet
 facet normal  0.000000e+00  1.000000e+00  0.000000e+00
   outer loop
     vertex  6.090000e+03 -3.800000e+02  3.880000e+03
     vertex  6.280000e+03 -3.800000e+02  3.980000e+03
     vertex  6.210000e+03 -3.800000e+02  3.880000e+03
   endloop
 endfacet
 facet normal  0.000000e+00  1.000000e+00 -0.000000e+00
   outer loop
     vertex  6.090000e+03 -3.800000e+02  3.830000e+03
     vertex  6.020000e+03 -3.800000e+02  3.980000e+03
     vertex  6.090000e+03 -3.800000e+02  3.880000e+03
   endloop
 endfacet
 facet normal  0.000000e+00  1.000000e+00 -0.000000e+00
   outer loop
     vertex  6.280000e+03 -3.800000e+02  3.522500e+03
     vertex  6.210000e+03 -3.800000e+02  3.830000e+03
     vertex  6.280000e+03 -3.800000e+02  3.980000e+03
   endloop
 endfacet
 facet normal  0.000000e+00  1.000000e+00  0.000000e+00
   outer loop
     vertex  6.020000e+03 -3.800000e+02  3.522500e+03
     vertex  6.090000e+03 -3.800000e+02  3.830000e+03
     vertex  6.210000e+03 -3.800000e+02  3.830000e+03
   endloop
 endfacet
 facet normal  0.000000e+00  1.000000e+00  0.000000e+00
   outer loop
     vertex  6.020000e+03 -3.800000e+02  3.522500e+03
     vertex  6.210000e+03 -3.800000e+02  3.830000e+03
     vertex  6.280000e+03 -3.800000e+02  3.522500e+03
   endloop
 endfacet
 facet normal  0.000000e+00  1.000000e+00  0.000000e+00
   outer loop
     vertex  6.020000e+03 -3.800000e+02  3.522500e+03
     vertex  6.020000e+03 -3.800000e+02  3.980000e+03
     vertex  6.090000e+03 -3.800000e+02  3.830000e+03
   endloop
 endfacet
 facet normal  0.000000e+00  0.000000e+00  1.000000e+00
   outer loop
     vertex  6.280000e+03  0.000000e+00  3.522500e+03
     vertex  6.020000e+03  0.000000e+00  3.522500e+03
     vertex  6.020000e+03 -3.800000e+02  3.522500e+03
   endloop
 endfacet
 facet normal  0.000000e+00  0.000000e+00  1.000000e+00
   outer loop
     vertex  6.280000e+03  0.000000e+00  3.522500e+03
     vertex  6.020000e+03 -3.800000e+02  3.522500e+03
     vertex  6.280000e+03 -3.800000e+02  3.522500e+03
   endloop
 endfacet
 facet normal -1.000000e+00  0.000000e+00  0.000000e+00
   outer loop
     vertex  6.280000e+03 -3.800000e+02  3.522500e+03
     vertex  6.280000e+03 -3.800000e+02  3.980000e+03
     vertex  6.280000e+03  0.000000e+00  3.980000e+03
   endloop
 endfacet
 facet normal -1.000000e+00  0.000000e+00  0.000000e+00
   outer loop
     vertex  6.280000e+03  0.000000e+00  3.522500e+03
     vertex  6.280000e+03 -3.800000e+02  3.522500e+03
     vertex  6.280000e+03  0.000000e+00  3.980000e+03
   endloop
 endfacet
 facet normal -0.000000e+00  0.000000e+00 -1.000000e+00
   outer loop
     vertex  6.280000e+03  0.000000e+00  3.980000e+03
     vertex  6.020000e+03 -3.800000e+02  3.980000e+03
     vertex  6.020000e+03  0.000000e+00  3.980000e+03
   endloop
 endfacet
 facet normal  0.000000e+00 -0.000000e+00 -1.000000e+00
   outer loop
     vertex  6.280000e+03  0.000000e+00  3.980000e+03
     vertex  6.280000e+03 -3.800000e+02  3.980000e+03
     vertex  6.020000e+03 -3.800000e+02  3.980000e+03
   endloop
 endfacet
 facet normal  1.000000e+00  0.000000e+00  0.000000e+00
   outer loop
     vertex  6.020000e+03  0.000000e+00  3.980000e+03
     vertex  6.020000e+03 -3.800000e+02  3.522500e+03
     vertex  6.020000e+03  0.000000e+00  3.522500e+03
   endloop
 endfacet
 facet normal  1.000000e+00 -0.000000e+00  0.000000e+00
   outer loop
     vertex  6.020000e+03 -3.800000e+02  3.980000e+03
     vertex  6.020000e+03 -3.800000e+02  3.522500e+03
     vertex  6.020000e+03  0.000000e+00  3.980000e+03
   endloop
 endfacet
 facet normal  1.000000e+00  0.000000e+00  0.000000e+00
   outer loop
     vertex  6.022500e+03 -4.000000e+02  9.350000e+02
     vertex  6.022500e+03  0.000000e+00  1.025000e+03
     vertex  6.022500e+03 -4.000000e+02  1.025000e+03
   endloop
 endfacet
 facet normal  1.000000e+00  0.000000e+00  0.000000e+00
   outer loop
     vertex  6.022500e+03 -4.000000e+02  9.350000e+02
     vertex  6.022500e+03  0.000000e+00  9.350000e+02
     vertex  6.022500e+03  0.000000e+00  1.025000e+03
   endloop
 endfacet
 facet normal  0.000000e+00  0.000000e+00  1.000000e+00
   outer loop
     vertex  6.022500e+03  0.000000e+00  9.350000e+02
     vertex  6.022500e+03 -4.000000e+02  9.350000e+02
     vertex  6.057500e+03 -4.000000e+02  9.350000e+02
   endloop
 endfacet
 facet normal -0.000000e+00  0.000000e+00  1.000000e+00
   outer loop
     vertex  6.022500e+03  0.000000e+00  9.350000e+02
     vertex  6.057500e+03 -4.000000e+02  9.350000e+02
     vertex  6.057500e+03  0.000000e+00  9.350000e+02
   endloop
 endfacet
 facet normal -1.000000e+00  0.000000e+00  0.000000e+00
   outer loop
     vertex  6.057500e+03  0.000000e+00  9.350000e+02
     vertex  6.057500e+03 -4.000000e+02  1.025000e+03
     vertex  6.057500e+03  0.000000e+00  1.025000e+03
   endloop
 endfacet
 facet normal -1.000000e+00  0.000000e+00  0.000000e+00
   outer loop
     vertex  6.057500e+03  0.000000e+00  9.350000e+02
     vertex  6.057500e+03 -4.000000e+02  9.350000e+02
     vertex  6.057500e+03 -4.000000e+02  1.025000e+03
   endloop
 endfacet
 facet normal -0.000000e+00  0.000000e+00 -1.000000e+00
   outer loop
     vertex  6.057500e+03  0.000000e+00  1.025000e+03
     vertex  6.022500e+03 -4.000000e+02  1.025000e+03
     vertex  6.022500e+03  0.000000e+00  1.025000e+03
   endloop
 endfacet
 facet normal  0.000000e+00 -0.000000e+00 -1.000000e+00
   outer loop
     vertex  6.057500e+03  0.000000e+00  1.025000e+03
     vertex  6.057500e+03 -4.000000e+02  1.025000e+03
     vertex  6.022500e+03 -4.000000e+02  1.025000e+03
   endloop
 endfacet
 facet normal  1.000000e+00  0.000000e+00 -0.000000e+00
   outer loop
     vertex  6.090000e+03 -3.800000e+02  1.600000e+02
     vertex  6.090000e+03 -3.800000e+02  2.100000e+02
     vertex  6.090000e+03 -4.000000e+02  2.100000e+02
   endloop
 endfacet
 facet normal  1.000000e+00  0.000000e+00  0.000000e+00
   outer loop
     vertex  6.090000e+03 -3.800000e+02  1.600000e+02
     vertex  6.090000e+03 -4.000000e+02  2.100000e+02
     vertex  6.090000e+03 -4.000000e+02  1.600000e+02
   endloop
 endfacet
 facet normal  0.000000e+00  0.000000e+00 -1.000000e+00
   outer loop
     vertex  6.090000e+03 -4.000000e+02  2.100000e+02
     vertex  6.210000e+03 -3.800000e+02  2.100000e+02
     vertex  6.210000e+03 -4.000000e+02  2.100000e+02
   endloop
 endfacet
 facet normal  0.000000e+00  0.000000e+00 -1.000000e+00
   outer loop
     vertex  6.090000e+03 -4.000000e+02  2.100000e+02
     vertex  6.090000e+03 -3.800000e+02  2.100000e+02
     vertex  6.210000e+03 -3.800000e+02  2.100000e+02
   endloop
 endfacet
 facet normal -1.000000e+00  0.000000e+00  0.000000e+00
   outer loop
     vertex  6.210000e+03 -4.000000e+02  2.100000e+02
     vertex  6.210000e+03 -3.800000e+02  1.600000e+02
     vertex  6.210000e+03 -4.000000e+02  1.600000e+02
   endloop
 endfacet
 facet normal -1.000000e+00  0.000000e+00  0.000000e+00
   outer loop
     vertex  6.210000e+03 -4.000000e+02  2.100000e+02
     vertex  6.210000e+03 -3.800000e+02  2.100000e+02
     vertex  6.210000e+03 -3.800000e+02  1.600000e+02
   endloop
 endfacet
 facet normal  0.000000e+00  0.000000e+00  1.000000e+00
   outer loop
     vertex  6.210000e+03 -3.800000e+02  1.600000e+02
     vertex  6.090000e+03 -3.800000e+02  1.600000e+02
     vertex  6.090000e+03 -4.000000e+02  1.600000e+02
   endloop
 endfacet
 facet normal  0.000000e+00  0.000000e+00  1.000000e+00
   outer loop
     vertex  6.210000e+03 -3.800000e+02  1.600000e+02
     vertex  6.090000e+03 -4.000000e+02  1.600000e+02
     vertex  6.210000e+03 -4.000000e+02  1.600000e+02
   endloop
 endfacet
 facet normal  0.000000e+00  1.000000e+00  0.000000e+00
   outer loop
     vertex  6.280000e+03 -3.800000e+02  6.000000e+01
     vertex  6.210000e+03 -3.800000e+02  1.600000e+02
     vertex  6.210000e+03 -3.800000e+02  2.100000e+02
   endloop
 endfacet
 facet normal  0.000000e+00  1.000000e+00 -0.000000e+00
   outer loop
     vertex  6.280000e+03 -3.800000e+02  6.000000e+01
     vertex  6.210000e+03 -3.800000e+02  2.100000e+02
     vertex  6.280000e+03 -3.800000e+02  4.775000e+02
   endloop
 endfacet
 facet normal  0.000000e+00  1.000000e+00 -0.000000e+00
   outer loop
     vertex  6.090000e+03 -3.800000e+02  2.100000e+02
     vertex  6.020000e+03 -3.800000e+02  4.775000e+02
     vertex  6.280000e+03 -3.800000e+02  4.775000e+02
   endloop
 endfacet
 facet normal  0.000000e+00  1.000000e+00  0.000000e+00
   outer loop
     vertex  6.090000e+03 -3.800000e+02  2.100000e+02
     vertex  6.280000e+03 -3.800000e+02  4.775000e+02
     vertex  6.210000e+03 -3.800000e+02  2.100000e+02
   endloop
 endfacet
 facet normal  0.000000e+00  1.000000e+00  0.000000e+00
   outer loop
     vertex  6.020000e+03 -3.800000e+02  6.000000e+01
     vertex  6.090000e+03 -3.800000e+02  1.600000e+02
     vertex  6.210000e+03 -3.800000e+02  1.600000e+02
   endloop
 endfacet
 facet normal  0.000000e+00  1.000000e+00  0.000000e+00
   outer loop
     vertex  6.020000e+03 -3.800000e+02  6.000000e+01
     vertex  6.090000e+03 -3.800000e+02  2.100000e+02
     vertex  6.090000e+03 -3.800000e+02  1.600000e+02
   endloop
 endfacet
 facet normal  0.000000e+00  1.000000e+00  0.000000e+00
   outer loop
     vertex  6.020000e+03 -3.800000e+02  6.000000e+01
     vertex  6.210000e+03 -3.800000e+02  1.600000e+02
     vertex  6.280000e+03 -3.800000e+02  6.000000e+01
   endloop
 endfacet
 facet normal  0.000000e+00  1.000000e+00  0.000000e+00
   outer loop
     vertex  6.020000e+03 -3.800000e+02  6.000000e+01
     vertex  6.020000e+03 -3.800000e+02  4.775000e+02
     vertex  6.090000e+03 -3.800000e+02  2.100000e+02
   endloop
 endfacet
 facet normal  0.000000e+00  0.000000e+00 -1.000000e+00
   outer loop
     vertex  6.020000e+03 -3.800000e+02  4.775000e+02
     vertex  6.020000e+03  0.000000e+00  4.775000e+02
     vertex  6.280000e+03  0.000000e+00  4.775000e+02
   endloop
 endfacet
 facet normal  0.000000e+00  0.000000e+00 -1.000000e+00
   outer loop
     vertex  6.020000e+03 -3.800000e+02  4.775000e+02
     vertex  6.280000e+03  0.000000e+00  4.775000e+02
     vertex  6.280000e+03 -3.800000e+02  4.775000e+02
   endloop
 endfacet
 facet normal  1.000000e+00  0.000000e+00  0.000000e+00
   outer loop
     vertex  6.020000e+03 -3.800000e+02  4.775000e+02
     vertex  6.020000e+03 -3.800000e+02  6.000000e+01
     vertex  6.020000e+03  0.000000e+00  6.000000e+01
   endloop
 endfacet
 facet normal  1.000000e+00 -0.000000e+00  0.000000e+00
   outer loop
     vertex  6.020000e+03 -3.800000e+02  4.775000e+02
     vertex  6.020000e+03  0.000000e+00  6.000000e+01
     vertex  6.020000e+03  0.000000e+00  4.775000e+02
   endloop
 endfacet
 facet normal  0.000000e+00  0.000000e+00  1.000000e+00
   outer loop
     vertex  6.020000e+03 -3.800000e+02  6.000000e+01
     vertex  6.280000e+03 -3.800000e+02  6.000000e+01
     vertex  6.280000e+03  0.000000e+00  6.000000e+01
   endloop
 endfacet
 facet normal  0.000000e+00  0.000000e+00  1.000000e+00
   outer loop
     vertex  6.020000e+03 -3.800000e+02  6.000000e+01
     vertex  6.280000e+03  0.000000e+00  6.000000e+01
     vertex  6.020000e+03  0.000000e+00  6.000000e+01
   endloop
 endfacet
 facet normal -1.000000e+00  0.000000e+00  0.000000e+00
   outer loop
     vertex  6.280000e+03  0.000000e+00  6.000000e+01
     vertex  6.280000e+03 -3.800000e+02  4.775000e+02
     vertex  6.280000e+03  0.000000e+00  4.775000e+02
   endloop
 endfacet
 facet normal -1.000000e+00  0.000000e+00  0.000000e+00
   outer loop
     vertex  6.280000e+03  0.000000e+00  6.000000e+01
     vertex  6.280000e+03 -3.800000e+02  6.000000e+01
     vertex  6.280000e+03 -3.800000e+02  4.775000e+02
   endloop
 endfacet
 facet normal  0.000000e+00  0.000000e+00  1.000000e+00
   outer loop
     vertex  6.210000e+03 -3.800000e+02  1.830000e+03
     vertex  6.090000e+03 -3.800000e+02  1.830000e+03
     vertex  6.090000e+03 -4.000000e+02  1.830000e+03
   endloop
 endfacet
 facet normal  0.000000e+00  0.000000e+00  1.000000e+00
   outer loop
     vertex  6.210000e+03 -3.800000e+02  1.830000e+03
     vertex  6.090000e+03 -4.000000e+02  1.830000e+03
     vertex  6.210000e+03 -4.000000e+02  1.830000e+03
   endloop
 endfacet
 facet normal  1.000000e+00  0.000000e+00 -0.000000e+00
   outer loop
     vertex  6.090000e+03 -3.800000e+02  1.830000e+03
     vertex  6.090000e+03 -3.800000e+02  1.880000e+03
     vertex  6.090000e+03 -4.000000e+02  1.880000e+03
   endloop
 endfacet
 facet normal  1.000000e+00  0.000000e+00  0.000000e+00
   outer loop
     vertex  6.090000e+03 -3.800000e+02  1.830000e+03
     vertex  6.090000e+03 -4.000000e+02  1.880000e+03
     vertex  6.090000e+03 -4.000000e+02  1.830000e+03
   endloop
 endfacet
 facet normal  0.000000e+00  0.000000e+00 -1.000000e+00
   outer loop
     vertex  6.090000e+03 -4.000000e+02  1.880000e+03
     vertex  6.210000e+03 -3.800000e+02  1.880000e+03
     vertex  6.210000e+03 -4.000000e+02  1.880000e+03
   endloop
 endfacet
 facet normal  0.000000e+00  0.000000e+00 -1.000000e+00
   outer loop
     vertex  6.090000e+03 -4.000000e+02  1.880000e+03
     vertex  6.090000e+03 -3.800000e+02  1.880000e+03
     vertex  6.210000e+03 -3.800000e+02  1.880000e+03
   endloop
 endfacet
 facet normal -1.000000e+00  0.000000e+00  0.000000e+00
   outer loop
     vertex  6.210000e+03 -4.000000e+02  1.880000e+03
     vertex  6.210000e+03 -3.800000e+02  1.830000e+03
     vertex  6.210000e+03 -4.000000e+02  1.830000e+03
   endloop
 endfacet
 facet normal -1.000000e+00  0.000000e+00  0.000000e+00
   outer loop
     vertex  6.210000e+03 -4.000000e+02  1.880000e+03
     vertex  6.210000e+03 -3.800000e+02  1.880000e+03
     vertex  6.210000e+03 -3.800000e+02  1.830000e+03
   endloop
 endfacet
 facet normal  0.000000e+00  1.000000e+00  0.000000e+00
   outer loop
     vertex  6.210000e+03 -3.800000e+02  1.830000e+03
     vertex  6.210000e+03 -3.800000e+02  1.880000e+03
     vertex  6.280000e+03 -3.800000e+02  1.980000e+03
   endloop
 endfacet
 facet normal  0.000000e+00  1.000000e+00 -0.000000e+00
   outer loop
     vertex  6.090000e+03 -3.800000e+02  1.880000e+03
     vertex  6.020000e+03 -3.800000e+02  1.980000e+03
     vertex  6.280000e+03 -3.800000e+02  1.980000e+03
   endloop
 endfacet
 facet normal  0.000000e+00  1.000000e+00  0.000000e+00
   outer loop
     vertex  6.090000e+03 -3.800000e+02  1.880000e+03
     vertex  6.280000e+03 -3.800000e+02  1.980000e+03
     vertex  6.210000e+03 -3.800000e+02  1.880000e+03
   endloop
 endfacet
 facet normal  0.000000e+00  1.000000e+00 -0.000000e+00
   outer loop
     vertex  6.090000e+03 -3.800000e+02  1.830000e+03
     vertex  6.020000e+03 -3.800000e+02  1.980000e+03
     vertex  6.090000e+03 -3.800000e+02  1.880000e+03
   endloop
 endfacet
 facet normal  0.000000e+00  1.000000e+00 -0.000000e+00
   outer loop
     vertex  6.280000e+03 -3.800000e+02  1.522500e+03
     vertex  6.210000e+03 -3.800000e+02  1.830000e+03
     vertex  6.280000e+03 -3.800000e+02  1.980000e+03
   endloop
 endfacet
 facet normal  0.000000e+00  1.000000e+00  0.000000e+00
   outer loop
     vertex  6.020000e+03 -3.800000e+02  1.522500e+03
     vertex  6.090000e+03 -3.800000e+02  1.830000e+03
     vertex  6.210000e+03 -3.800000e+02  1.830000e+03
   endloop
 endfacet
 facet normal  0.000000e+00  1.000000e+00  0.000000e+00
   outer loop
     vertex  6.020000e+03 -3.800000e+02  1.522500e+03
     vertex  6.210000e+03 -3.800000e+02  1.830000e+03
     vertex  6.280000e+03 -3.800000e+02  1.522500e+03
   endloop
 endfacet
 facet normal  0.000000e+00  1.000000e+00  0.000000e+00
   outer loop
     vertex  6.020000e+03 -3.800000e+02  1.522500e+03
     vertex  6.020000e+03 -3.800000e+02  1.980000e+03
     vertex  6.090000e+03 -3.800000e+02  1.830000e+03
   endloop
 endfacet
 facet normal  0.000000e+00  0.000000e+00  1.000000e+00
   outer loop
     vertex  6.280000e+03  0.000000e+00  1.522500e+03
     vertex  6.020000e+03  0.000000e+00  1.522500e+03
     vertex  6.020000e+03 -3.800000e+02  1.522500e+03
   endloop
 endfacet
 facet normal  0.000000e+00  0.000000e+00  1.000000e+00
   outer loop
     vertex  6.280000e+03  0.000000e+00  1.522500e+03
     vertex  6.020000e+03 -3.800000e+02  1.522500e+03
     vertex  6.280000e+03 -3.800000e+02  1.522500e+03
   endloop
 endfacet
 facet normal -1.000000e+00  0.000000e+00  0.000000e+00
   outer loop
     vertex  6.280000e+03 -3.800000e+02  1.522500e+03
     vertex  6.280000e+03 -3.800000e+02  1.980000e+03
     vertex  6.280000e+03  0.000000e+00  1.980000e+03
   endloop
 endfacet
 facet normal -1.000000e+00  0.000000e+00  0.000000e+00
   outer loop
     vertex  6.280000e+03  0.000000e+00  1.522500e+03
     vertex  6.280000e+03 -3.800000e+02  1.522500e+03
     vertex  6.280000e+03  0.000000e+00  1.980000e+03
   endloop
 endfacet
 facet normal -0.000000e+00  0.000000e+00 -1.000000e+00
   outer loop
     vertex  6.280000e+03  0.000000e+00  1.980000e+03
     vertex  6.020000e+03 -3.800000e+02  1.980000e+03
     vertex  6.020000e+03  0.000000e+00  1.980000e+03
   endloop
 endfacet
 facet normal  0.000000e+00 -0.000000e+00 -1.000000e+00
   outer loop
     vertex  6.280000e+03  0.000000e+00  1.980000e+03
     vertex  6.280000e+03 -3.800000e+02  1.980000e+03
     vertex  6.020000e+03 -3.800000e+02  1.980000e+03
   endloop
 endfacet
 facet normal  1.000000e+00  0.000000e+00  0.000000e+00
   outer loop
     vertex  6.020000e+03  0.000000e+00  1.980000e+03
     vertex  6.020000e+03 -3.800000e+02  1.522500e+03
     vertex  6.020000e+03  0.000000e+00  1.522500e+03
   endloop
 endfacet
 facet normal  1.000000e+00 -0.000000e+00  0.000000e+00
   outer loop
     vertex  6.020000e+03 -3.800000e+02  1.980000e+03
     vertex  6.020000e+03 -3.800000e+02  1.522500e+03
     vertex  6.020000e+03  0.000000e+00  1.980000e+03
   endloop
 endfacet
 facet normal  0.000000e+00  0.000000e+00  1.000000e+00
   outer loop
     vertex  6.210000e+03 -3.800000e+02 -1.700000e+02
     vertex  6.090000e+03 -3.800000e+02 -1.700000e+02
     vertex  6.090000e+03 -4.000000e+02 -1.700000e+02
   endloop
 endfacet
 facet normal  0.000000e+00  0.000000e+00  1.000000e+00
   outer loop
     vertex  6.210000e+03 -3.800000e+02 -1.700000e+02
     vertex  6.090000e+03 -4.000000e+02 -1.700000e+02
     vertex  6.210000e+03 -4.000000e+02 -1.700000e+02
   endloop
 endfacet
 facet normal  1.000000e+00  0.000000e+00 -0.000000e+00
   outer loop
     vertex  6.090000e+03 -3.800000e+02 -1.700000e+02
     vertex  6.090000e+03 -3.800000e+02 -1.200000e+02
     vertex  6.090000e+03 -4.000000e+02 -1.200000e+02
   endloop
 endfacet
 facet normal  1.000000e+00  0.000000e+00  0.000000e+00
   outer loop
     vertex  6.090000e+03 -3.800000e+02 -1.700000e+02
     vertex  6.090000e+03 -4.000000e+02 -1.200000e+02
     vertex  6.090000e+03 -4.000000e+02 -1.700000e+02
   endloop
 endfacet
 facet normal  0.000000e+00  0.000000e+00 -1.000000e+00
   outer loop
     vertex  6.090000e+03 -4.000000e+02 -1.200000e+02
     vertex  6.210000e+03 -3.800000e+02 -1.200000e+02
     vertex  6.210000e+03 -4.000000e+02 -1.200000e+02
   endloop
 endfacet
 facet normal  0.000000e+00  0.000000e+00 -1.000000e+00
   outer loop
     vertex  6.090000e+03 -4.000000e+02 -1.200000e+02
     vertex  6.090000e+03 -3.800000e+02 -1.200000e+02
     vertex  6.210000e+03 -3.800000e+02 -1.200000e+02
   endloop
 endfacet
 facet normal -1.000000e+00  0.000000e+00  0.000000e+00
   outer loop
     vertex  6.210000e+03 -4.000000e+02 -1.200000e+02
     vertex  6.210000e+03 -3.800000e+02 -1.700000e+02
     vertex  6.210000e+03 -4.000000e+02 -1.700000e+02
   endloop
 endfacet
 facet normal -1.000000e+00  0.000000e+00  0.000000e+00
   outer loop
     vertex  6.210000e+03 -4.000000e+02 -1.200000e+02
     vertex  6.210000e+03 -3.800000e+02 -1.200000e+02
     vertex  6.210000e+03 -3.800000e+02 -1.700000e+02
   endloop
 endfacet
 facet normal  0.000000e+00  1.000000e+00  0.000000e+00
   outer loop
     vertex  6.210000e+03 -3.800000e+02 -1.700000e+02
     vertex  6.210000e+03 -3.800000e+02 -1.200000e+02
     vertex  6.280000e+03 -3.800000e+02 -2.000000e+01
   endloop
 endfacet
 facet normal  0.000000e+00  1.000000e+00 -0.000000e+00
   outer loop
     vertex  6.090000e+03 -3.800000e+02 -1.200000e+02
     vertex  6.020000e+03 -3.800000e+02 -2.000000e+01
     vertex  6.280000e+03 -3.800000e+02 -2.000000e+01
   endloop
 endfacet
 facet normal  0.000000e+00  1.000000e+00  0.000000e+00
   outer loop
     vertex  6.090000e+03 -3.800000e+02 -1.200000e+02
     vertex  6.280000e+03 -3.800000e+02 -2.000000e+01
     vertex  6.210000e+03 -3.800000e+02 -1.200000e+02
   endloop
 endfacet
 facet normal  0.000000e+00  1.000000e+00 -0.000000e+00
   outer loop
     vertex  6.090000e+03 -3.800000e+02 -1.700000e+02
     vertex  6.020000e+03 -3.800000e+02 -2.000000e+01
     vertex  6.090000e+03 -3.800000e+02 -1.200000e+02
   endloop
 endfacet
 facet normal  0.000000e+00  1.000000e+00 -0.000000e+00
   outer loop
     vertex  6.280000e+03 -3.800000e+02 -4.775000e+02
     vertex  6.210000e+03 -3.800000e+02 -1.700000e+02
     vertex  6.280000e+03 -3.800000e+02 -2.000000e+01
   endloop
 endfacet
 facet normal  0.000000e+00  1.000000e+00  0.000000e+00
   outer loop
     vertex  6.020000e+03 -3.800000e+02 -4.775000e+02
     vertex  6.090000e+03 -3.800000e+02 -1.700000e+02
     vertex  6.210000e+03 -3.800000e+02 -1.700000e+02
   endloop
 endfacet
 facet normal  0.000000e+00  1.000000e+00  0.000000e+00
   outer loop
     vertex  6.020000e+03 -3.800000e+02 -4.775000e+02
     vertex  6.210000e+03 -3.800000e+02 -1.700000e+02
     vertex  6.280000e+03 -3.800000e+02 -4.775000e+02
   endloop
 endfacet
 facet normal  0.000000e+00  1.000000e+00  0.000000e+00
   outer loop
     vertex  6.020000e+03 -3.800000e+02 -4.775000e+02
     vertex  6.020000e+03 -3.800000e+02 -2.000000e+01
     vertex  6.090000e+03 -3.800000e+02 -1.700000e+02
   endloop
 endfacet
 facet normal  0.000000e+00  0.000000e+00  1.000000e+00
   outer loop
     vertex  6.280000e+03  0.000000e+00 -4.775000e+02
     vertex  6.020000e+03  0.000000e+00 -4.775000e+02
     vertex  6.020000e+03 -3.800000e+02 -4.775000e+02
   endloop
 endfacet
 facet normal  0.000000e+00  0.000000e+00  1.000000e+00
   outer loop
     vertex  6.280000e+03  0.000000e+00 -4.775000e+02
     vertex  6.020000e+03 -3.800000e+02 -4.775000e+02
     vertex  6.280000e+03 -3.800000e+02 -4.775000e+02
   endloop
 endfacet
 facet normal -1.000000e+00  0.000000e+00  0.000000e+00
   outer loop
     vertex  6.280000e+03 -3.800000e+02 -4.775000e+02
     vertex  6.280000e+03 -3.800000e+02 -2.000000e+01
     vertex  6.280000e+03  0.000000e+00 -2.000000e+01
   endloop
 endfacet
 facet normal -1.000000e+00  0.000000e+00  0.000000e+00
   outer loop
     vertex  6.280000e+03  0.000000e+00 -4.775000e+02
     vertex  6.280000e+03 -3.800000e+02 -4.775000e+02
     vertex  6.280000e+03  0.000000e+00 -2.000000e+01
   endloop
 endfacet
 facet normal -0.000000e+00  0.000000e+00 -1.000000e+00
   outer loop
     vertex  6.280000e+03  0.000000e+00 -2.000000e+01
     vertex  6.020000e+03 -3.800000e+02 -2.000000e+01
     vertex  6.020000e+03  0.000000e+00 -2.000000e+01
   endloop
 endfacet
 facet normal  0.000000e+00 -0.000000e+00 -1.000000e+00
   outer loop
     vertex  6.280000e+03  0.000000e+00 -2.000000e+01
     vertex  6.280000e+03 -3.800000e+02 -2.000000e+01
     vertex  6.020000e+03 -3.800000e+02 -2.000000e+01
   endloop
 endfacet
 facet normal  1.000000e+00  0.000000e+00  0.000000e+00
   outer loop
     vertex  6.020000e+03  0.000000e+00 -2.000000e+01
     vertex  6.020000e+03 -3.800000e+02 -4.775000e+02
     vertex  6.020000e+03  0.000000e+00 -4.775000e+02
   endloop
 endfacet
 facet normal  1.000000e+00 -0.000000e+00  0.000000e+00
   outer loop
     vertex  6.020000e+03 -3.800000e+02 -2.000000e+01
     vertex  6.020000e+03 -3.800000e+02 -4.775000e+02
     vertex  6.020000e+03  0.000000e+00 -2.000000e+01
   endloop
 endfacet
 facet normal  1.000000e+00  0.000000e+00 -0.000000e+00
   outer loop
     vertex  6.090000e+03 -3.800000e+02 -1.840000e+03
     vertex  6.090000e+03 -3.800000e+02 -1.790000e+03
     vertex  6.090000e+03 -4.000000e+02 -1.790000e+03
   endloop
 endfacet
 facet normal  1.000000e+00  0.000000e+00  0.000000e+00
   outer loop
     vertex  6.090000e+03 -3.800000e+02 -1.840000e+03
     vertex  6.090000e+03 -4.000000e+02 -1.790000e+03
     vertex  6.090000e+03 -4.000000e+02 -1.840000e+03
   endloop
 endfacet
 facet normal  0.000000e+00  0.000000e+00 -1.000000e+00
   outer loop
     vertex  6.090000e+03 -4.000000e+02 -1.790000e+03
     vertex  6.210000e+03 -3.800000e+02 -1.790000e+03
     vertex  6.210000e+03 -4.000000e+02 -1.790000e+03
   endloop
 endfacet
 facet normal  0.000000e+00  0.000000e+00 -1.000000e+00
   outer loop
     vertex  6.090000e+03 -4.000000e+02 -1.790000e+03
     vertex  6.090000e+03 -3.800000e+02 -1.790000e+03
     vertex  6.210000e+03 -3.800000e+02 -1.790000e+03
   endloop
 endfacet
 facet normal -1.000000e+00  0.000000e+00  0.000000e+00
   outer loop
     vertex  6.210000e+03 -4.000000e+02 -1.790000e+03
     vertex  6.210000e+03 -3.800000e+02 -1.840000e+03
     vertex  6.210000e+03 -4.000000e+02 -1.840000e+03
   endloop
 endfacet
 facet normal -1.000000e+00  0.000000e+00  0.000000e+00
   outer loop
     vertex  6.210000e+03 -4.000000e+02 -1.790000e+03
     vertex  6.210000e+03 -3.800000e+02 -1.790000e+03
     vertex  6.210000e+03 -3.800000e+02 -1.840000e+03
   endloop
 endfacet
 facet normal  0.000000e+00  0.000000e+00  1.000000e+00
   outer loop
     vertex  6.210000e+03 -3.800000e+02 -1.840000e+03
     vertex  6.090000e+03 -3.800000e+02 -1.840000e+03
     vertex  6.090000e+03 -4.000000e+02 -1.840000e+03
   endloop
 endfacet
 facet normal  0.000000e+00  0.000000e+00  1.000000e+00
   outer loop
     vertex  6.210000e+03 -3.800000e+02 -1.840000e+03
     vertex  6.090000e+03 -4.000000e+02 -1.840000e+03
     vertex  6.210000e+03 -4.000000e+02 -1.840000e+03
   endloop
 endfacet
 facet normal  0.000000e+00  1.000000e+00  0.000000e+00
   outer loop
     vertex  6.280000e+03 -3.800000e+02 -1.940000e+03
     vertex  6.210000e+03 -3.800000e+02 -1.840000e+03
     vertex  6.210000e+03 -3.800000e+02 -1.790000e+03
   endloop
 endfacet
 facet normal  0.000000e+00  1.000000e+00 -0.000000e+00
   outer loop
     vertex  6.280000e+03 -3.800000e+02 -1.940000e+03
     vertex  6.210000e+03 -3.800000e+02 -1.790000e+03
     vertex  6.280000e+03 -3.800000e+02 -1.522500e+03
   endloop
 endfacet
 facet normal  0.000000e+00  1.000000e+00 -0.000000e+00
   outer loop
     vertex  6.090000e+03 -3.800000e+02 -1.790000e+03
     vertex  6.020000e+03 -3.800000e+02 -1.522500e+03
     vertex  6.280000e+03 -3.800000e+02 -1.522500e+03
   endloop
 endfacet
 facet normal  0.000000e+00  1.000000e+00  0.000000e+00
   outer loop
     vertex  6.090000e+03 -3.800000e+02 -1.790000e+03
     vertex  6.280000e+03 -3.800000e+02 -1.522500e+03
     vertex  6.210000e+03 -3.800000e+02 -1.790000e+03
   endloop
 endfacet
 facet normal  0.000000e+00  1.000000e+00  0.000000e+00
   outer loop
     vertex  6.020000e+03 -3.800000e+02 -1.940000e+03
     vertex  6.090000e+03 -3.800000e+02 -1.840000e+03
     vertex  6.210000e+03 -3.800000e+02 -1.840000e+03
   endloop
 endfacet
 facet normal  0.000000e+00  1.000000e+00  0.000000e+00
   outer loop
     vertex  6.020000e+03 -3.800000e+02 -1.940000e+03
     vertex  6.090000e+03 -3.800000e+02 -1.790000e+03
     vertex  6.090000e+03 -3.800000e+02 -1.840000e+03
   endloop
 endfacet
 facet normal  0.000000e+00  1.000000e+00  0.000000e+00
   outer loop
     vertex  6.020000e+03 -3.800000e+02 -1.940000e+03
     vertex  6.210000e+03 -3.800000e+02 -1.840000e+03
     vertex  6.280000e+03 -3.800000e+02 -1.940000e+03
   endloop
 endfacet
 facet normal  0.000000e+00  1.000000e+00  0.000000e+00
   outer loop
     vertex  6.020000e+03 -3.800000e+02 -1.940000e+03
     vertex  6.020000e+03 -3.800000e+02 -1.522500e+03
     vertex  6.090000e+03 -3.800000e+02 -1.790000e+03
   endloop
 endfacet
 facet normal  0.000000e+00  0.000000e+00 -1.000000e+00
   outer loop
     vertex  6.020000e+03 -3.800000e+02 -1.522500e+03
     vertex  6.020000e+03  0.000000e+00 -1.522500e+03
     vertex  6.280000e+03  0.000000e+00 -1.522500e+03
   endloop
 endfacet
 facet normal  0.000000e+00  0.000000e+00 -1.000000e+00
   outer loop
     vertex  6.020000e+03 -3.800000e+02 -1.522500e+03
     vertex  6.280000e+03  0.000000e+00 -1.522500e+03
     vertex  6.280000e+03 -3.800000e+02 -1.522500e+03
   endloop
 endfacet
 facet normal  1.000000e+00  0.000000e+00  0.000000e+00
   outer loop
     vertex  6.020000e+03 -3.800000e+02 -1.522500e+03
     vertex  6.020000e+03 -3.800000e+02 -1.940000e+03
     vertex  6.020000e+03  0.000000e+00 -1.940000e+03
   endloop
 endfacet
 facet normal  1.000000e+00 -0.000000e+00  0.000000e+00
   outer loop
     vertex  6.020000e+03 -3.800000e+02 -1.522500e+03
     vertex  6.020000e+03  0.000000e+00 -1.940000e+03
     vertex  6.020000e+03  0.000000e+00 -1.522500e+03
   endloop
 endfacet
 facet normal  0.000000e+00  0.000000e+00  1.000000e+00
   outer loop
     vertex  6.020000e+03 -3.800000e+02 -1.940000e+03
     vertex  6.280000e+03 -3.800000e+02 -1.940000e+03
     vertex  6.280000e+03  0.000000e+00 -1.940000e+03
   endloop
 endfacet
 facet normal  0.000000e+00  0.000000e+00  1.000000e+00
   outer loop
     vertex  6.020000e+03 -3.800000e+02 -1.940000e+03
     vertex  6.280000e+03  0.000000e+00 -1.940000e+03
     vertex  6.020000e+03  0.000000e+00 -1.940000e+03
   endloop
 endfacet
 facet normal -1.000000e+00  0.000000e+00  0.000000e+00
   outer loop
     vertex  6.280000e+03  0.000000e+00 -1.940000e+03
     vertex  6.280000e+03 -3.800000e+02 -1.522500e+03
     vertex  6.280000e+03  0.000000e+00 -1.522500e+03
   endloop
 endfacet
 facet normal -1.000000e+00  0.000000e+00  0.000000e+00
   outer loop
     vertex  6.280000e+03  0.000000e+00 -1.940000e+03
     vertex  6.280000e+03 -3.800000e+02 -1.940000e+03
     vertex  6.280000e+03 -3.800000e+02 -1.522500e+03
   endloop
 endfacet
 facet normal  1.000000e+00  0.000000e+00  0.000000e+00
   outer loop
     vertex  6.022500e+03 -4.000000e+02 -1.065000e+03
     vertex  6.022500e+03  0.000000e+00 -9.750000e+02
     vertex  6.022500e+03 -4.000000e+02 -9.750000e+02
   endloop
 endfacet
 facet normal  1.000000e+00  0.000000e+00  0.000000e+00
   outer loop
     vertex  6.022500e+03 -4.000000e+02 -1.065000e+03
     vertex  6.022500e+03  0.000000e+00 -1.065000e+03
     vertex  6.022500e+03  0.000000e+00 -9.750000e+02
   endloop
 endfacet
 facet normal  0.000000e+00  0.000000e+00  1.000000e+00
   outer loop
     vertex  6.022500e+03  0.000000e+00 -1.065000e+03
     vertex  6.022500e+03 -4.000000e+02 -1.065000e+03
     vertex  6.057500e+03 -4.000000e+02 -1.065000e+03
   endloop
 endfacet
 facet normal -0.000000e+00  0.000000e+00  1.000000e+00
   outer loop
     vertex  6.022500e+03  0.000000e+00 -1.065000e+03
     vertex  6.057500e+03 -4.000000e+02 -1.065000e+03
     vertex  6.057500e+03  0.000000e+00 -1.065000e+03
   endloop
 endfacet
 facet normal -1.000000e+00  0.000000e+00  0.000000e+00
   outer loop
     vertex  6.057500e+03  0.000000e+00 -1.065000e+03
     vertex  6.057500e+03 -4.000000e+02 -9.750000e+02
     vertex  6.057500e+03  0.000000e+00 -9.750000e+02
   endloop
 endfacet
 facet normal -1.000000e+00  0.000000e+00  0.000000e+00
   outer loop
     vertex  6.057500e+03  0.000000e+00 -1.065000e+03
     vertex  6.057500e+03 -4.000000e+02 -1.065000e+03
     vertex  6.057500e+03 -4.000000e+02 -9.750000e+02
   endloop
 endfacet
 facet normal -0.000000e+00  0.000000e+00 -1.000000e+00
   outer loop
     vertex  6.057500e+03  0.000000e+00 -9.750000e+02
     vertex  6.022500e+03 -4.000000e+02 -9.750000e+02
     vertex  6.022500e+03  0.000000e+00 -9.750000e+02
   endloop
 endfacet
 facet normal  0.000000e+00 -0.000000e+00 -1.000000e+00
   outer loop
     vertex  6.057500e+03  0.000000e+00 -9.750000e+02
     vertex  6.057500e+03 -4.000000e+02 -9.750000e+02
     vertex  6.022500e+03 -4.000000e+02 -9.750000e+02
   endloop
 endfacet
 facet normal  1.000000e+00  0.000000e+00 -0.000000e+00
   outer loop
     vertex -1.700000e+02 -3.800000e+02 -4.210000e+03
     vertex -1.700000e+02 -3.800000e+02 -4.090000e+03
     vertex -1.700000e+02 -4.000000e+02 -4.090000e+03
   endloop
 endfacet
 facet normal  1.000000e+00  0.000000e+00  0.000000e+00
   outer loop
     vertex -1.700000e+02 -3.800000e+02 -4.210000e+03
     vertex -1.700000e+02 -4.000000e+02 -4.090000e+03
     vertex -1.700000e+02 -4.000000e+02 -4.210000e+03
   endloop
 endfacet
 facet normal  0.000000e+00  0.000000e+00 -1.000000e+00
   outer loop
     vertex -1.700000e+02 -4.000000e+02 -4.090000e+03
     vertex -1.200000e+02 -3.800000e+02 -4.090000e+03
     vertex -1.200000e+02 -4.000000e+02 -4.090000e+03
   endloop
 endfacet
 facet normal  0.000000e+00  0.000000e+00 -1.000000e+00
   outer loop
     vertex -1.700000e+02 -4.000000e+02 -4.090000e+03
     vertex -1.700000e+02 -3.800000e+02 -4.090000e+03
     vertex -1.200000e+02 -3.800000e+02 -4.090000e+03
   endloop
 endfacet
 facet normal -1.000000e+00  0.000000e+00  0.000000e+00
   outer loop
     vertex -1.200000e+02 -4.000000e+02 -4.090000e+03
     vertex -1.200000e+02 -3.800000e+02 -4.210000e+03
     vertex -1.200000e+02 -4.000000e+02 -4.210000e+03
   endloop
 endfacet
 facet normal -1.000000e+00  0.000000e+00  0.000000e+00
   outer loop
     vertex -1.200000e+02 -4.000000e+02 -4.090000e+03
     vertex -1.200000e+02 -3.800000e+02 -4.090000e+03
     vertex -1.200000e+02 -3.800000e+02 -4.210000e+03
   endloop
 endfacet
 facet normal  0.000000e+00  0.000000e+00  1.000000e+00
   outer loop
     vertex -1.200000e+02 -3.800000e+02 -4.210000e+03
     vertex -1.700000e+02 -3.800000e+02 -4.210000e+03
     vertex -1.700000e+02 -4.000000e+02 -4.210000e+03
   endloop
 endfacet
 facet normal  0.000000e+00  0.000000e+00  1.000000e+00
   outer loop
     vertex -1.200000e+02 -3.800000e+02 -4.210000e+03
     vertex -1.700000e+02 -4.000000e+02 -4.210000e+03
     vertex -1.200000e+02 -4.000000e+02 -4.210000e+03
   endloop
 endfacet
 facet normal -0.000000e+00  1.000000e+00  0.000000e+00
   outer loop
     vertex -1.700000e+02 -3.800000e+02 -4.210000e+03
     vertex -1.200000e+02 -3.800000e+02 -4.210000e+03
     vertex -2.000000e+01 -3.800000e+02 -4.280000e+03
   endloop
 endfacet
 facet normal -0.000000e+00  1.000000e+00  0.000000e+00
   outer loop
     vertex -1.200000e+02 -3.800000e+02 -4.090000e+03
     vertex -2.000000e+01 -3.800000e+02 -4.020000e+03
     vertex -2.000000e+01 -3.800000e+02 -4.280000e+03
   endloop
 endfacet
 facet normal  0.000000e+00  1.000000e+00  0.000000e+00
   outer loop
     vertex -1.200000e+02 -3.800000e+02 -4.090000e+03
     vertex -2.000000e+01 -3.800000e+02 -4.280000e+03
     vertex -1.200000e+02 -3.800000e+02 -4.210000e+03
   endloop
 endfacet
 facet normal  0.000000e+00  1.000000e+00  0.000000e+00
   outer loop
     vertex -1.700000e+02 -3.800000e+02 -4.090000e+03
     vertex -2.000000e+01 -3.800000e+02 -4.020000e+03
     vertex -1.200000e+02 -3.800000e+02 -4.090000e+03
   endloop
 endfacet
 facet normal  0.000000e+00  1.000000e+00  0.000000e+00
   outer loop
     vertex -4.775000e+02 -3.800000e+02 -4.280000e+03
     vertex -1.700000e+02 -3.800000e+02 -4.210000e+03
     vertex -2.000000e+01 -3.800000e+02 -4.280000e+03
   endloop
 endfacet
 facet normal  0.000000e+00  1.000000e+00  0.000000e+00
   outer loop
     vertex -4.775000e+02 -3.800000e+02 -4.020000e+03
     vertex -1.700000e+02 -3.800000e+02 -4.090000e+03
     vertex -1.700000e+02 -3.800000e+02 -4.210000e+03
   endloop
 endfacet
 facet normal  0.000000e+00  1.000000e+00  0.000000e+00
   outer loop
     vertex -4.775000e+02 -3.800000e+02 -4.020000e+03
     vertex -1.700000e+02 -3.800000e+02 -4.210000e+03
     vertex -4.775000e+02 -3.800000e+02 -4.280000e+03
   endloop
 endfacet
 facet normal -0.000000e+00  1.000000e+00  0.000000e+00
   outer loop
     vertex -4.775000e+02 -3.800000e+02 -4.020000e+03
     vertex -2.000000e+01 -3.800000e+02 -4.020000e+03
     vertex -1.700000e+02 -3.800000e+02 -4.090000e+03
   endloop
 endfacet
 facet normal  1.000000e+00  0.000000e+00 -0.000000e+00
   outer loop
     vertex -4.775000e+02  0.000000e+00 -4.280000e+03
     vertex -4.775000e+02  0.000000e+00 -4.020000e+03
     vertex -4.775000e+02 -3.800000e+02 -4.020000e+03
   endloop
 endfacet
 facet normal  1.000000e+00  0.000000e+00  0.000000e+00
   outer loop
     vertex -4.775000e+02  0.000000e+00 -4.280000e+03
     vertex -4.775000e+02 -3.800000e+02 -4.020000e+03
     vertex -4.775000e+02 -3.800000e+02 -4.280000e+03
   endloop
 endfacet
 facet normal -0.000000e+00  0.000000e+00  1.000000e+00
   outer loop
     vertex -4.775000e+02  0.000000e+00 -4.280000e+03
     vertex -2.000000e+01 -3.800000e+02 -4.280000e+03
     vertex -2.000000e+01  0.000000e+00 -4.280000e+03
   endloop
 endfacet
 facet normal  0.000000e+00  0.000000e+00  1.000000e+00
   outer loop
     vertex -4.775000e+02 -3.800000e+02 -4.280000e+03
     vertex -2.000000e+01 -3.800000e+02 -4.280000e+03
     vertex -4.775000e+02  0.000000e+00 -4.280000e+03
   endloop
 endfacet
 facet normal -1.000000e+00  0.000000e+00  0.000000e+00
   outer loop
     vertex -2.000000e+01  0.000000e+00 -4.280000e+03
     vertex -2.000000e+01 -3.800000e+02 -4.020000e+03
     vertex -2.000000e+01  0.000000e+00 -4.020000e+03
   endloop
 endfacet
 facet normal -1.000000e+00  0.000000e+00  0.000000e+00
   outer loop
     vertex -2.000000e+01  0.000000e+00 -4.280000e+03
     vertex -2.000000e+01 -3.800000e+02 -4.280000e+03
     vertex -2.000000e+01 -3.800000e+02 -4.020000e+03
   endloop
 endfacet
 facet normal  0.000000e+00  0.000000e+00 -1.000000e+00
   outer loop
     vertex -2.000000e+01 -3.800000e+02 -4.020000e+03
     vertex -4.775000e+02 -3.800000e+02 -4.020000e+03
     vertex -4.775000e+02  0.000000e+00 -4.020000e+03
   endloop
 endfacet
 facet normal -0.000000e+00 -0.000000e+00 -1.000000e+00
   outer loop
     vertex -2.000000e+01  0.000000e+00 -4.020000e+03
     vertex -2.000000e+01 -3.800000e+02 -4.020000e+03
     vertex -4.775000e+02  0.000000e+00 -4.020000e+03
   endloop
 endfacet
 facet normal  0.000000e+00  0.000000e+00 -1.000000e+00
   outer loop
     vertex -1.840000e+03 -4.000000e+02 -4.090000e+03
     vertex -1.790000e+03 -3.800000e+02 -4.090000e+03
     vertex -1.790000e+03 -4.000000e+02 -4.090000e+03
   endloop
 endfacet
 facet normal  0.000000e+00  0.000000e+00 -1.000000e+00
   outer loop
     vertex -1.840000e+03 -4.000000e+02 -4.090000e+03
     vertex -1.840000e+03 -3.800000e+02 -4.090000e+03
     vertex -1.790000e+03 -3.800000e+02 -4.090000e+03
   endloop
 endfacet
 facet normal -1.000000e+00  0.000000e+00  0.000000e+00
   outer loop
     vertex -1.790000e+03 -4.000000e+02 -4.090000e+03
     vertex -1.790000e+03 -3.800000e+02 -4.210000e+03
     vertex -1.790000e+03 -4.000000e+02 -4.210000e+03
   endloop
 endfacet
 facet normal -1.000000e+00  0.000000e+00  0.000000e+00
   outer loop
     vertex -1.790000e+03 -4.000000e+02 -4.090000e+03
     vertex -1.790000e+03 -3.800000e+02 -4.090000e+03
     vertex -1.790000e+03 -3.800000e+02 -4.210000e+03
   endloop
 endfacet
 facet normal  0.000000e+00  0.000000e+00  1.000000e+00
   outer loop
     vertex -1.790000e+03 -3.800000e+02 -4.210000e+03
     vertex -1.840000e+03 -3.800000e+02 -4.210000e+03
     vertex -1.840000e+03 -4.000000e+02 -4.210000e+03
   endloop
 endfacet
 facet normal  0.000000e+00  0.000000e+00  1.000000e+00
   outer loop
     vertex -1.790000e+03 -3.800000e+02 -4.210000e+03
     vertex -1.840000e+03 -4.000000e+02 -4.210000e+03
     vertex -1.790000e+03 -4.000000e+02 -4.210000e+03
   endloop
 endfacet
 facet normal  1.000000e+00  0.000000e+00 -0.000000e+00
   outer loop
     vertex -1.840000e+03 -3.800000e+02 -4.210000e+03
     vertex -1.840000e+03 -3.800000e+02 -4.090000e+03
     vertex -1.840000e+03 -4.000000e+02 -4.090000e+03
   endloop
 endfacet
 facet normal  1.000000e+00  0.000000e+00  0.000000e+00
   outer loop
     vertex -1.840000e+03 -3.800000e+02 -4.210000e+03
     vertex -1.840000e+03 -4.000000e+02 -4.090000e+03
     vertex -1.840000e+03 -4.000000e+02 -4.210000e+03
   endloop
 endfacet
 facet normal  0.000000e+00  1.000000e+00  0.000000e+00
   outer loop
     vertex -1.940000e+03 -3.800000e+02 -4.280000e+03
     vertex -1.840000e+03 -3.800000e+02 -4.210000e+03
     vertex -1.790000e+03 -3.800000e+02 -4.210000e+03
   endloop
 endfacet
 facet normal  0.000000e+00  1.000000e+00  0.000000e+00
   outer loop
     vertex -1.940000e+03 -3.800000e+02 -4.280000e+03
     vertex -1.790000e+03 -3.800000e+02 -4.210000e+03
     vertex -1.522500e+03 -3.800000e+02 -4.280000e+03
   endloop
 endfacet
 facet normal -0.000000e+00  1.000000e+00  0.000000e+00
   outer loop
     vertex -1.790000e+03 -3.800000e+02 -4.090000e+03
     vertex -1.522500e+03 -3.800000e+02 -4.020000e+03
     vertex -1.522500e+03 -3.800000e+02 -4.280000e+03
   endloop
 endfacet
 facet normal  0.000000e+00  1.000000e+00  0.000000e+00
   outer loop
     vertex -1.790000e+03 -3.800000e+02 -4.090000e+03
     vertex -1.522500e+03 -3.800000e+02 -4.280000e+03
     vertex -1.790000e+03 -3.800000e+02 -4.210000e+03
   endloop
 endfacet
 facet normal  0.000000e+00  1.000000e+00  0.000000e+00
   outer loop
     vertex -1.940000e+03 -3.800000e+02 -4.020000e+03
     vertex -1.840000e+03 -3.800000e+02 -4.090000e+03
     vertex -1.840000e+03 -3.800000e+02 -4.210000e+03
   endloop
 endfacet
 facet normal  0.000000e+00  1.000000e+00  0.000000e+00
   outer loop
     vertex -1.940000e+03 -3.800000e+02 -4.020000e+03
     vertex -1.790000e+03 -3.800000e+02 -4.090000e+03
     vertex -1.840000e+03 -3.800000e+02 -4.090000e+03
   endloop
 endfacet
 facet normal  0.000000e+00  1.000000e+00  0.000000e+00
   outer loop
     vertex -1.940000e+03 -3.800000e+02 -4.020000e+03
     vertex -1.840000e+03 -3.800000e+02 -4.210000e+03
     vertex -1.940000e+03 -3.800000e+02 -4.280000e+03
   endloop
 endfacet
 facet normal -0.000000e+00  1.000000e+00  0.000000e+00
   outer loop
     vertex -1.940000e+03 -3.800000e+02 -4.020000e+03
     vertex -1.522500e+03 -3.800000e+02 -4.020000e+03
     vertex -1.790000e+03 -3.800000e+02 -4.090000e+03
   endloop
 endfacet
 facet normal -1.000000e+00  0.000000e+00  0.000000e+00
   outer loop
     vertex -1.522500e+03 -3.800000e+02 -4.020000e+03
     vertex -1.522500e+03  0.000000e+00 -4.020000e+03
     vertex -1.522500e+03  0.000000e+00 -4.280000e+03
   endloop
 endfacet
 facet normal -1.000000e+00  0.000000e+00  0.000000e+00
   outer loop
     vertex -1.522500e+03 -3.800000e+02 -4.020000e+03
     vertex -1.522500e+03  0.000000e+00 -4.280000e+03
     vertex -1.522500e+03 -3.800000e+02 -4.280000e+03
   endloop
 endfacet
 facet normal -0.000000e+00  0.000000e+00 -1.000000e+00
   outer loop
     vertex -1.522500e+03  0.000000e+00 -4.020000e+03
     vertex -1.940000e+03 -3.800000e+02 -4.020000e+03
     vertex -1.940000e+03  0.000000e+00 -4.020000e+03
   endloop
 endfacet
 facet normal  0.000000e+00 -0.000000e+00 -1.000000e+00
   outer loop
     vertex -1.522500e+03  0.000000e+00 -4.020000e+03
     vertex -1.522500e+03 -3.800000e+02 -4.020000e+03
     vertex -1.940000e+03 -3.800000e+02 -4.020000e+03
   endloop
 endfacet
 facet normal  1.000000e+00  0.000000e+00  0.000000e+00
   outer loop
     vertex -1.940000e+03 -3.800000e+02 -4.020000e+03
     vertex -1.940000e+03 -3.800000e+02 -4.280000e+03
     vertex -1.940000e+03  0.000000e+00 -4.280000e+03
   endloop
 endfacet
 facet normal  1.000000e+00 -0.000000e+00  0.000000e+00
   outer loop
     vertex -1.940000e+03 -3.800000e+02 -4.020000e+03
     vertex -1.940000e+03  0.000000e+00 -4.280000e+03
     vertex -1.940000e+03  0.000000e+00 -4.020000e+03
   endloop
 endfacet
 facet normal  0.000000e+00  0.000000e+00  1.000000e+00
   outer loop
     vertex -1.940000e+03 -3.800000e+02 -4.280000e+03
     vertex -1.522500e+03 -3.800000e+02 -4.280000e+03
     vertex -1.522500e+03  0.000000e+00 -4.280000e+03
   endloop
 endfacet
 facet normal  0.000000e+00  0.000000e+00  1.000000e+00
   outer loop
     vertex -1.940000e+03 -3.800000e+02 -4.280000e+03
     vertex -1.522500e+03  0.000000e+00 -4.280000e+03
     vertex -1.940000e+03  0.000000e+00 -4.280000e+03
   endloop
 endfacet
 facet normal  0.000000e+00  0.000000e+00 -1.000000e+00
   outer loop
     vertex -9.750000e+02 -4.000000e+02 -4.022500e+03
     vertex -1.065000e+03  0.000000e+00 -4.022500e+03
     vertex -9.750000e+02  0.000000e+00 -4.022500e+03
   endloop
 endfacet
 facet normal  0.000000e+00  0.000000e+00 -1.000000e+00
   outer loop
     vertex -9.750000e+02 -4.000000e+02 -4.022500e+03
     vertex -1.065000e+03 -4.000000e+02 -4.022500e+03
     vertex -1.065000e+03  0.000000e+00 -4.022500e+03
   endloop
 endfacet
 facet normal  1.000000e+00  0.000000e+00  0.000000e+00
   outer loop
     vertex -1.065000e+03  0.000000e+00 -4.022500e+03
     vertex -1.065000e+03 -4.000000e+02 -4.022500e+03
     vertex -1.065000e+03 -4.000000e+02 -4.057500e+03
   endloop
 endfacet
 facet normal  1.000000e+00  0.000000e+00  0.000000e+00
   outer loop
     vertex -1.065000e+03  0.000000e+00 -4.022500e+03
     vertex -1.065000e+03 -4.000000e+02 -4.057500e+03
     vertex -1.065000e+03  0.000000e+00 -4.057500e+03
   endloop
 endfacet
 facet normal  0.000000e+00  0.000000e+00  1.000000e+00
   outer loop
     vertex -1.065000e+03 -4.000000e+02 -4.057500e+03
     vertex -9.750000e+02 -4.000000e+02 -4.057500e+03
     vertex -9.750000e+02  0.000000e+00 -4.057500e+03
   endloop
 endfacet
 facet normal  0.000000e+00  0.000000e+00  1.000000e+00
   outer loop
     vertex -1.065000e+03 -4.000000e+02 -4.057500e+03
     vertex -9.750000e+02  0.000000e+00 -4.057500e+03
     vertex -1.065000e+03  0.000000e+00 -4.057500e+03
   endloop
 endfacet
 facet normal -1.000000e+00  0.000000e+00  0.000000e+00
   outer loop
     vertex -9.750000e+02  0.000000e+00 -4.057500e+03
     vertex -9.750000e+02 -4.000000e+02 -4.022500e+03
     vertex -9.750000e+02  0.000000e+00 -4.022500e+03
   endloop
 endfacet
 facet normal -1.000000e+00  0.000000e+00  0.000000e+00
   outer loop
     vertex -9.750000e+02  0.000000e+00 -4.057500e+03
     vertex -9.750000e+02 -4.000000e+02 -4.057500e+03
     vertex -9.750000e+02 -4.000000e+02 -4.022500e+03
   endloop
 endfacet
 facet normal  1.000000e+00  0.000000e+00 -0.000000e+00
   outer loop
     vertex  1.830000e+03 -3.800000e+02 -4.210000e+03
     vertex  1.830000e+03 -3.800000e+02 -4.090000e+03
     vertex  1.830000e+03 -4.000000e+02 -4.090000e+03
   endloop
 endfacet
 facet normal  1.000000e+00  0.000000e+00  0.000000e+00
   outer loop
     vertex  1.830000e+03 -3.800000e+02 -4.210000e+03
     vertex  1.830000e+03 -4.000000e+02 -4.090000e+03
     vertex  1.830000e+03 -4.000000e+02 -4.210000e+03
   endloop
 endfacet
 facet normal  0.000000e+00  0.000000e+00 -1.000000e+00
   outer loop
     vertex  1.830000e+03 -4.000000e+02 -4.090000e+03
     vertex  1.880000e+03 -3.800000e+02 -4.090000e+03
     vertex  1.880000e+03 -4.000000e+02 -4.090000e+03
   endloop
 endfacet
 facet normal  0.000000e+00  0.000000e+00 -1.000000e+00
   outer loop
     vertex  1.830000e+03 -4.000000e+02 -4.090000e+03
     vertex  1.830000e+03 -3.800000e+02 -4.090000e+03
     vertex  1.880000e+03 -3.800000e+02 -4.090000e+03
   endloop
 endfacet
 facet normal -1.000000e+00  0.000000e+00  0.000000e+00
   outer loop
     vertex  1.880000e+03 -4.000000e+02 -4.090000e+03
     vertex  1.880000e+03 -3.800000e+02 -4.210000e+03
     vertex  1.880000e+03 -4.000000e+02 -4.210000e+03
   endloop
 endfacet
 facet normal -1.000000e+00  0.000000e+00  0.000000e+00
   outer loop
     vertex  1.880000e+03 -4.000000e+02 -4.090000e+03
     vertex  1.880000e+03 -3.800000e+02 -4.090000e+03
     vertex  1.880000e+03 -3.800000e+02 -4.210000e+03
   endloop
 endfacet
 facet normal  0.000000e+00  0.000000e+00  1.000000e+00
   outer loop
     vertex  1.880000e+03 -3.800000e+02 -4.210000e+03
     vertex  1.830000e+03 -3.800000e+02 -4.210000e+03
     vertex  1.830000e+03 -4.000000e+02 -4.210000e+03
   endloop
 endfacet
 facet normal  0.000000e+00  0.000000e+00  1.000000e+00
   outer loop
     vertex  1.880000e+03 -3.800000e+02 -4.210000e+03
     vertex  1.830000e+03 -4.000000e+02 -4.210000e+03
     vertex  1.880000e+03 -4.000000e+02 -4.210000e+03
   endloop
 endfacet
 facet normal -0.000000e+00  1.000000e+00  0.000000e+00
   outer loop
     vertex  1.830000e+03 -3.800000e+02 -4.210000e+03
     vertex  1.880000e+03 -3.800000e+02 -4.210000e+03
     vertex  1.980000e+03 -3.800000e+02 -4.280000e+03
   endloop
 endfacet
 facet normal -0.000000e+00  1.000000e+00  0.000000e+00
   outer loop
     vertex  1.880000e+03 -3.800000e+02 -4.090000e+03
     vertex  1.980000e+03 -3.800000e+02 -4.020000e+03
     vertex  1.980000e+03 -3.800000e+02 -4.280000e+03
   endloop
 endfacet
 facet normal  0.000000e+00  1.000000e+00  0.000000e+00
   outer loop
     vertex  1.880000e+03 -3.800000e+02 -4.090000e+03
     vertex  1.980000e+03 -3.800000e+02 -4.280000e+03
     vertex  1.880000e+03 -3.800000e+02 -4.210000e+03
   endloop
 endfacet
 facet normal  0.000000e+00  1.000000e+00  0.000000e+00
   outer loop
     vertex  1.830000e+03 -3.800000e+02 -4.090000e+03
     vertex  1.980000e+03 -3.800000e+02 -4.020000e+03
     vertex  1.880000e+03 -3.800000e+02 -4.090000e+03
   endloop
 endfacet
 facet normal  0.000000e+00  1.000000e+00  0.000000e+00
   outer loop
     vertex  1.522500e+03 -3.800000e+02 -4.280000e+03
     vertex  1.830000e+03 -3.800000e+02 -4.210000e+03
     vertex  1.980000e+03 -3.800000e+02 -4.280000e+03
   endloop
 endfacet
 facet normal  0.000000e+00  1.000000e+00  0.000000e+00
   outer loop
     vertex  1.522500e+03 -3.800000e+02 -4.020000e+03
     vertex  1.830000e+03 -3.800000e+02 -4.090000e+03
     vertex  1.830000e+03 -3.800000e+02 -4.210000e+03
   endloop
 endfacet
 facet normal  0.000000e+00  1.000000e+00  0.000000e+00
   outer loop
     vertex  1.522500e+03 -3.800000e+02 -4.020000e+03
     vertex  1.830000e+03 -3.800000e+02 -4.210000e+03
     vertex  1.522500e+03 -3.800000e+02 -4.280000e+03
   endloop
 endfacet
 facet normal -0.000000e+00  1.000000e+00  0.000000e+00
   outer loop
     vertex  1.522500e+03 -3.800000e+02 -4.020000e+03
     vertex  1.980000e+03 -3.800000e+02 -4.020000e+03
     vertex  1.830000e+03 -3.800000e+02 -4.090000e+03
   endloop
 endfacet
 facet normal  1.000000e+00  0.000000e+00 -0.000000e+00
   outer loop
     vertex  1.522500e+03  0.000000e+00 -4.280000e+03
     vertex  1.522500e+03  0.000000e+00 -4.020000e+03
     vertex  1.522500e+03 -3.800000e+02 -4.020000e+03
   endloop
 endfacet
 facet normal  1.000000e+00  0.000000e+00  0.000000e+00
   outer loop
     vertex  1.522500e+03  0.000000e+00 -4.280000e+03
     vertex  1.522500e+03 -3.800000e+02 -4.020000e+03
     vertex  1.522500e+03 -3.800000e+02 -4.280000e+03
   endloop
 endfacet
 facet normal -0.000000e+00  0.000000e+00  1.000000e+00
   outer loop
     vertex  1.522500e+03  0.000000e+00 -4.280000e+03
     vertex  1.980000e+03 -3.800000e+02 -4.280000e+03
     vertex  1.980000e+03  0.000000e+00 -4.280000e+03
   endloop
 endfacet
 facet normal  0.000000e+00  0.000000e+00  1.000000e+00
   outer loop
     vertex  1.522500e+03 -3.800000e+02 -4.280000e+03
     vertex  1.980000e+03 -3.800000e+02 -4.280000e+03
     vertex  1.522500e+03  0.000000e+00 -4.280000e+03
   endloop
 endfacet
 facet normal -1.000000e+00  0.000000e+00  0.000000e+00
   outer loop
     vertex  1.980000e+03  0.000000e+00 -4.280000e+03
     vertex  1.980000e+03 -3.800000e+02 -4.020000e+03
     vertex  1.980000e+03  0.000000e+00 -4.020000e+03
   endloop
 endfacet
 facet normal -1.000000e+00  0.000000e+00  0.000000e+00
   outer loop
     vertex  1.980000e+03  0.000000e+00 -4.280000e+03
     vertex  1.980000e+03 -3.800000e+02 -4.280000e+03
     vertex  1.980000e+03 -3.800000e+02 -4.020000e+03
   endloop
 endfacet
 facet normal  0.000000e+00  0.000000e+00 -1.000000e+00
   outer loop
     vertex  1.980000e+03 -3.800000e+02 -4.020000e+03
     vertex  1.522500e+03 -3.800000e+02 -4.020000e+03
     vertex  1.522500e+03  0.000000e+00 -4.020000e+03
   endloop
 endfacet
 facet normal -0.000000e+00 -0.000000e+00 -1.000000e+00
   outer loop
     vertex  1.980000e+03  0.000000e+00 -4.020000e+03
     vertex  1.980000e+03 -3.800000e+02 -4.020000e+03
     vertex  1.522500e+03  0.000000e+00 -4.020000e+03
   endloop
 endfacet
 facet normal  0.000000e+00  0.000000e+00 -1.000000e+00
   outer loop
     vertex  1.600000e+02 -4.000000e+02 -4.090000e+03
     vertex  2.100000e+02 -3.800000e+02 -4.090000e+03
     vertex  2.100000e+02 -4.000000e+02 -4.090000e+03
   endloop
 endfacet
 facet normal  0.000000e+00  0.000000e+00 -1.000000e+00
   outer loop
     vertex  1.600000e+02 -4.000000e+02 -4.090000e+03
     vertex  1.600000e+02 -3.800000e+02 -4.090000e+03
     vertex  2.100000e+02 -3.800000e+02 -4.090000e+03
   endloop
 endfacet
 facet normal -1.000000e+00  0.000000e+00  0.000000e+00
   outer loop
     vertex  2.100000e+02 -4.000000e+02 -4.090000e+03
     vertex  2.100000e+02 -3.800000e+02 -4.210000e+03
     vertex  2.100000e+02 -4.000000e+02 -4.210000e+03
   endloop
 endfacet
 facet normal -1.000000e+00  0.000000e+00  0.000000e+00
   outer loop
     vertex  2.100000e+02 -4.000000e+02 -4.090000e+03
     vertex  2.100000e+02 -3.800000e+02 -4.090000e+03
     vertex  2.100000e+02 -3.800000e+02 -4.210000e+03
   endloop
 endfacet
 facet normal  0.000000e+00  0.000000e+00  1.000000e+00
   outer loop
     vertex  2.100000e+02 -3.800000e+02 -4.210000e+03
     vertex  1.600000e+02 -3.800000e+02 -4.210000e+03
     vertex  1.600000e+02 -4.000000e+02 -4.210000e+03
   endloop
 endfacet
 facet normal  0.000000e+00  0.000000e+00  1.000000e+00
   outer loop
     vertex  2.100000e+02 -3.800000e+02 -4.210000e+03
     vertex  1.600000e+02 -4.000000e+02 -4.210000e+03
     vertex  2.100000e+02 -4.000000e+02 -4.210000e+03
   endloop
 endfacet
 facet normal  1.000000e+00  0.000000e+00 -0.000000e+00
   outer loop
     vertex  1.600000e+02 -3.800000e+02 -4.210000e+03
     vertex  1.600000e+02 -3.800000e+02 -4.090000e+03
     vertex  1.600000e+02 -4.000000e+02 -4.090000e+03
   endloop
 endfacet
 facet normal  1.000000e+00  0.000000e+00  0.000000e+00
   outer loop
     vertex  1.600000e+02 -3.800000e+02 -4.210000e+03
     vertex  1.600000e+02 -4.000000e+02 -4.090000e+03
     vertex  1.600000e+02 -4.000000e+02 -4.210000e+03
   endloop
 endfacet
 facet normal  0.000000e+00  1.000000e+00  0.000000e+00
   outer loop
     vertex  6.000000e+01 -3.800000e+02 -4.280000e+03
     vertex  1.600000e+02 -3.800000e+02 -4.210000e+03
     vertex  2.100000e+02 -3.800000e+02 -4.210000e+03
   endloop
 endfacet
 facet normal  0.000000e+00  1.000000e+00  0.000000e+00
   outer loop
     vertex  6.000000e+01 -3.800000e+02 -4.280000e+03
     vertex  2.100000e+02 -3.800000e+02 -4.210000e+03
     vertex  4.775000e+02 -3.800000e+02 -4.280000e+03
   endloop
 endfacet
 facet normal -0.000000e+00  1.000000e+00  0.000000e+00
   outer loop
     vertex  2.100000e+02 -3.800000e+02 -4.090000e+03
     vertex  4.775000e+02 -3.800000e+02 -4.020000e+03
     vertex  4.775000e+02 -3.800000e+02 -4.280000e+03
   endloop
 endfacet
 facet normal  0.000000e+00  1.000000e+00  0.000000e+00
   outer loop
     vertex  2.100000e+02 -3.800000e+02 -4.090000e+03
     vertex  4.775000e+02 -3.800000e+02 -4.280000e+03
     vertex  2.100000e+02 -3.800000e+02 -4.210000e+03
   endloop
 endfacet
 facet normal  0.000000e+00  1.000000e+00  0.000000e+00
   outer loop
     vertex  6.000000e+01 -3.800000e+02 -4.020000e+03
     vertex  1.600000e+02 -3.800000e+02 -4.090000e+03
     vertex  1.600000e+02 -3.800000e+02 -4.210000e+03
   endloop
 endfacet
 facet normal  0.000000e+00  1.000000e+00  0.000000e+00
   outer loop
     vertex  6.000000e+01 -3.800000e+02 -4.020000e+03
     vertex  2.100000e+02 -3.800000e+02 -4.090000e+03
     vertex  1.600000e+02 -3.800000e+02 -4.090000e+03
   endloop
 endfacet
 facet normal  0.000000e+00  1.000000e+00  0.000000e+00
   outer loop
     vertex  6.000000e+01 -3.800000e+02 -4.020000e+03
     vertex  1.600000e+02 -3.800000e+02 -4.210000e+03
     vertex  6.000000e+01 -3.800000e+02 -4.280000e+03
   endloop
 endfacet
 facet normal -0.000000e+00  1.000000e+00  0.000000e+00
   outer loop
     vertex  6.000000e+01 -3.800000e+02 -4.020000e+03
     vertex  4.775000e+02 -3.800000e+02 -4.020000e+03
     vertex  2.100000e+02 -3.800000e+02 -4.090000e+03
   endloop
 endfacet
 facet normal -1.000000e+00  0.000000e+00  0.000000e+00
   outer loop
     vertex  4.775000e+02 -3.800000e+02 -4.020000e+03
     vertex  4.775000e+02  0.000000e+00 -4.020000e+03
     vertex  4.775000e+02  0.000000e+00 -4.280000e+03
   endloop
 endfacet
 facet normal -1.000000e+00  0.000000e+00  0.000000e+00
   outer loop
     vertex  4.775000e+02 -3.800000e+02 -4.020000e+03
     vertex  4.775000e+02  0.000000e+00 -4.280000e+03
     vertex  4.775000e+02 -3.800000e+02 -4.280000e+03
   endloop
 endfacet
 facet normal -0.000000e+00  0.000000e+00 -1.000000e+00
   outer loop
     vertex  4.775000e+02  0.000000e+00 -4.020000e+03
     vertex  6.000000e+01 -3.800000e+02 -4.020000e+03
     vertex  6.000000e+01  0.000000e+00 -4.020000e+03
   endloop
 endfacet
 facet normal  0.000000e+00 -0.000000e+00 -1.000000e+00
   outer loop
     vertex  4.775000e+02  0.000000e+00 -4.020000e+03
     vertex  4.775000e+02 -3.800000e+02 -4.020000e+03
     vertex  6.000000e+01 -3.800000e+02 -4.020000e+03
   endloop
 endfacet
 facet normal  1.000000e+00  0.000000e+00  0.000000e+00
   outer loop
     vertex  6.000000e+01 -3.800000e+02 -4.020000e+03
     vertex  6.000000e+01 -3.800000e+02 -4.280000e+03
     vertex  6.000000e+01  0.000000e+00 -4.280000e+03
   endloop
 endfacet
 facet normal  1.000000e+00 -0.000000e+00  0.000000e+00
   outer loop
     vertex  6.000000e+01 -3.800000e+02 -4.020000e+03
     vertex  6.000000e+01  0.000000e+00 -4.280000e+03
     vertex  6.000000e+01  0.000000e+00 -4.020000e+03
   endloop
 endfacet
 facet normal  0.000000e+00  0.000000e+00  1.000000e+00
   outer loop
     vertex  6.000000e+01 -3.800000e+02 -4.280000e+03
     vertex  4.775000e+02 -3.800000e+02 -4.280000e+03
     vertex  4.775000e+02  0.000000e+00 -4.280000e+03
   endloop
 endfacet
 facet normal  0.000000e+00  0.000000e+00  1.000000e+00
   outer loop
     vertex  6.000000e+01 -3.800000e+02 -4.280000e+03
     vertex  4.775000e+02  0.000000e+00 -4.280000e+03
     vertex  6.000000e+01  0.000000e+00 -4.280000e+03
   endloop
 endfacet
 facet normal  0.000000e+00  0.000000e+00 -1.000000e+00
   outer loop
     vertex  1.025000e+03 -4.000000e+02 -4.022500e+03
     vertex  9.350000e+02  0.000000e+00 -4.022500e+03
     vertex  1.025000e+03  0.000000e+00 -4.022500e+03
   endloop
 endfacet
 facet normal  0.000000e+00  0.000000e+00 -1.000000e+00
   outer loop
     vertex  1.025000e+03 -4.000000e+02 -4.022500e+03
     vertex  9.350000e+02 -4.000000e+02 -4.022500e+03
     vertex  9.350000e+02  0.000000e+00 -4.022500e+03
   endloop
 endfacet
 facet normal  1.000000e+00  0.000000e+00  0.000000e+00
   outer loop
     vertex  9.350000e+02  0.000000e+00 -4.022500e+03
     vertex  9.350000e+02 -4.000000e+02 -4.022500e+03
     vertex  9.350000e+02 -4.000000e+02 -4.057500e+03
   endloop
 endfacet
 facet normal  1.000000e+00  0.000000e+00  0.000000e+00
   outer loop
     vertex  9.350000e+02  0.000000e+00 -4.022500e+03
     vertex  9.350000e+02 -4.000000e+02 -4.057500e+03
     vertex  9.350000e+02  0.000000e+00 -4.057500e+03
   endloop
 endfacet
 facet normal  0.000000e+00  0.000000e+00  1.000000e+00
   outer loop
     vertex  9.350000e+02 -4.000000e+02 -4.057500e+03
     vertex  1.025000e+03 -4.000000e+02 -4.057500e+03
     vertex  1.025000e+03  0.000000e+00 -4.057500e+03
   endloop
 endfacet
 facet normal  0.000000e+00  0.000000e+00  1.000000e+00
   outer loop
     vertex  9.350000e+02 -4.000000e+02 -4.057500e+03
     vertex  1.025000e+03  0.000000e+00 -4.057500e+03
     vertex  9.350000e+02  0.000000e+00 -4.057500e+03
   endloop
 endfacet
 facet normal -1.000000e+00  0.000000e+00  0.000000e+00
   outer loop
     vertex  1.025000e+03  0.000000e+00 -4.057500e+03
     vertex  1.025000e+03 -4.000000e+02 -4.022500e+03
     vertex  1.025000e+03  0.000000e+00 -4.022500e+03
   endloop
 endfacet
 facet normal -1.000000e+00  0.000000e+00  0.000000e+00
   outer loop
     vertex  1.025000e+03  0.000000e+00 -4.057500e+03
     vertex  1.025000e+03 -4.000000e+02 -4.057500e+03
     vertex  1.025000e+03 -4.000000e+02 -4.022500e+03
   endloop
 endfacet
 facet normal  0.000000e+00  0.000000e+00  1.000000e+00
   outer loop
     vertex  6.210000e+03 -3.800000e+02 -2.170000e+03
     vertex  6.090000e+03 -3.800000e+02 -2.170000e+03
     vertex  6.090000e+03 -4.000000e+02 -2.170000e+03
   endloop
 endfacet
 facet normal  0.000000e+00  0.000000e+00  1.000000e+00
   outer loop
     vertex  6.210000e+03 -3.800000e+02 -2.170000e+03
     vertex  6.090000e+03 -4.000000e+02 -2.170000e+03
     vertex  6.210000e+03 -4.000000e+02 -2.170000e+03
   endloop
 endfacet
 facet normal  1.000000e+00  0.000000e+00 -0.000000e+00
   outer loop
     vertex  6.090000e+03 -3.800000e+02 -2.170000e+03
     vertex  6.090000e+03 -3.800000e+02 -2.120000e+03
     vertex  6.090000e+03 -4.000000e+02 -2.120000e+03
   endloop
 endfacet
 facet normal  1.000000e+00  0.000000e+00  0.000000e+00
   outer loop
     vertex  6.090000e+03 -3.800000e+02 -2.170000e+03
     vertex  6.090000e+03 -4.000000e+02 -2.120000e+03
     vertex  6.090000e+03 -4.000000e+02 -2.170000e+03
   endloop
 endfacet
 facet normal  0.000000e+00  0.000000e+00 -1.000000e+00
   outer loop
     vertex  6.090000e+03 -4.000000e+02 -2.120000e+03
     vertex  6.210000e+03 -3.800000e+02 -2.120000e+03
     vertex  6.210000e+03 -4.000000e+02 -2.120000e+03
   endloop
 endfacet
 facet normal  0.000000e+00  0.000000e+00 -1.000000e+00
   outer loop
     vertex  6.090000e+03 -4.000000e+02 -2.120000e+03
     vertex  6.090000e+03 -3.800000e+02 -2.120000e+03
     vertex  6.210000e+03 -3.800000e+02 -2.120000e+03
   endloop
 endfacet
 facet normal -1.000000e+00  0.000000e+00  0.000000e+00
   outer loop
     vertex  6.210000e+03 -4.000000e+02 -2.120000e+03
     vertex  6.210000e+03 -3.800000e+02 -2.170000e+03
     vertex  6.210000e+03 -4.000000e+02 -2.170000e+03
   endloop
 endfacet
 facet normal -1.000000e+00  0.000000e+00  0.000000e+00
   outer loop
     vertex  6.210000e+03 -4.000000e+02 -2.120000e+03
     vertex  6.210000e+03 -3.800000e+02 -2.120000e+03
     vertex  6.210000e+03 -3.800000e+02 -2.170000e+03
   endloop
 endfacet
 facet normal  0.000000e+00  1.000000e+00  0.000000e+00
   outer loop
     vertex  6.210000e+03 -3.800000e+02 -2.170000e+03
     vertex  6.210000e+03 -3.800000e+02 -2.120000e+03
     vertex  6.280000e+03 -3.800000e+02 -2.020000e+03
   endloop
 endfacet
 facet normal  0.000000e+00  1.000000e+00 -0.000000e+00
   outer loop
     vertex  6.090000e+03 -3.800000e+02 -2.120000e+03
     vertex  6.020000e+03 -3.800000e+02 -2.020000e+03
     vertex  6.280000e+03 -3.800000e+02 -2.020000e+03
   endloop
 endfacet
 facet normal  0.000000e+00  1.000000e+00  0.000000e+00
   outer loop
     vertex  6.090000e+03 -3.800000e+02 -2.120000e+03
     vertex  6.280000e+03 -3.800000e+02 -2.020000e+03
     vertex  6.210000e+03 -3.800000e+02 -2.120000e+03
   endloop
 endfacet
 facet normal  0.000000e+00  1.000000e+00 -0.000000e+00
   outer loop
     vertex  6.090000e+03 -3.800000e+02 -2.170000e+03
     vertex  6.020000e+03 -3.800000e+02 -2.020000e+03
     vertex  6.090000e+03 -3.800000e+02 -2.120000e+03
   endloop
 endfacet
 facet normal  0.000000e+00  1.000000e+00 -0.000000e+00
   outer loop
     vertex  6.280000e+03 -3.800000e+02 -2.477500e+03
     vertex  6.210000e+03 -3.800000e+02 -2.170000e+03
     vertex  6.280000e+03 -3.800000e+02 -2.020000e+03
   endloop
 endfacet
 facet normal  0.000000e+00  1.000000e+00  0.000000e+00
   outer loop
     vertex  6.020000e+03 -3.800000e+02 -2.477500e+03
     vertex  6.090000e+03 -3.800000e+02 -2.170000e+03
     vertex  6.210000e+03 -3.800000e+02 -2.170000e+03
   endloop
 endfacet
 facet normal  0.000000e+00  1.000000e+00  0.000000e+00
   outer loop
     vertex  6.020000e+03 -3.800000e+02 -2.477500e+03
     vertex  6.210000e+03 -3.800000e+02 -2.170000e+03
     vertex  6.280000e+03 -3.800000e+02 -2.477500e+03
   endloop
 endfacet
 facet normal  0.000000e+00  1.000000e+00  0.000000e+00
   outer loop
     vertex  6.020000e+03 -3.800000e+02 -2.477500e+03
     vertex  6.020000e+03 -3.800000e+02 -2.020000e+03
     vertex  6.090000e+03 -3.800000e+02 -2.170000e+03
   endloop
 endfacet
 facet normal  0.000000e+00  0.000000e+00  1.000000e+00
   outer loop
     vertex  6.280000e+03  0.000000e+00 -2.477500e+03
     vertex  6.020000e+03  0.000000e+00 -2.477500e+03
     vertex  6.020000e+03 -3.800000e+02 -2.477500e+03
   endloop
 endfacet
 facet normal  0.000000e+00  0.000000e+00  1.000000e+00
   outer loop
     vertex  6.280000e+03  0.000000e+00 -2.477500e+03
     vertex  6.020000e+03 -3.800000e+02 -2.477500e+03
     vertex  6.280000e+03 -3.800000e+02 -2.477500e+03
   endloop
 endfacet
 facet normal -1.000000e+00  0.000000e+00  0.000000e+00
   outer loop
     vertex  6.280000e+03 -3.800000e+02 -2.477500e+03
     vertex  6.280000e+03 -3.800000e+02 -2.020000e+03
     vertex  6.280000e+03  0.000000e+00 -2.020000e+03
   endloop
 endfacet
 facet normal -1.000000e+00  0.000000e+00  0.000000e+00
   outer loop
     vertex  6.280000e+03  0.000000e+00 -2.477500e+03
     vertex  6.280000e+03 -3.800000e+02 -2.477500e+03
     vertex  6.280000e+03  0.000000e+00 -2.020000e+03
   endloop
 endfacet
 facet normal -0.000000e+00  0.000000e+00 -1.000000e+00
   outer loop
     vertex  6.280000e+03  0.000000e+00 -2.020000e+03
     vertex  6.020000e+03 -3.800000e+02 -2.020000e+03
     vertex  6.020000e+03  0.000000e+00 -2.020000e+03
   endloop
 endfacet
 facet normal  0.000000e+00 -0.000000e+00 -1.000000e+00
   outer loop
     vertex  6.280000e+03  0.000000e+00 -2.020000e+03
     vertex  6.280000e+03 -3.800000e+02 -2.020000e+03
     vertex  6.020000e+03 -3.800000e+02 -2.020000e+03
   endloop
 endfacet
 facet normal  1.000000e+00  0.000000e+00  0.000000e+00
   outer loop
     vertex  6.020000e+03  0.000000e+00 -2.020000e+03
     vertex  6.020000e+03 -3.800000e+02 -2.477500e+03
     vertex  6.020000e+03  0.000000e+00 -2.477500e+03
   endloop
 endfacet
 facet normal  1.000000e+00 -0.000000e+00  0.000000e+00
   outer loop
     vertex  6.020000e+03 -3.800000e+02 -2.020000e+03
     vertex  6.020000e+03 -3.800000e+02 -2.477500e+03
     vertex  6.020000e+03  0.000000e+00 -2.020000e+03
   endloop
 endfacet
 facet normal  1.000000e+00  0.000000e+00 -0.000000e+00
   outer loop
     vertex  6.090000e+03 -3.800000e+02 -3.840000e+03
     vertex  6.090000e+03 -3.800000e+02 -3.790000e+03
     vertex  6.090000e+03 -4.000000e+02 -3.790000e+03
   endloop
 endfacet
 facet normal  1.000000e+00  0.000000e+00  0.000000e+00
   outer loop
     vertex  6.090000e+03 -3.800000e+02 -3.840000e+03
     vertex  6.090000e+03 -4.000000e+02 -3.790000e+03
     vertex  6.090000e+03 -4.000000e+02 -3.840000e+03
   endloop
 endfacet
 facet normal  0.000000e+00  0.000000e+00 -1.000000e+00
   outer loop
     vertex  6.090000e+03 -4.000000e+02 -3.790000e+03
     vertex  6.210000e+03 -3.800000e+02 -3.790000e+03
     vertex  6.210000e+03 -4.000000e+02 -3.790000e+03
   endloop
 endfacet
 facet normal  0.000000e+00  0.000000e+00 -1.000000e+00
   outer loop
     vertex  6.090000e+03 -4.000000e+02 -3.790000e+03
     vertex  6.090000e+03 -3.800000e+02 -3.790000e+03
     vertex  6.210000e+03 -3.800000e+02 -3.790000e+03
   endloop
 endfacet
 facet normal -1.000000e+00  0.000000e+00  0.000000e+00
   outer loop
     vertex  6.210000e+03 -4.000000e+02 -3.790000e+03
     vertex  6.210000e+03 -3.800000e+02 -3.840000e+03
     vertex  6.210000e+03 -4.000000e+02 -3.840000e+03
   endloop
 endfacet
 facet normal -1.000000e+00  0.000000e+00  0.000000e+00
   outer loop
     vertex  6.210000e+03 -4.000000e+02 -3.790000e+03
     vertex  6.210000e+03 -3.800000e+02 -3.790000e+03
     vertex  6.210000e+03 -3.800000e+02 -3.840000e+03
   endloop
 endfacet
 facet normal  0.000000e+00  0.000000e+00  1.000000e+00
   outer loop
     vertex  6.210000e+03 -3.800000e+02 -3.840000e+03
     vertex  6.090000e+03 -3.800000e+02 -3.840000e+03
     vertex  6.090000e+03 -4.000000e+02 -3.840000e+03
   endloop
 endfacet
 facet normal  0.000000e+00  0.000000e+00  1.000000e+00
   outer loop
     vertex  6.210000e+03 -3.800000e+02 -3.840000e+03
     vertex  6.090000e+03 -4.000000e+02 -3.840000e+03
     vertex  6.210000e+03 -4.000000e+02 -3.840000e+03
   endloop
 endfacet
 facet normal  0.000000e+00  1.000000e+00  0.000000e+00
   outer loop
     vertex  6.280000e+03 -3.800000e+02 -3.940000e+03
     vertex  6.210000e+03 -3.800000e+02 -3.840000e+03
     vertex  6.210000e+03 -3.800000e+02 -3.790000e+03
   endloop
 endfacet
 facet normal  0.000000e+00  1.000000e+00 -0.000000e+00
   outer loop
     vertex  6.280000e+03 -3.800000e+02 -3.940000e+03
     vertex  6.210000e+03 -3.800000e+02 -3.790000e+03
     vertex  6.280000e+03 -3.800000e+02 -3.522500e+03
   endloop
 endfacet
 facet normal  0.000000e+00  1.000000e+00 -0.000000e+00
   outer loop
     vertex  6.090000e+03 -3.800000e+02 -3.790000e+03
     vertex  6.020000e+03 -3.800000e+02 -3.522500e+03
     vertex  6.280000e+03 -3.800000e+02 -3.522500e+03
   endloop
 endfacet
 facet normal  0.000000e+00  1.000000e+00  0.000000e+00
   outer loop
     vertex  6.090000e+03 -3.800000e+02 -3.790000e+03
     vertex  6.280000e+03 -3.800000e+02 -3.522500e+03
     vertex  6.210000e+03 -3.800000e+02 -3.790000e+03
   endloop
 endfacet
 facet normal  0.000000e+00  1.000000e+00  0.000000e+00
   outer loop
     vertex  6.020000e+03 -3.800000e+02 -3.940000e+03
     vertex  6.090000e+03 -3.800000e+02 -3.840000e+03
     vertex  6.210000e+03 -3.800000e+02 -3.840000e+03
   endloop
 endfacet
 facet normal  0.000000e+00  1.000000e+00  0.000000e+00
   outer loop
     vertex  6.020000e+03 -3.800000e+02 -3.940000e+03
     vertex  6.090000e+03 -3.800000e+02 -3.790000e+03
     vertex  6.090000e+03 -3.800000e+02 -3.840000e+03
   endloop
 endfacet
 facet normal  0.000000e+00  1.000000e+00  0.000000e+00
   outer loop
     vertex  6.020000e+03 -3.800000e+02 -3.940000e+03
     vertex  6.210000e+03 -3.800000e+02 -3.840000e+03
     vertex  6.280000e+03 -3.800000e+02 -3.940000e+03
   endloop
 endfacet
 facet normal  0.000000e+00  1.000000e+00  0.000000e+00
   outer loop
     vertex  6.020000e+03 -3.800000e+02 -3.940000e+03
     vertex  6.020000e+03 -3.800000e+02 -3.522500e+03
     vertex  6.090000e+03 -3.800000e+02 -3.790000e+03
   endloop
 endfacet
 facet normal  0.000000e+00  0.000000e+00 -1.000000e+00
   outer loop
     vertex  6.020000e+03 -3.800000e+02 -3.522500e+03
     vertex  6.020000e+03  0.000000e+00 -3.522500e+03
     vertex  6.280000e+03  0.000000e+00 -3.522500e+03
   endloop
 endfacet
 facet normal  0.000000e+00  0.000000e+00 -1.000000e+00
   outer loop
     vertex  6.020000e+03 -3.800000e+02 -3.522500e+03
     vertex  6.280000e+03  0.000000e+00 -3.522500e+03
     vertex  6.280000e+03 -3.800000e+02 -3.522500e+03
   endloop
 endfacet
 facet normal  1.000000e+00  0.000000e+00  0.000000e+00
   outer loop
     vertex  6.020000e+03 -3.800000e+02 -3.522500e+03
     vertex  6.020000e+03 -3.800000e+02 -3.940000e+03
     vertex  6.020000e+03  0.000000e+00 -3.940000e+03
   endloop
 endfacet
 facet normal  1.000000e+00 -0.000000e+00  0.000000e+00
   outer loop
     vertex  6.020000e+03 -3.800000e+02 -3.522500e+03
     vertex  6.020000e+03  0.000000e+00 -3.940000e+03
     vertex  6.020000e+03  0.000000e+00 -3.522500e+03
   endloop
 endfacet
 facet normal  0.000000e+00  0.000000e+00  1.000000e+00
   outer loop
     vertex  6.020000e+03 -3.800000e+02 -3.940000e+03
     vertex  6.280000e+03 -3.800000e+02 -3.940000e+03
     vertex  6.280000e+03  0.000000e+00 -3.940000e+03
   endloop
 endfacet
 facet normal  0.000000e+00  0.000000e+00  1.000000e+00
   outer loop
     vertex  6.020000e+03 -3.800000e+02 -3.940000e+03
     vertex  6.280000e+03  0.000000e+00 -3.940000e+03
     vertex  6.020000e+03  0.000000e+00 -3.940000e+03
   endloop
 endfacet
 facet normal -1.000000e+00  0.000000e+00  0.000000e+00
   outer loop
     vertex  6.280000e+03  0.000000e+00 -3.940000e+03
     vertex  6.280000e+03 -3.800000e+02 -3.522500e+03
     vertex  6.280000e+03  0.000000e+00 -3.522500e+03
   endloop
 endfacet
 facet normal -1.000000e+00  0.000000e+00  0.000000e+00
   outer loop
     vertex  6.280000e+03  0.000000e+00 -3.940000e+03
     vertex  6.280000e+03 -3.800000e+02 -3.940000e+03
     vertex  6.280000e+03 -3.800000e+02 -3.522500e+03
   endloop
 endfacet
 facet normal  1.000000e+00  0.000000e+00  0.000000e+00
   outer loop
     vertex  6.022500e+03 -4.000000e+02 -3.065000e+03
     vertex  6.022500e+03  0.000000e+00 -2.975000e+03
     vertex  6.022500e+03 -4.000000e+02 -2.975000e+03
   endloop
 endfacet
 facet normal  1.000000e+00  0.000000e+00  0.000000e+00
   outer loop
     vertex  6.022500e+03 -4.000000e+02 -3.065000e+03
     vertex  6.022500e+03  0.000000e+00 -3.065000e+03
     vertex  6.022500e+03  0.000000e+00 -2.975000e+03
   endloop
 endfacet
 facet normal  0.000000e+00  0.000000e+00  1.000000e+00
   outer loop
     vertex  6.022500e+03  0.000000e+00 -3.065000e+03
     vertex  6.022500e+03 -4.000000e+02 -3.065000e+03
     vertex  6.057500e+03 -4.000000e+02 -3.065000e+03
   endloop
 endfacet
 facet normal -0.000000e+00  0.000000e+00  1.000000e+00
   outer loop
     vertex  6.022500e+03  0.000000e+00 -3.065000e+03
     vertex  6.057500e+03 -4.000000e+02 -3.065000e+03
     vertex  6.057500e+03  0.000000e+00 -3.065000e+03
   endloop
 endfacet
 facet normal -1.000000e+00  0.000000e+00  0.000000e+00
   outer loop
     vertex  6.057500e+03  0.000000e+00 -3.065000e+03
     vertex  6.057500e+03 -4.000000e+02 -2.975000e+03
     vertex  6.057500e+03  0.000000e+00 -2.975000e+03
   endloop
 endfacet
 facet normal -1.000000e+00  0.000000e+00  0.000000e+00
   outer loop
     vertex  6.057500e+03  0.000000e+00 -3.065000e+03
     vertex  6.057500e+03 -4.000000e+02 -3.065000e+03
     vertex  6.057500e+03 -4.000000e+02 -2.975000e+03
   endloop
 endfacet
 facet normal -0.000000e+00  0.000000e+00 -1.000000e+00
   outer loop
     vertex  6.057500e+03  0.000000e+00 -2.975000e+03
     vertex  6.022500e+03 -4.000000e+02 -2.975000e+03
     vertex  6.022500e+03  0.000000e+00 -2.975000e+03
   endloop
 endfacet
 facet normal  0.000000e+00 -0.000000e+00 -1.000000e+00
   outer loop
     vertex  6.057500e+03  0.000000e+00 -2.975000e+03
     vertex  6.057500e+03 -4.000000e+02 -2.975000e+03
     vertex  6.022500e+03 -4.000000e+02 -2.975000e+03
   endloop
 endfacet
 facet normal  0.000000e+00  0.000000e+00 -1.000000e+00
   outer loop
     vertex  6.090000e+03 -4.000000e+02 -4.200000e+03
     vertex  6.210000e+03 -3.800000e+02 -4.200000e+03
     vertex  6.210000e+03 -4.000000e+02 -4.200000e+03
   endloop
 endfacet
 facet normal  0.000000e+00  0.000000e+00 -1.000000e+00
   outer loop
     vertex  6.090000e+03 -4.000000e+02 -4.200000e+03
     vertex  6.090000e+03 -3.800000e+02 -4.200000e+03
     vertex  6.210000e+03 -3.800000e+02 -4.200000e+03
   endloop
 endfacet
 facet normal -1.000000e+00  0.000000e+00  0.000000e+00
   outer loop
     vertex  6.210000e+03 -4.000000e+02 -4.200000e+03
     vertex  6.210000e+03 -3.800000e+02 -4.250000e+03
     vertex  6.210000e+03 -4.000000e+02 -4.250000e+03
   endloop
 endfacet
 facet normal -1.000000e+00  0.000000e+00  0.000000e+00
   outer loop
     vertex  6.210000e+03 -4.000000e+02 -4.200000e+03
     vertex  6.210000e+03 -3.800000e+02 -4.200000e+03
     vertex  6.210000e+03 -3.800000e+02 -4.250000e+03
   endloop
 endfacet
 facet normal  0.000000e+00  0.000000e+00  1.000000e+00
   outer loop
     vertex  6.210000e+03 -3.800000e+02 -4.250000e+03
     vertex  6.090000e+03 -3.800000e+02 -4.250000e+03
     vertex  6.090000e+03 -4.000000e+02 -4.250000e+03
   endloop
 endfacet
 facet normal  0.000000e+00  0.000000e+00  1.000000e+00
   outer loop
     vertex  6.210000e+03 -3.800000e+02 -4.250000e+03
     vertex  6.090000e+03 -4.000000e+02 -4.250000e+03
     vertex  6.210000e+03 -4.000000e+02 -4.250000e+03
   endloop
 endfacet
 facet normal  1.000000e+00  0.000000e+00 -0.000000e+00
   outer loop
     vertex  6.090000e+03 -3.800000e+02 -4.250000e+03
     vertex  6.090000e+03 -3.800000e+02 -4.200000e+03
     vertex  6.090000e+03 -4.000000e+02 -4.200000e+03
   endloop
 endfacet
 facet normal  1.000000e+00  0.000000e+00  0.000000e+00
   outer loop
     vertex  6.090000e+03 -3.800000e+02 -4.250000e+03
     vertex  6.090000e+03 -4.000000e+02 -4.200000e+03
     vertex  6.090000e+03 -4.000000e+02 -4.250000e+03
   endloop
 endfacet
 facet normal  0.000000e+00  1.000000e+00  0.000000e+00
   outer loop
     vertex  6.210000e+03 -3.800000e+02 -4.100000e+03
     vertex  6.210000e+03 -3.800000e+02 -4.050000e+03
     vertex  6.280000e+03 -3.800000e+02 -4.020000e+03
   endloop
 endfacet
 facet normal -0.000000e+00  1.000000e+00  0.000000e+00
   outer loop
     vertex  6.060000e+03 -3.800000e+02 -4.020000e+03
     vertex  6.280000e+03 -3.800000e+02 -4.020000e+03
     vertex  6.210000e+03 -3.800000e+02 -4.050000e+03
   endloop
 endfacet
 facet normal  0.000000e+00  1.000000e+00 -0.000000e+00
   outer loop
     vertex  6.090000e+03 -3.800000e+02 -4.050000e+03
     vertex  6.060000e+03 -3.800000e+02 -4.020000e+03
     vertex  6.210000e+03 -3.800000e+02 -4.050000e+03
   endloop
 endfacet
 facet normal  0.000000e+00  1.000000e+00 -0.000000e+00
   outer loop
     vertex  6.280000e+03 -3.800000e+02 -4.280000e+03
     vertex  6.210000e+03 -3.800000e+02 -4.100000e+03
     vertex  6.280000e+03 -3.800000e+02 -4.020000e+03
   endloop
 endfacet
 facet normal  0.000000e+00  1.000000e+00  0.000000e+00
   outer loop
     vertex  6.280000e+03 -3.800000e+02 -4.280000e+03
     vertex  6.210000e+03 -3.800000e+02 -4.200000e+03
     vertex  6.210000e+03 -3.800000e+02 -4.100000e+03
   endloop
 endfacet
 facet normal  0.000000e+00  1.000000e+00 -0.000000e+00
   outer loop
     vertex  6.090000e+03 -3.800000e+02 -4.100000e+03
     vertex  6.060000e+03 -3.800000e+02 -4.020000e+03
     vertex  6.090000e+03 -3.800000e+02 -4.050000e+03
   endloop
 endfacet
 facet normal -0.000000e+00  1.000000e+00  0.000000e+00
   outer loop
     vertex  6.090000e+03 -3.800000e+02 -4.100000e+03
     vertex  6.210000e+03 -3.800000e+02 -4.100000e+03
     vertex  6.210000e+03 -3.800000e+02 -4.200000e+03
   endloop
 endfacet
 facet normal -0.000000e+00  1.000000e+00  0.000000e+00
   outer loop
     vertex  6.210000e+03 -3.800000e+02 -4.250000e+03
     vertex  6.210000e+03 -3.800000e+02 -4.200000e+03
     vertex  6.280000e+03 -3.800000e+02 -4.280000e+03
   endloop
 endfacet
 facet normal  0.000000e+00  1.000000e+00  0.000000e+00
   outer loop
     vertex  6.090000e+03 -3.800000e+02 -4.200000e+03
     vertex  6.090000e+03 -3.800000e+02 -4.100000e+03
     vertex  6.210000e+03 -3.800000e+02 -4.200000e+03
   endloop
 endfacet
 facet normal  0.000000e+00  1.000000e+00  0.000000e+00
   outer loop
     vertex  6.060000e+03 -3.800000e+02 -4.280000e+03
     vertex  6.090000e+03 -3.800000e+02 -4.200000e+03
     vertex  6.090000e+03 -3.800000e+02 -4.250000e+03
   endloop
 endfacet
 facet normal  0.000000e+00  1.000000e+00  0.000000e+00
   outer loop
     vertex  6.060000e+03 -3.800000e+02 -4.280000e+03
     vertex  6.090000e+03 -3.800000e+02 -4.250000e+03
     vertex  6.210000e+03 -3.800000e+02 -4.250000e+03
   endloop
 endfacet
 facet normal  0.000000e+00  1.000000e+00  0.000000e+00
   outer loop
     vertex  6.060000e+03 -3.800000e+02 -4.280000e+03
     vertex  6.210000e+03 -3.800000e+02 -4.250000e+03
     vertex  6.280000e+03 -3.800000e+02 -4.280000e+03
   endloop
 endfacet
 facet normal  0.000000e+00  1.000000e+00  0.000000e+00
   outer loop
     vertex  6.060000e+03 -3.800000e+02 -4.280000e+03
     vertex  6.060000e+03 -3.800000e+02 -4.020000e+03
     vertex  6.090000e+03 -3.800000e+02 -4.100000e+03
   endloop
 endfacet
 facet normal  0.000000e+00  1.000000e+00  0.000000e+00
   outer loop
     vertex  6.060000e+03 -3.800000e+02 -4.280000e+03
     vertex  6.090000e+03 -3.800000e+02 -4.100000e+03
     vertex  6.090000e+03 -3.800000e+02 -4.200000e+03
   endloop
 endfacet
 facet normal -0.000000e+00  0.000000e+00 -1.000000e+00
   outer loop
     vertex  6.280000e+03 -2.000000e+01 -4.020000e+03
     vertex  6.060000e+03 -3.800000e+02 -4.020000e+03
     vertex  6.060000e+03 -2.000000e+01 -4.020000e+03
   endloop
 endfacet
 facet normal  0.000000e+00 -0.000000e+00 -1.000000e+00
   outer loop
     vertex  6.280000e+03 -2.000000e+01 -4.020000e+03
     vertex  6.280000e+03 -3.800000e+02 -4.020000e+03
     vertex  6.060000e+03 -3.800000e+02 -4.020000e+03
   endloop
 endfacet
 facet normal  0.000000e+00 -1.000000e+00  0.000000e+00
   outer loop
     vertex  6.060000e+03 -2.000000e+01 -4.280000e+03
     vertex  6.280000e+03 -2.000000e+01 -4.020000e+03
     vertex  6.060000e+03 -2.000000e+01 -4.020000e+03
   endloop
 endfacet
 facet normal  0.000000e+00 -1.000000e+00  0.000000e+00
   outer loop
     vertex  6.060000e+03 -2.000000e+01 -4.280000e+03
     vertex  6.280000e+03 -2.000000e+01 -4.280000e+03
     vertex  6.280000e+03 -2.000000e+01 -4.020000e+03
   endloop
 endfacet
 facet normal -1.000000e+00  0.000000e+00  0.000000e+00
   outer loop
     vertex  6.280000e+03 -2.000000e+01 -4.280000e+03
     vertex  6.280000e+03 -3.800000e+02 -4.020000e+03
     vertex  6.280000e+03 -2.000000e+01 -4.020000e+03
   endloop
 endfacet
 facet normal -1.000000e+00  0.000000e+00  0.000000e+00
   outer loop
     vertex  6.280000e+03 -2.000000e+01 -4.280000e+03
     vertex  6.280000e+03 -3.800000e+02 -4.280000e+03
     vertex  6.280000e+03 -3.800000e+02 -4.020000e+03
   endloop
 endfacet
 facet normal  0.000000e+00  0.000000e+00  1.000000e+00
   outer loop
     vertex  6.060000e+03 -3.800000e+02 -4.280000e+03
     vertex  6.280000e+03 -3.800000e+02 -4.280000e+03
     vertex  6.280000e+03 -2.000000e+01 -4.280000e+03
   endloop
 endfacet
 facet normal  0.000000e+00  0.000000e+00  1.000000e+00
   outer loop
     vertex  6.060000e+03 -3.800000e+02 -4.280000e+03
     vertex  6.280000e+03 -2.000000e+01 -4.280000e+03
     vertex  6.060000e+03 -2.000000e+01 -4.280000e+03
   endloop
 endfacet
 facet normal  1.000000e+00  0.000000e+00  0.000000e+00
   outer loop
     vertex  6.060000e+03 -3.800000e+02 -4.020000e+03
     vertex  6.060000e+03 -3.800000e+02 -4.280000e+03
     vertex  6.060000e+03 -2.000000e+01 -4.280000e+03
   endloop
 endfacet
 facet normal  1.000000e+00 -0.000000e+00  0.000000e+00
   outer loop
     vertex  6.060000e+03 -3.800000e+02 -4.020000e+03
     vertex  6.060000e+03 -2.000000e+01 -4.280000e+03
     vertex  6.060000e+03 -2.000000e+01 -4.020000e+03
   endloop
 endfacet
 facet normal  0.000000e+00  0.000000e+00 -1.000000e+00
   outer loop
     vertex  6.090000e+03 -4.000000e+02 -4.050000e+03
     vertex  6.210000e+03 -3.800000e+02 -4.050000e+03
     vertex  6.210000e+03 -4.000000e+02 -4.050000e+03
   endloop
 endfacet
 facet normal  0.000000e+00  0.000000e+00 -1.000000e+00
   outer loop
     vertex  6.090000e+03 -4.000000e+02 -4.050000e+03
     vertex  6.090000e+03 -3.800000e+02 -4.050000e+03
     vertex  6.210000e+03 -3.800000e+02 -4.050000e+03
   endloop
 endfacet
 facet normal -1.000000e+00  0.000000e+00  0.000000e+00
   outer loop
     vertex  6.210000e+03 -4.000000e+02 -4.050000e+03
     vertex  6.210000e+03 -3.800000e+02 -4.100000e+03
     vertex  6.210000e+03 -4.000000e+02 -4.100000e+03
   endloop
 endfacet
 facet normal -1.000000e+00  0.000000e+00  0.000000e+00
   outer loop
     vertex  6.210000e+03 -4.000000e+02 -4.050000e+03
     vertex  6.210000e+03 -3.800000e+02 -4.050000e+03
     vertex  6.210000e+03 -3.800000e+02 -4.100000e+03
   endloop
 endfacet
 facet normal  0.000000e+00  0.000000e+00  1.000000e+00
   outer loop
     vertex  6.210000e+03 -3.800000e+02 -4.100000e+03
     vertex  6.090000e+03 -3.800000e+02 -4.100000e+03
     vertex  6.090000e+03 -4.000000e+02 -4.100000e+03
   endloop
 endfacet
 facet normal  0.000000e+00  0.000000e+00  1.000000e+00
   outer loop
     vertex  6.210000e+03 -3.800000e+02 -4.100000e+03
     vertex  6.090000e+03 -4.000000e+02 -4.100000e+03
     vertex  6.210000e+03 -4.000000e+02 -4.100000e+03
   endloop
 endfacet
 facet normal  1.000000e+00  0.000000e+00 -0.000000e+00
   outer loop
     vertex  6.090000e+03 -3.800000e+02 -4.100000e+03
     vertex  6.090000e+03 -3.800000e+02 -4.050000e+03
     vertex  6.090000e+03 -4.000000e+02 -4.050000e+03
   endloop
 endfacet
 facet normal  1.000000e+00  0.000000e+00  0.000000e+00
   outer loop
     vertex  6.090000e+03 -3.800000e+02 -4.100000e+03
     vertex  6.090000e+03 -4.000000e+02 -4.050000e+03
     vertex  6.090000e+03 -4.000000e+02 -4.100000e+03
   endloop
 endfacet
 facet normal  1.000000e+00  0.000000e+00 -0.000000e+00
   outer loop
     vertex  5.830000e+03 -3.800000e+02 -4.210000e+03
     vertex  5.830000e+03 -3.800000e+02 -4.090000e+03
     vertex  5.830000e+03 -4.000000e+02 -4.090000e+03
   endloop
 endfacet
 facet normal  1.000000e+00  0.000000e+00  0.000000e+00
   outer loop
     vertex  5.830000e+03 -3.800000e+02 -4.210000e+03
     vertex  5.830000e+03 -4.000000e+02 -4.090000e+03
     vertex  5.830000e+03 -4.000000e+02 -4.210000e+03
   endloop
 endfacet
 facet normal  0.000000e+00  0.000000e+00 -1.000000e+00
   outer loop
     vertex  5.830000e+03 -4.000000e+02 -4.090000e+03
     vertex  5.880000e+03 -3.800000e+02 -4.090000e+03
     vertex  5.880000e+03 -4.000000e+02 -4.090000e+03
   endloop
 endfacet
 facet normal  0.000000e+00  0.000000e+00 -1.000000e+00
   outer loop
     vertex  5.830000e+03 -4.000000e+02 -4.090000e+03
     vertex  5.830000e+03 -3.800000e+02 -4.090000e+03
     vertex  5.880000e+03 -3.800000e+02 -4.090000e+03
   endloop
 endfacet
 facet normal -1.000000e+00  0.000000e+00  0.000000e+00
   outer loop
     vertex  5.880000e+03 -4.000000e+02 -4.090000e+03
     vertex  5.880000e+03 -3.800000e+02 -4.210000e+03
     vertex  5.880000e+03 -4.000000e+02 -4.210000e+03
   endloop
 endfacet
 facet normal -1.000000e+00  0.000000e+00  0.000000e+00
   outer loop
     vertex  5.880000e+03 -4.000000e+02 -4.090000e+03
     vertex  5.880000e+03 -3.800000e+02 -4.090000e+03
     vertex  5.880000e+03 -3.800000e+02 -4.210000e+03
   endloop
 endfacet
 facet normal  0.000000e+00  0.000000e+00  1.000000e+00
   outer loop
     vertex  5.880000e+03 -3.800000e+02 -4.210000e+03
     vertex  5.830000e+03 -3.800000e+02 -4.210000e+03
     vertex  5.830000e+03 -4.000000e+02 -4.210000e+03
   endloop
 endfacet
 facet normal  0.000000e+00  0.000000e+00  1.000000e+00
   outer loop
     vertex  5.880000e+03 -3.800000e+02 -4.210000e+03
     vertex  5.830000e+03 -4.000000e+02 -4.210000e+03
     vertex  5.880000e+03 -4.000000e+02 -4.210000e+03
   endloop
 endfacet
 facet normal -0.000000e+00  1.000000e+00  0.000000e+00
   outer loop
     vertex  5.830000e+03 -3.800000e+02 -4.210000e+03
     vertex  5.880000e+03 -3.800000e+02 -4.210000e+03
     vertex  5.980000e+03 -3.800000e+02 -4.280000e+03
   endloop
 endfacet
 facet normal -0.000000e+00  1.000000e+00  0.000000e+00
   outer loop
     vertex  5.880000e+03 -3.800000e+02 -4.090000e+03
     vertex  5.980000e+03 -3.800000e+02 -4.020000e+03
     vertex  5.980000e+03 -3.800000e+02 -4.280000e+03
   endloop
 endfacet
 facet normal  0.000000e+00  1.000000e+00  0.000000e+00
   outer loop
     vertex  5.880000e+03 -3.800000e+02 -4.090000e+03
     vertex  5.980000e+03 -3.800000e+02 -4.280000e+03
     vertex  5.880000e+03 -3.800000e+02 -4.210000e+03
   endloop
 endfacet
 facet normal  0.000000e+00  1.000000e+00  0.000000e+00
   outer loop
     vertex  5.830000e+03 -3.800000e+02 -4.090000e+03
     vertex  5.980000e+03 -3.800000e+02 -4.020000e+03
     vertex  5.880000e+03 -3.800000e+02 -4.090000e+03
   endloop
 endfacet
 facet normal  0.000000e+00  1.000000e+00  0.000000e+00
   outer loop
     vertex  5.522500e+03 -3.800000e+02 -4.280000e+03
     vertex  5.830000e+03 -3.800000e+02 -4.210000e+03
     vertex  5.980000e+03 -3.800000e+02 -4.280000e+03
   endloop
 endfacet
 facet normal  0.000000e+00  1.000000e+00  0.000000e+00
   outer loop
     vertex  5.522500e+03 -3.800000e+02 -4.020000e+03
     vertex  5.830000e+03 -3.800000e+02 -4.090000e+03
     vertex  5.830000e+03 -3.800000e+02 -4.210000e+03
   endloop
 endfacet
 facet normal  0.000000e+00  1.000000e+00  0.000000e+00
   outer loop
     vertex  5.522500e+03 -3.800000e+02 -4.020000e+03
     vertex  5.830000e+03 -3.800000e+02 -4.210000e+03
     vertex  5.522500e+03 -3.800000e+02 -4.280000e+03
   endloop
 endfacet
 facet normal -0.000000e+00  1.000000e+00  0.000000e+00
   outer loop
     vertex  5.522500e+03 -3.800000e+02 -4.020000e+03
     vertex  5.980000e+03 -3.800000e+02 -4.020000e+03
     vertex  5.830000e+03 -3.800000e+02 -4.090000e+03
   endloop
 endfacet
 facet normal  1.000000e+00  0.000000e+00 -0.000000e+00
   outer loop
     vertex  5.522500e+03  0.000000e+00 -4.280000e+03
     vertex  5.522500e+03  0.000000e+00 -4.020000e+03
     vertex  5.522500e+03 -3.800000e+02 -4.020000e+03
   endloop
 endfacet
 facet normal  1.000000e+00  0.000000e+00  0.000000e+00
   outer loop
     vertex  5.522500e+03  0.000000e+00 -4.280000e+03
     vertex  5.522500e+03 -3.800000e+02 -4.020000e+03
     vertex  5.522500e+03 -3.800000e+02 -4.280000e+03
   endloop
 endfacet
 facet normal -0.000000e+00  0.000000e+00  1.000000e+00
   outer loop
     vertex  5.522500e+03  0.000000e+00 -4.280000e+03
     vertex  5.980000e+03 -3.800000e+02 -4.280000e+03
     vertex  5.980000e+03  0.000000e+00 -4.280000e+03
   endloop
 endfacet
 facet normal  0.000000e+00  0.000000e+00  1.000000e+00
   outer loop
     vertex  5.522500e+03 -3.800000e+02 -4.280000e+03
     vertex  5.980000e+03 -3.800000e+02 -4.280000e+03
     vertex  5.522500e+03  0.000000e+00 -4.280000e+03
   endloop
 endfacet
 facet normal -1.000000e+00  0.000000e+00  0.000000e+00
   outer loop
     vertex  5.980000e+03  0.000000e+00 -4.280000e+03
     vertex  5.980000e+03 -3.800000e+02 -4.020000e+03
     vertex  5.980000e+03  0.000000e+00 -4.020000e+03
   endloop
 endfacet
 facet normal -1.000000e+00  0.000000e+00  0.000000e+00
   outer loop
     vertex  5.980000e+03  0.000000e+00 -4.280000e+03
     vertex  5.980000e+03 -3.800000e+02 -4.280000e+03
     vertex  5.980000e+03 -3.800000e+02 -4.020000e+03
   endloop
 endfacet
 facet normal  0.000000e+00  0.000000e+00 -1.000000e+00
   outer loop
     vertex  5.980000e+03 -3.800000e+02 -4.020000e+03
     vertex  5.522500e+03 -3.800000e+02 -4.020000e+03
     vertex  5.522500e+03  0.000000e+00 -4.020000e+03
   endloop
 endfacet
 facet normal -0.000000e+00 -0.000000e+00 -1.000000e+00
   outer loop
     vertex  5.980000e+03  0.000000e+00 -4.020000e+03
     vertex  5.980000e+03 -3.800000e+02 -4.020000e+03
     vertex  5.522500e+03  0.000000e+00 -4.020000e+03
   endloop
 endfacet
 facet normal  0.000000e+00  0.000000e+00 -1.000000e+00
   outer loop
     vertex  4.160000e+03 -4.000000e+02 -4.090000e+03
     vertex  4.210000e+03 -3.800000e+02 -4.090000e+03
     vertex  4.210000e+03 -4.000000e+02 -4.090000e+03
   endloop
 endfacet
 facet normal  0.000000e+00  0.000000e+00 -1.000000e+00
   outer loop
     vertex  4.160000e+03 -4.000000e+02 -4.090000e+03
     vertex  4.160000e+03 -3.800000e+02 -4.090000e+03
     vertex  4.210000e+03 -3.800000e+02 -4.090000e+03
   endloop
 endfacet
 facet normal -1.000000e+00  0.000000e+00  0.000000e+00
   outer loop
     vertex  4.210000e+03 -4.000000e+02 -4.090000e+03
     vertex  4.210000e+03 -3.800000e+02 -4.210000e+03
     vertex  4.210000e+03 -4.000000e+02 -4.210000e+03
   endloop
 endfacet
 facet normal -1.000000e+00  0.000000e+00  0.000000e+00
   outer loop
     vertex  4.210000e+03 -4.000000e+02 -4.090000e+03
     vertex  4.210000e+03 -3.800000e+02 -4.090000e+03
     vertex  4.210000e+03 -3.800000e+02 -4.210000e+03
   endloop
 endfacet
 facet normal  0.000000e+00  0.000000e+00  1.000000e+00
   outer loop
     vertex  4.210000e+03 -3.800000e+02 -4.210000e+03
     vertex  4.160000e+03 -3.800000e+02 -4.210000e+03
     vertex  4.160000e+03 -4.000000e+02 -4.210000e+03
   endloop
 endfacet
 facet normal  0.000000e+00  0.000000e+00  1.000000e+00
   outer loop
     vertex  4.210000e+03 -3.800000e+02 -4.210000e+03
     vertex  4.160000e+03 -4.000000e+02 -4.210000e+03
     vertex  4.210000e+03 -4.000000e+02 -4.210000e+03
   endloop
 endfacet
 facet normal  1.000000e+00  0.000000e+00 -0.000000e+00
   outer loop
     vertex  4.160000e+03 -3.800000e+02 -4.210000e+03
     vertex  4.160000e+03 -3.800000e+02 -4.090000e+03
     vertex  4.160000e+03 -4.000000e+02 -4.090000e+03
   endloop
 endfacet
 facet normal  1.000000e+00  0.000000e+00  0.000000e+00
   outer loop
     vertex  4.160000e+03 -3.800000e+02 -4.210000e+03
     vertex  4.160000e+03 -4.000000e+02 -4.090000e+03
     vertex  4.160000e+03 -4.000000e+02 -4.210000e+03
   endloop
 endfacet
 facet normal  0.000000e+00  1.000000e+00  0.000000e+00
   outer loop
     vertex  4.060000e+03 -3.800000e+02 -4.280000e+03
     vertex  4.160000e+03 -3.800000e+02 -4.210000e+03
     vertex  4.210000e+03 -3.800000e+02 -4.210000e+03
   endloop
 endfacet
 facet normal  0.000000e+00  1.000000e+00  0.000000e+00
   outer loop
     vertex  4.060000e+03 -3.800000e+02 -4.280000e+03
     vertex  4.210000e+03 -3.800000e+02 -4.210000e+03
     vertex  4.477500e+03 -3.800000e+02 -4.280000e+03
   endloop
 endfacet
 facet normal -0.000000e+00  1.000000e+00  0.000000e+00
   outer loop
     vertex  4.210000e+03 -3.800000e+02 -4.090000e+03
     vertex  4.477500e+03 -3.800000e+02 -4.020000e+03
     vertex  4.477500e+03 -3.800000e+02 -4.280000e+03
   endloop
 endfacet
 facet normal  0.000000e+00  1.000000e+00  0.000000e+00
   outer loop
     vertex  4.210000e+03 -3.800000e+02 -4.090000e+03
     vertex  4.477500e+03 -3.800000e+02 -4.280000e+03
     vertex  4.210000e+03 -3.800000e+02 -4.210000e+03
   endloop
 endfacet
 facet normal  0.000000e+00  1.000000e+00  0.000000e+00
   outer loop
     vertex  4.060000e+03 -3.800000e+02 -4.020000e+03
     vertex  4.160000e+03 -3.800000e+02 -4.090000e+03
     vertex  4.160000e+03 -3.800000e+02 -4.210000e+03
   endloop
 endfacet
 facet normal  0.000000e+00  1.000000e+00  0.000000e+00
   outer loop
     vertex  4.060000e+03 -3.800000e+02 -4.020000e+03
     vertex  4.210000e+03 -3.800000e+02 -4.090000e+03
     vertex  4.160000e+03 -3.800000e+02 -4.090000e+03
   endloop
 endfacet
 facet normal  0.000000e+00  1.000000e+00  0.000000e+00
   outer loop
     vertex  4.060000e+03 -3.800000e+02 -4.020000e+03
     vertex  4.160000e+03 -3.800000e+02 -4.210000e+03
     vertex  4.060000e+03 -3.800000e+02 -4.280000e+03
   endloop
 endfacet
 facet normal -0.000000e+00  1.000000e+00  0.000000e+00
   outer loop
     vertex  4.060000e+03 -3.800000e+02 -4.020000e+03
     vertex  4.477500e+03 -3.800000e+02 -4.020000e+03
     vertex  4.210000e+03 -3.800000e+02 -4.090000e+03
   endloop
 endfacet
 facet normal -1.000000e+00  0.000000e+00  0.000000e+00
   outer loop
     vertex  4.477500e+03 -3.800000e+02 -4.020000e+03
     vertex  4.477500e+03  0.000000e+00 -4.020000e+03
     vertex  4.477500e+03  0.000000e+00 -4.280000e+03
   endloop
 endfacet
 facet normal -1.000000e+00  0.000000e+00  0.000000e+00
   outer loop
     vertex  4.477500e+03 -3.800000e+02 -4.020000e+03
     vertex  4.477500e+03  0.000000e+00 -4.280000e+03
     vertex  4.477500e+03 -3.800000e+02 -4.280000e+03
   endloop
 endfacet
 facet normal -0.000000e+00  0.000000e+00 -1.000000e+00
   outer loop
     vertex  4.477500e+03  0.000000e+00 -4.020000e+03
     vertex  4.060000e+03 -3.800000e+02 -4.020000e+03
     vertex  4.060000e+03  0.000000e+00 -4.020000e+03
   endloop
 endfacet
 facet normal  0.000000e+00 -0.000000e+00 -1.000000e+00
   outer loop
     vertex  4.477500e+03  0.000000e+00 -4.020000e+03
     vertex  4.477500e+03 -3.800000e+02 -4.020000e+03
     vertex  4.060000e+03 -3.800000e+02 -4.020000e+03
   endloop
 endfacet
 facet normal  1.000000e+00  0.000000e+00  0.000000e+00
   outer loop
     vertex  4.060000e+03 -3.800000e+02 -4.020000e+03
     vertex  4.060000e+03 -3.800000e+02 -4.280000e+03
     vertex  4.060000e+03  0.000000e+00 -4.280000e+03
   endloop
 endfacet
 facet normal  1.000000e+00 -0.000000e+00  0.000000e+00
   outer loop
     vertex  4.060000e+03 -3.800000e+02 -4.020000e+03
     vertex  4.060000e+03  0.000000e+00 -4.280000e+03
     vertex  4.060000e+03  0.000000e+00 -4.020000e+03
   endloop
 endfacet
 facet normal  0.000000e+00  0.000000e+00  1.000000e+00
   outer loop
     vertex  4.060000e+03 -3.800000e+02 -4.280000e+03
     vertex  4.477500e+03 -3.800000e+02 -4.280000e+03
     vertex  4.477500e+03  0.000000e+00 -4.280000e+03
   endloop
 endfacet
 facet normal  0.000000e+00  0.000000e+00  1.000000e+00
   outer loop
     vertex  4.060000e+03 -3.800000e+02 -4.280000e+03
     vertex  4.477500e+03  0.000000e+00 -4.280000e+03
     vertex  4.060000e+03  0.000000e+00 -4.280000e+03
   endloop
 endfacet
 facet normal  0.000000e+00  0.000000e+00 -1.000000e+00
   outer loop
     vertex  5.025000e+03 -4.000000e+02 -4.022500e+03
     vertex  4.935000e+03  0.000000e+00 -4.022500e+03
     vertex  5.025000e+03  0.000000e+00 -4.022500e+03
   endloop
 endfacet
 facet normal  0.000000e+00  0.000000e+00 -1.000000e+00
   outer loop
     vertex  5.025000e+03 -4.000000e+02 -4.022500e+03
     vertex  4.935000e+03 -4.000000e+02 -4.022500e+03
     vertex  4.935000e+03  0.000000e+00 -4.022500e+03
   endloop
 endfacet
 facet normal  1.000000e+00  0.000000e+00  0.000000e+00
   outer loop
     vertex  4.935000e+03  0.000000e+00 -4.022500e+03
     vertex  4.935000e+03 -4.000000e+02 -4.022500e+03
     vertex  4.935000e+03 -4.000000e+02 -4.057500e+03
   endloop
 endfacet
 facet normal  1.000000e+00  0.000000e+00  0.000000e+00
   outer loop
     vertex  4.935000e+03  0.000000e+00 -4.022500e+03
     vertex  4.935000e+03 -4.000000e+02 -4.057500e+03
     vertex  4.935000e+03  0.000000e+00 -4.057500e+03
   endloop
 endfacet
 facet normal  0.000000e+00  0.000000e+00  1.000000e+00
   outer loop
     vertex  4.935000e+03 -4.000000e+02 -4.057500e+03
     vertex  5.025000e+03 -4.000000e+02 -4.057500e+03
     vertex  5.025000e+03  0.000000e+00 -4.057500e+03
   endloop
 endfacet
 facet normal  0.000000e+00  0.000000e+00  1.000000e+00
   outer loop
     vertex  4.935000e+03 -4.000000e+02 -4.057500e+03
     vertex  5.025000e+03  0.000000e+00 -4.057500e+03
     vertex  4.935000e+03  0.000000e+00 -4.057500e+03
   endloop
 endfacet
 facet normal -1.000000e+00  0.000000e+00  0.000000e+00
   outer loop
     vertex  5.025000e+03  0.000000e+00 -4.057500e+03
     vertex  5.025000e+03 -4.000000e+02 -4.022500e+03
     vertex  5.025000e+03  0.000000e+00 -4.022500e+03
   endloop
 endfacet
 facet normal -1.000000e+00  0.000000e+00  0.000000e+00
   outer loop
     vertex  5.025000e+03  0.000000e+00 -4.057500e+03
     vertex  5.025000e+03 -4.000000e+02 -4.057500e+03
     vertex  5.025000e+03 -4.000000e+02 -4.022500e+03
   endloop
 endfacet
 facet normal  0.000000e+00  0.000000e+00 -1.000000e+00
   outer loop
     vertex  3.025000e+03 -4.000000e+02 -4.022500e+03
     vertex  2.935000e+03  0.000000e+00 -4.022500e+03
     vertex  3.025000e+03  0.000000e+00 -4.022500e+03
   endloop
 endfacet
 facet normal  0.000000e+00  0.000000e+00 -1.000000e+00
   outer loop
     vertex  3.025000e+03 -4.000000e+02 -4.022500e+03
     vertex  2.935000e+03 -4.000000e+02 -4.022500e+03
     vertex  2.935000e+03  0.000000e+00 -4.022500e+03
   endloop
 endfacet
 facet normal  1.000000e+00  0.000000e+00  0.000000e+00
   outer loop
     vertex  2.935000e+03  0.000000e+00 -4.022500e+03
     vertex  2.935000e+03 -4.000000e+02 -4.022500e+03
     vertex  2.935000e+03 -4.000000e+02 -4.057500e+03
   endloop
 endfacet
 facet normal  1.000000e+00  0.000000e+00  0.000000e+00
   outer loop
     vertex  2.935000e+03  0.000000e+00 -4.022500e+03
     vertex  2.935000e+03 -4.000000e+02 -4.057500e+03
     vertex  2.935000e+03  0.000000e+00 -4.057500e+03
   endloop
 endfacet
 facet normal  0.000000e+00  0.000000e+00  1.000000e+00
   outer loop
     vertex  2.935000e+03 -4.000000e+02 -4.057500e+03
     vertex  3.025000e+03 -4.000000e+02 -4.057500e+03
     vertex  3.025000e+03  0.000000e+00 -4.057500e+03
   endloop
 endfacet
 facet normal  0.000000e+00  0.000000e+00  1.000000e+00
   outer loop
     vertex  2.935000e+03 -4.000000e+02 -4.057500e+03
     vertex  3.025000e+03  0.000000e+00 -4.057500e+03
     vertex  2.935000e+03  0.000000e+00 -4.057500e+03
   endloop
 endfacet
 facet normal -1.000000e+00  0.000000e+00  0.000000e+00
   outer loop
     vertex  3.025000e+03  0.000000e+00 -4.057500e+03
     vertex  3.025000e+03 -4.000000e+02 -4.022500e+03
     vertex  3.025000e+03  0.000000e+00 -4.022500e+03
   endloop
 endfacet
 facet normal -1.000000e+00  0.000000e+00  0.000000e+00
   outer loop
     vertex  3.025000e+03  0.000000e+00 -4.057500e+03
     vertex  3.025000e+03 -4.000000e+02 -4.057500e+03
     vertex  3.025000e+03 -4.000000e+02 -4.022500e+03
   endloop
 endfacet
 facet normal  0.000000e+00  0.000000e+00 -1.000000e+00
   outer loop
     vertex  2.160000e+03 -4.000000e+02 -4.090000e+03
     vertex  2.210000e+03 -3.800000e+02 -4.090000e+03
     vertex  2.210000e+03 -4.000000e+02 -4.090000e+03
   endloop
 endfacet
 facet normal  0.000000e+00  0.000000e+00 -1.000000e+00
   outer loop
     vertex  2.160000e+03 -4.000000e+02 -4.090000e+03
     vertex  2.160000e+03 -3.800000e+02 -4.090000e+03
     vertex  2.210000e+03 -3.800000e+02 -4.090000e+03
   endloop
 endfacet
 facet normal -1.000000e+00  0.000000e+00  0.000000e+00
   outer loop
     vertex  2.210000e+03 -4.000000e+02 -4.090000e+03
     vertex  2.210000e+03 -3.800000e+02 -4.210000e+03
     vertex  2.210000e+03 -4.000000e+02 -4.210000e+03
   endloop
 endfacet
 facet normal -1.000000e+00  0.000000e+00  0.000000e+00
   outer loop
     vertex  2.210000e+03 -4.000000e+02 -4.090000e+03
     vertex  2.210000e+03 -3.800000e+02 -4.090000e+03
     vertex  2.210000e+03 -3.800000e+02 -4.210000e+03
   endloop
 endfacet
 facet normal  0.000000e+00  0.000000e+00  1.000000e+00
   outer loop
     vertex  2.210000e+03 -3.800000e+02 -4.210000e+03
     vertex  2.160000e+03 -3.800000e+02 -4.210000e+03
     vertex  2.160000e+03 -4.000000e+02 -4.210000e+03
   endloop
 endfacet
 facet normal  0.000000e+00  0.000000e+00  1.000000e+00
   outer loop
     vertex  2.210000e+03 -3.800000e+02 -4.210000e+03
     vertex  2.160000e+03 -4.000000e+02 -4.210000e+03
     vertex  2.210000e+03 -4.000000e+02 -4.210000e+03
   endloop
 endfacet
 facet normal  1.000000e+00  0.000000e+00 -0.000000e+00
   outer loop
     vertex  2.160000e+03 -3.800000e+02 -4.210000e+03
     vertex  2.160000e+03 -3.800000e+02 -4.090000e+03
     vertex  2.160000e+03 -4.000000e+02 -4.090000e+03
   endloop
 endfacet
 facet normal  1.000000e+00  0.000000e+00  0.000000e+00
   outer loop
     vertex  2.160000e+03 -3.800000e+02 -4.210000e+03
     vertex  2.160000e+03 -4.000000e+02 -4.090000e+03
     vertex  2.160000e+03 -4.000000e+02 -4.210000e+03
   endloop
 endfacet
 facet normal  0.000000e+00  1.000000e+00  0.000000e+00
   outer loop
     vertex  2.060000e+03 -3.800000e+02 -4.280000e+03
     vertex  2.160000e+03 -3.800000e+02 -4.210000e+03
     vertex  2.210000e+03 -3.800000e+02 -4.210000e+03
   endloop
 endfacet
 facet normal  0.000000e+00  1.000000e+00  0.000000e+00
   outer loop
     vertex  2.060000e+03 -3.800000e+02 -4.280000e+03
     vertex  2.210000e+03 -3.800000e+02 -4.210000e+03
     vertex  2.477500e+03 -3.800000e+02 -4.280000e+03
   endloop
 endfacet
 facet normal -0.000000e+00  1.000000e+00  0.000000e+00
   outer loop
     vertex  2.210000e+03 -3.800000e+02 -4.090000e+03
     vertex  2.477500e+03 -3.800000e+02 -4.020000e+03
     vertex  2.477500e+03 -3.800000e+02 -4.280000e+03
   endloop
 endfacet
 facet normal  0.000000e+00  1.000000e+00  0.000000e+00
   outer loop
     vertex  2.210000e+03 -3.800000e+02 -4.090000e+03
     vertex  2.477500e+03 -3.800000e+02 -4.280000e+03
     vertex  2.210000e+03 -3.800000e+02 -4.210000e+03
   endloop
 endfacet
 facet normal  0.000000e+00  1.000000e+00  0.000000e+00
   outer loop
     vertex  2.060000e+03 -3.800000e+02 -4.020000e+03
     vertex  2.160000e+03 -3.800000e+02 -4.090000e+03
     vertex  2.160000e+03 -3.800000e+02 -4.210000e+03
   endloop
 endfacet
 facet normal  0.000000e+00  1.000000e+00  0.000000e+00
   outer loop
     vertex  2.060000e+03 -3.800000e+02 -4.020000e+03
     vertex  2.210000e+03 -3.800000e+02 -4.090000e+03
     vertex  2.160000e+03 -3.800000e+02 -4.090000e+03
   endloop
 endfacet
 facet normal  0.000000e+00  1.000000e+00  0.000000e+00
   outer loop
     vertex  2.060000e+03 -3.800000e+02 -4.020000e+03
     vertex  2.160000e+03 -3.800000e+02 -4.210000e+03
     vertex  2.060000e+03 -3.800000e+02 -4.280000e+03
   endloop
 endfacet
 facet normal -0.000000e+00  1.000000e+00  0.000000e+00
   outer loop
     vertex  2.060000e+03 -3.800000e+02 -4.020000e+03
     vertex  2.477500e+03 -3.800000e+02 -4.020000e+03
     vertex  2.210000e+03 -3.800000e+02 -4.090000e+03
   endloop
 endfacet
 facet normal -1.000000e+00  0.000000e+00  0.000000e+00
   outer loop
     vertex  2.477500e+03 -3.800000e+02 -4.020000e+03
     vertex  2.477500e+03  0.000000e+00 -4.020000e+03
     vertex  2.477500e+03  0.000000e+00 -4.280000e+03
   endloop
 endfacet
 facet normal -1.000000e+00  0.000000e+00  0.000000e+00
   outer loop
     vertex  2.477500e+03 -3.800000e+02 -4.020000e+03
     vertex  2.477500e+03  0.000000e+00 -4.280000e+03
     vertex  2.477500e+03 -3.800000e+02 -4.280000e+03
   endloop
 endfacet
 facet normal -0.000000e+00  0.000000e+00 -1.000000e+00
   outer loop
     vertex  2.477500e+03  0.000000e+00 -4.020000e+03
     vertex  2.060000e+03 -3.800000e+02 -4.020000e+03
     vertex  2.060000e+03  0.000000e+00 -4.020000e+03
   endloop
 endfacet
 facet normal  0.000000e+00 -0.000000e+00 -1.000000e+00
   outer loop
     vertex  2.477500e+03  0.000000e+00 -4.020000e+03
     vertex  2.477500e+03 -3.800000e+02 -4.020000e+03
     vertex  2.060000e+03 -3.800000e+02 -4.020000e+03
   endloop
 endfacet
 facet normal  1.000000e+00  0.000000e+00  0.000000e+00
   outer loop
     vertex  2.060000e+03 -3.800000e+02 -4.020000e+03
     vertex  2.060000e+03 -3.800000e+02 -4.280000e+03
     vertex  2.060000e+03  0.000000e+00 -4.280000e+03
   endloop
 endfacet
 facet normal  1.000000e+00 -0.000000e+00  0.000000e+00
   outer loop
     vertex  2.060000e+03 -3.800000e+02 -4.020000e+03
     vertex  2.060000e+03  0.000000e+00 -4.280000e+03
     vertex  2.060000e+03  0.000000e+00 -4.020000e+03
   endloop
 endfacet
 facet normal  0.000000e+00  0.000000e+00  1.000000e+00
   outer loop
     vertex  2.060000e+03 -3.800000e+02 -4.280000e+03
     vertex  2.477500e+03 -3.800000e+02 -4.280000e+03
     vertex  2.477500e+03  0.000000e+00 -4.280000e+03
   endloop
 endfacet
 facet normal  0.000000e+00  0.000000e+00  1.000000e+00
   outer loop
     vertex  2.060000e+03 -3.800000e+02 -4.280000e+03
     vertex  2.477500e+03  0.000000e+00 -4.280000e+03
     vertex  2.060000e+03  0.000000e+00 -4.280000e+03
   endloop
 endfacet
 facet normal  0.000000e+00  0.000000e+00  1.000000e+00
   outer loop
     vertex  3.880000e+03 -3.800000e+02 -4.210000e+03
     vertex  3.830000e+03 -3.800000e+02 -4.210000e+03
     vertex  3.830000e+03 -4.000000e+02 -4.210000e+03
   endloop
 endfacet
 facet normal  0.000000e+00  0.000000e+00  1.000000e+00
   outer loop
     vertex  3.880000e+03 -3.800000e+02 -4.210000e+03
     vertex  3.830000e+03 -4.000000e+02 -4.210000e+03
     vertex  3.880000e+03 -4.000000e+02 -4.210000e+03
   endloop
 endfacet
 facet normal -1.000000e+00  0.000000e+00  0.000000e+00
   outer loop
     vertex  3.880000e+03 -4.000000e+02 -4.090000e+03
     vertex  3.880000e+03 -3.800000e+02 -4.210000e+03
     vertex  3.880000e+03 -4.000000e+02 -4.210000e+03
   endloop
 endfacet
 facet normal -1.000000e+00  0.000000e+00  0.000000e+00
   outer loop
     vertex  3.880000e+03 -4.000000e+02 -4.090000e+03
     vertex  3.880000e+03 -3.800000e+02 -4.090000e+03
     vertex  3.880000e+03 -3.800000e+02 -4.210000e+03
   endloop
 endfacet
 facet normal  0.000000e+00  0.000000e+00 -1.000000e+00
   outer loop
     vertex  3.830000e+03 -4.000000e+02 -4.090000e+03
     vertex  3.880000e+03 -3.800000e+02 -4.090000e+03
     vertex  3.880000e+03 -4.000000e+02 -4.090000e+03
   endloop
 endfacet
 facet normal  0.000000e+00  0.000000e+00 -1.000000e+00
   outer loop
     vertex  3.830000e+03 -4.000000e+02 -4.090000e+03
     vertex  3.830000e+03 -3.800000e+02 -4.090000e+03
     vertex  3.880000e+03 -3.800000e+02 -4.090000e+03
   endloop
 endfacet
 facet normal  0.000000e+00  0.000000e+00  1.000000e+00
   outer loop
     vertex  6.300000e+03  1.000000e+02  4.300000e+03
     vertex -6.300000e+03 -4.000000e+02  4.300000e+03
     vertex  6.300000e+03 -4.000000e+02  4.300000e+03
   endloop
 endfacet
 facet normal  0.000000e+00  0.000000e+00  1.000000e+00
   outer loop
     vertex  6.300000e+03  1.000000e+02  4.300000e+03
     vertex -6.300000e+03  1.000000e+02  4.300000e+03
     vertex -6.300000e+03 -4.000000e+02  4.300000e+03
   endloop
 endfacet
 facet normal -1.000000e+00  0.000000e+00 -0.000000e+00
   outer loop
     vertex -6.300000e+03  1.000000e+02  4.300000e+03
     vertex -6.300000e+03  1.000000e+02 -4.300000e+03
     vertex -6.300000e+03 -4.000000e+02 -4.300000e+03
   endloop
 endfacet
 facet normal -1.000000e+00 -0.000000e+00  0.000000e+00
   outer loop
     vertex -6.300000e+03  1.000000e+02  4.300000e+03
     vertex -6.300000e+03 -4.000000e+02 -4.300000e+03
     vertex -6.300000e+03 -4.000000e+02  4.300000e+03
   endloop
 endfacet
 facet normal  0.000000e+00  0.000000e+00 -1.000000e+00
   outer loop
     vertex -6.300000e+03 -4.000000e+02 -4.300000e+03
     vertex  6.300000e+03  1.000000e+02 -4.300000e+03
     vertex  6.300000e+03 -4.000000e+02 -4.300000e+03
   endloop
 endfacet
 facet normal  0.000000e+00  0.000000e+00 -1.000000e+00
   outer loop
     vertex -6.300000e+03 -4.000000e+02 -4.300000e+03
     vertex -6.300000e+03  1.000000e+02 -4.300000e+03
     vertex  6.300000e+03  1.000000e+02 -4.300000e+03
   endloop
 endfacet
 facet normal  1.000000e+00  0.000000e+00  0.000000e+00
   outer loop
     vertex  6.300000e+03  1.000000e+02  4.300000e+03
     vertex  6.300000e+03 -4.000000e+02  4.300000e+03
     vertex  6.300000e+03 -4.000000e+02 -4.300000e+03
   endloop
 endfacet
 facet normal  1.000000e+00  0.000000e+00  0.000000e+00
   outer loop
     vertex  6.300000e+03  1.000000e+02  4.300000e+03
     vertex  6.300000e+03 -4.000000e+02 -4.300000e+03
     vertex  6.300000e+03  1.000000e+02 -4.300000e+03
   endloop
 endfacet
 facet normal -0.000000e+00  1.000000e+00  0.000000e+00
   outer loop
     vertex -6.300000e+03  1.000000e+02  4.300000e+03
     vertex  6.300000e+03  1.000000e+02  4.300000e+03
     vertex  6.300000e+03  1.000000e+02 -4.300000e+03
   endloop
 endfacet
 facet normal  0.000000e+00  1.000000e+00  0.000000e+00
   outer loop
     vertex -6.300000e+03  1.000000e+02  4.300000e+03
     vertex  6.300000e+03  1.000000e+02 -4.300000e+03
     vertex -6.300000e+03  1.000000e+02 -4.300000e+03
   endloop
 endfacet
 facet normal  0.000000e+00 -1.000000e+00  0.000000e+00
   outer loop
     vertex  2.497500e+03  0.000000e+00 -4.020000e+03
     vertex  2.915000e+03  0.000000e+00 -4.280000e+03
     vertex  2.915000e+03  0.000000e+00 -4.020000e+03
   endloop
 endfacet
 facet normal  0.000000e+00 -1.000000e+00  0.000000e+00
   outer loop
     vertex  2.497500e+03  0.000000e+00 -4.020000e+03
     vertex  2.497500e+03  0.000000e+00 -4.280000e+03
     vertex  2.915000e+03  0.000000e+00 -4.280000e+03
   endloop
 endfacet
 facet normal  0.000000e+00  0.000000e+00  1.000000e+00
   outer loop
     vertex  2.497500e+03 -3.800000e+02 -4.280000e+03
     vertex  2.915000e+03  0.000000e+00 -4.280000e+03
     vertex  2.497500e+03  0.000000e+00 -4.280000e+03
   endloop
 endfacet
 facet normal  0.000000e+00  0.000000e+00  1.000000e+00
   outer loop
     vertex  2.497500e+03 -3.800000e+02 -4.280000e+03
     vertex  2.915000e+03 -3.800000e+02 -4.280000e+03
     vertex  2.915000e+03  0.000000e+00 -4.280000e+03
   endloop
 endfacet
 facet normal  1.000000e+00  0.000000e+00 -0.000000e+00
   outer loop
     vertex  2.497500e+03  0.000000e+00 -4.280000e+03
     vertex  2.497500e+03  0.000000e+00 -4.020000e+03
     vertex  2.497500e+03 -3.800000e+02 -4.020000e+03
   endloop
 endfacet
 facet normal  1.000000e+00  0.000000e+00  0.000000e+00
   outer loop
     vertex  2.497500e+03  0.000000e+00 -4.280000e+03
     vertex  2.497500e+03 -3.800000e+02 -4.020000e+03
     vertex  2.497500e+03 -3.800000e+02 -4.280000e+03
   endloop
 endfacet
 facet normal -0.000000e+00  0.000000e+00 -1.000000e+00
   outer loop
     vertex  2.915000e+03  0.000000e+00 -4.020000e+03
     vertex  2.497500e+03 -3.800000e+02 -4.020000e+03
     vertex  2.497500e+03  0.000000e+00 -4.020000e+03
   endloop
 endfacet
 facet normal  0.000000e+00 -0.000000e+00 -1.000000e+00
   outer loop
     vertex  2.915000e+03  0.000000e+00 -4.020000e+03
     vertex  2.915000e+03 -3.800000e+02 -4.020000e+03
     vertex  2.497500e+03 -3.800000e+02 -4.020000e+03
   endloop
 endfacet
 facet normal -1.000000e+00  0.000000e+00  0.000000e+00
   outer loop
     vertex  2.915000e+03  0.000000e+00 -4.280000e+03
     vertex  2.915000e+03 -3.800000e+02 -4.020000e+03
     vertex  2.915000e+03  0.000000e+00 -4.020000e+03
   endloop
 endfacet
 facet normal -1.000000e+00  0.000000e+00  0.000000e+00
   outer loop
     vertex  2.915000e+03  0.000000e+00 -4.280000e+03
     vertex  2.915000e+03 -3.800000e+02 -4.280000e+03
     vertex  2.915000e+03 -3.800000e+02 -4.020000e+03
   endloop
 endfacet
 facet normal -0.000000e+00  1.000000e+00  0.000000e+00
   outer loop
     vertex  2.497500e+03 -3.800000e+02 -4.020000e+03
     vertex  2.915000e+03 -3.800000e+02 -4.020000e+03
     vertex  2.915000e+03 -3.800000e+02 -4.280000e+03
   endloop
 endfacet
 facet normal  0.000000e+00  1.000000e+00  0.000000e+00
   outer loop
     vertex  2.497500e+03 -3.800000e+02 -4.020000e+03
     vertex  2.915000e+03 -3.800000e+02 -4.280000e+03
     vertex  2.497500e+03 -3.800000e+02 -4.280000e+03
   endloop
 endfacet
 facet normal  0.000000e+00 -1.000000e+00  0.000000e+00
   outer loop
     vertex  3.045000e+03  0.000000e+00 -4.020000e+03
     vertex  3.502500e+03  0.000000e+00 -4.280000e+03
     vertex  3.502500e+03  0.000000e+00 -4.020000e+03
   endloop
 endfacet
 facet normal  0.000000e+00 -1.000000e+00  0.000000e+00
   outer loop
     vertex  3.045000e+03  0.000000e+00 -4.020000e+03
     vertex  3.045000e+03  0.000000e+00 -4.280000e+03
     vertex  3.502500e+03  0.000000e+00 -4.280000e+03
   endloop
 endfacet
 facet normal -0.000000e+00  0.000000e+00  1.000000e+00
   outer loop
     vertex  3.045000e+03  0.000000e+00 -4.280000e+03
     vertex  3.502500e+03 -3.800000e+02 -4.280000e+03
     vertex  3.502500e+03  0.000000e+00 -4.280000e+03
   endloop
 endfacet
 facet normal  0.000000e+00  0.000000e+00  1.000000e+00
   outer loop
     vertex  3.045000e+03 -3.800000e+02 -4.280000e+03
     vertex  3.502500e+03 -3.800000e+02 -4.280000e+03
     vertex  3.045000e+03  0.000000e+00 -4.280000e+03
   endloop
 endfacet
 facet normal  1.000000e+00 -0.000000e+00  0.000000e+00
   outer loop
     vertex  3.045000e+03 -3.800000e+02 -4.020000e+03
     vertex  3.045000e+03  0.000000e+00 -4.280000e+03
     vertex  3.045000e+03  0.000000e+00 -4.020000e+03
   endloop
 endfacet
 facet normal  1.000000e+00  0.000000e+00  0.000000e+00
   outer loop
     vertex  3.045000e+03 -3.800000e+02 -4.020000e+03
     vertex  3.045000e+03 -3.800000e+02 -4.280000e+03
     vertex  3.045000e+03  0.000000e+00 -4.280000e+03
   endloop
 endfacet
 facet normal  0.000000e+00  0.000000e+00 -1.000000e+00
   outer loop
     vertex  3.502500e+03 -3.800000e+02 -4.020000e+03
     vertex  3.045000e+03 -3.800000e+02 -4.020000e+03
     vertex  3.045000e+03  0.000000e+00 -4.020000e+03
   endloop
 endfacet
 facet normal -0.000000e+00 -0.000000e+00 -1.000000e+00
   outer loop
     vertex  3.502500e+03  0.000000e+00 -4.020000e+03
     vertex  3.502500e+03 -3.800000e+02 -4.020000e+03
     vertex  3.045000e+03  0.000000e+00 -4.020000e+03
   endloop
 endfacet
 facet normal -1.000000e+00  0.000000e+00  0.000000e+00
   outer loop
     vertex  3.502500e+03 -3.800000e+02 -4.020000e+03
     vertex  3.502500e+03  0.000000e+00 -4.280000e+03
     vertex  3.502500e+03 -3.800000e+02 -4.280000e+03
   endloop
 endfacet
 facet normal -1.000000e+00  0.000000e+00  0.000000e+00
   outer loop
     vertex  3.502500e+03 -3.800000e+02 -4.020000e+03
     vertex  3.502500e+03  0.000000e+00 -4.020000e+03
     vertex  3.502500e+03  0.000000e+00 -4.280000e+03
   endloop
 endfacet
 facet normal -0.000000e+00  1.000000e+00  0.000000e+00
   outer loop
     vertex  3.045000e+03 -3.800000e+02 -4.020000e+03
     vertex  3.502500e+03 -3.800000e+02 -4.020000e+03
     vertex  3.502500e+03 -3.800000e+02 -4.280000e+03
   endloop
 endfacet
 facet normal  0.000000e+00  1.000000e+00  0.000000e+00
   outer loop
     vertex  3.045000e+03 -3.800000e+02 -4.020000e+03
     vertex  3.502500e+03 -3.800000e+02 -4.280000e+03
     vertex  3.045000e+03 -3.800000e+02 -4.280000e+03
   endloop
 endfacet
 facet normal  0.000000e+00 -1.000000e+00 -0.000000e+00
   outer loop
     vertex  3.025000e+03  0.000000e+00 -4.077500e+03
     vertex  2.935000e+03  0.000000e+00 -4.280000e+03
     vertex  3.025000e+03  0.000000e+00 -4.280000e+03
   endloop
 endfacet
 facet normal  0.000000e+00 -1.000000e+00  0.000000e+00
   outer loop
     vertex  2.935000e+03  0.000000e+00 -4.077500e+03
     vertex  2.935000e+03  0.000000e+00 -4.280000e+03
     vertex  3.025000e+03  0.000000e+00 -4.077500e+03
   endloop
 endfacet
 facet normal  0.000000e+00  0.000000e+00  1.000000e+00
   outer loop
     vertex  2.935000e+03 -3.800000e+02 -4.280000e+03
     vertex  3.025000e+03  0.000000e+00 -4.280000e+03
     vertex  2.935000e+03  0.000000e+00 -4.280000e+03
   endloop
 endfacet
 facet normal  0.000000e+00  0.000000e+00  1.000000e+00
   outer loop
     vertex  2.935000e+03 -3.800000e+02 -4.280000e+03
     vertex  3.025000e+03 -3.800000e+02 -4.280000e+03
     vertex  3.025000e+03  0.000000e+00 -4.280000e+03
   endloop
 endfacet
 facet normal  1.000000e+00  0.000000e+00 -0.000000e+00
   outer loop
     vertex  2.935000e+03  0.000000e+00 -4.280000e+03
     vertex  2.935000e+03  0.000000e+00 -4.077500e+03
     vertex  2.935000e+03 -3.800000e+02 -4.077500e+03
   endloop
 endfacet
 facet normal  1.000000e+00  0.000000e+00  0.000000e+00
   outer loop
     vertex  2.935000e+03  0.000000e+00 -4.280000e+03
     vertex  2.935000e+03 -3.800000e+02 -4.077500e+03
     vertex  2.935000e+03 -3.800000e+02 -4.280000e+03
   endloop
 endfacet
 facet normal -0.000000e+00  0.000000e+00 -1.000000e+00
   outer loop
     vertex  3.025000e+03  0.000000e+00 -4.077500e+03
     vertex  2.935000e+03 -3.800000e+02 -4.077500e+03
     vertex  2.935000e+03  0.000000e+00 -4.077500e+03
   endloop
 endfacet
 facet normal  0.000000e+00 -0.000000e+00 -1.000000e+00
   outer loop
     vertex  3.025000e+03  0.000000e+00 -4.077500e+03
     vertex  3.025000e+03 -3.800000e+02 -4.077500e+03
     vertex  2.935000e+03 -3.800000e+02 -4.077500e+03
   endloop
 endfacet
 facet normal -1.000000e+00  0.000000e+00  0.000000e+00
   outer loop
     vertex  3.025000e+03 -3.800000e+02 -4.077500e+03
     vertex  3.025000e+03  0.000000e+00 -4.280000e+03
     vertex  3.025000e+03 -3.800000e+02 -4.280000e+03
   endloop
 endfacet
 facet normal -1.000000e+00  0.000000e+00  0.000000e+00
   outer loop
     vertex  3.025000e+03 -3.800000e+02 -4.077500e+03
     vertex  3.025000e+03  0.000000e+00 -4.077500e+03
     vertex  3.025000e+03  0.000000e+00 -4.280000e+03
   endloop
 endfacet
 facet normal  0.000000e+00  1.000000e+00  0.000000e+00
   outer loop
     vertex  3.025000e+03 -3.800000e+02 -4.077500e+03
     vertex  3.025000e+03 -3.800000e+02 -4.280000e+03
     vertex  2.935000e+03 -3.800000e+02 -4.280000e+03
   endloop
 endfacet
 facet normal -0.000000e+00  1.000000e+00  0.000000e+00
   outer loop
     vertex  2.935000e+03 -3.800000e+02 -4.077500e+03
     vertex  3.025000e+03 -3.800000e+02 -4.077500e+03
     vertex  2.935000e+03 -3.800000e+02 -4.280000e+03
   endloop
 endfacet
 facet normal  0.000000e+00 -1.000000e+00  0.000000e+00
   outer loop
     vertex  4.497500e+03  0.000000e+00 -4.020000e+03
     vertex  4.915000e+03  0.000000e+00 -4.280000e+03
     vertex  4.915000e+03  0.000000e+00 -4.020000e+03
   endloop
 endfacet
 facet normal  0.000000e+00 -1.000000e+00  0.000000e+00
   outer loop
     vertex  4.497500e+03  0.000000e+00 -4.020000e+03
     vertex  4.497500e+03  0.000000e+00 -4.280000e+03
     vertex  4.915000e+03  0.000000e+00 -4.280000e+03
   endloop
 endfacet
 facet normal  0.000000e+00  0.000000e+00  1.000000e+00
   outer loop
     vertex  4.497500e+03 -3.800000e+02 -4.280000e+03
     vertex  4.915000e+03  0.000000e+00 -4.280000e+03
     vertex  4.497500e+03  0.000000e+00 -4.280000e+03
   endloop
 endfacet
 facet normal  0.000000e+00  0.000000e+00  1.000000e+00
   outer loop
     vertex  4.497500e+03 -3.800000e+02 -4.280000e+03
     vertex  4.915000e+03 -3.800000e+02 -4.280000e+03
     vertex  4.915000e+03  0.000000e+00 -4.280000e+03
   endloop
 endfacet
 facet normal  1.000000e+00  0.000000e+00 -0.000000e+00
   outer loop
     vertex  4.497500e+03  0.000000e+00 -4.280000e+03
     vertex  4.497500e+03  0.000000e+00 -4.020000e+03
     vertex  4.497500e+03 -3.800000e+02 -4.020000e+03
   endloop
 endfacet
 facet normal  1.000000e+00  0.000000e+00  0.000000e+00
   outer loop
     vertex  4.497500e+03  0.000000e+00 -4.280000e+03
     vertex  4.497500e+03 -3.800000e+02 -4.020000e+03
     vertex  4.497500e+03 -3.800000e+02 -4.280000e+03
   endloop
 endfacet
 facet normal -0.000000e+00  0.000000e+00 -1.000000e+00
   outer loop
     vertex  4.915000e+03  0.000000e+00 -4.020000e+03
     vertex  4.497500e+03 -3.800000e+02 -4.020000e+03
     vertex  4.497500e+03  0.000000e+00 -4.020000e+03
   endloop
 endfacet
 facet normal  0.000000e+00 -0.000000e+00 -1.000000e+00
   outer loop
     vertex  4.915000e+03  0.000000e+00 -4.020000e+03
     vertex  4.915000e+03 -3.800000e+02 -4.020000e+03
     vertex  4.497500e+03 -3.800000e+02 -4.020000e+03
   endloop
 endfacet
 facet normal -1.000000e+00  0.000000e+00  0.000000e+00
   outer loop
     vertex  4.915000e+03  0.000000e+00 -4.280000e+03
     vertex  4.915000e+03 -3.800000e+02 -4.020000e+03
     vertex  4.915000e+03  0.000000e+00 -4.020000e+03
   endloop
 endfacet
 facet normal -1.000000e+00  0.000000e+00  0.000000e+00
   outer loop
     vertex  4.915000e+03  0.000000e+00 -4.280000e+03
     vertex  4.915000e+03 -3.800000e+02 -4.280000e+03
     vertex  4.915000e+03 -3.800000e+02 -4.020000e+03
   endloop
 endfacet
 facet normal -0.000000e+00  1.000000e+00  0.000000e+00
   outer loop
     vertex  4.497500e+03 -3.800000e+02 -4.020000e+03
     vertex  4.915000e+03 -3.800000e+02 -4.020000e+03
     vertex  4.915000e+03 -3.800000e+02 -4.280000e+03
   endloop
 endfacet
 facet normal  0.000000e+00  1.000000e+00  0.000000e+00
   outer loop
     vertex  4.497500e+03 -3.800000e+02 -4.020000e+03
     vertex  4.915000e+03 -3.800000e+02 -4.280000e+03
     vertex  4.497500e+03 -3.800000e+02 -4.280000e+03
   endloop
 endfacet
 facet normal  0.000000e+00 -1.000000e+00  0.000000e+00
   outer loop
     vertex  5.045000e+03  0.000000e+00 -4.020000e+03
     vertex  5.502500e+03  0.000000e+00 -4.280000e+03
     vertex  5.502500e+03  0.000000e+00 -4.020000e+03
   endloop
 endfacet
 facet normal  0.000000e+00 -1.000000e+00  0.000000e+00
   outer loop
     vertex  5.045000e+03  0.000000e+00 -4.020000e+03
     vertex  5.045000e+03  0.000000e+00 -4.280000e+03
     vertex  5.502500e+03  0.000000e+00 -4.280000e+03
   endloop
 endfacet
 facet normal -0.000000e+00  0.000000e+00  1.000000e+00
   outer loop
     vertex  5.045000e+03  0.000000e+00 -4.280000e+03
     vertex  5.502500e+03 -3.800000e+02 -4.280000e+03
     vertex  5.502500e+03  0.000000e+00 -4.280000e+03
   endloop
 endfacet
 facet normal  0.000000e+00  0.000000e+00  1.000000e+00
   outer loop
     vertex  5.045000e+03 -3.800000e+02 -4.280000e+03
     vertex  5.502500e+03 -3.800000e+02 -4.280000e+03
     vertex  5.045000e+03  0.000000e+00 -4.280000e+03
   endloop
 endfacet
 facet normal  1.000000e+00 -0.000000e+00  0.000000e+00
   outer loop
     vertex  5.045000e+03 -3.800000e+02 -4.020000e+03
     vertex  5.045000e+03  0.000000e+00 -4.280000e+03
     vertex  5.045000e+03  0.000000e+00 -4.020000e+03
   endloop
 endfacet
 facet normal  1.000000e+00  0.000000e+00  0.000000e+00
   outer loop
     vertex  5.045000e+03 -3.800000e+02 -4.020000e+03
     vertex  5.045000e+03 -3.800000e+02 -4.280000e+03
     vertex  5.045000e+03  0.000000e+00 -4.280000e+03
   endloop
 endfacet
 facet normal  0.000000e+00  0.000000e+00 -1.000000e+00
   outer loop
     vertex  5.502500e+03 -3.800000e+02 -4.020000e+03
     vertex  5.045000e+03 -3.800000e+02 -4.020000e+03
     vertex  5.045000e+03  0.000000e+00 -4.020000e+03
   endloop
 endfacet
 facet normal -0.000000e+00 -0.000000e+00 -1.000000e+00
   outer loop
     vertex  5.502500e+03  0.000000e+00 -4.020000e+03
     vertex  5.502500e+03 -3.800000e+02 -4.020000e+03
     vertex  5.045000e+03  0.000000e+00 -4.020000e+03
   endloop
 endfacet
 facet normal -1.000000e+00  0.000000e+00  0.000000e+00
   outer loop
     vertex  5.502500e+03 -3.800000e+02 -4.020000e+03
     vertex  5.502500e+03  0.000000e+00 -4.280000e+03
     vertex  5.502500e+03 -3.800000e+02 -4.280000e+03
   endloop
 endfacet
 facet normal -1.000000e+00  0.000000e+00  0.000000e+00
   outer loop
     vertex  5.502500e+03 -3.800000e+02 -4.020000e+03
     vertex  5.502500e+03  0.000000e+00 -4.020000e+03
     vertex  5.502500e+03  0.000000e+00 -4.280000e+03
   endloop
 endfacet
 facet normal -0.000000e+00  1.000000e+00  0.000000e+00
   outer loop
     vertex  5.045000e+03 -3.800000e+02 -4.020000e+03
     vertex  5.502500e+03 -3.800000e+02 -4.020000e+03
     vertex  5.502500e+03 -3.800000e+02 -4.280000e+03
   endloop
 endfacet
 facet normal  0.000000e+00  1.000000e+00  0.000000e+00
   outer loop
     vertex  5.045000e+03 -3.800000e+02 -4.020000e+03
     vertex  5.502500e+03 -3.800000e+02 -4.280000e+03
     vertex  5.045000e+03 -3.800000e+02 -4.280000e+03
   endloop
 endfacet
 facet normal  0.000000e+00 -1.000000e+00 -0.000000e+00
   outer loop
     vertex  5.025000e+03  0.000000e+00 -4.077500e+03
     vertex  4.935000e+03  0.000000e+00 -4.280000e+03
     vertex  5.025000e+03  0.000000e+00 -4.280000e+03
   endloop
 endfacet
 facet normal  0.000000e+00 -1.000000e+00  0.000000e+00
   outer loop
     vertex  4.935000e+03  0.000000e+00 -4.077500e+03
     vertex  4.935000e+03  0.000000e+00 -4.280000e+03
     vertex  5.025000e+03  0.000000e+00 -4.077500e+03
   endloop
 endfacet
 facet normal  0.000000e+00  0.000000e+00  1.000000e+00
   outer loop
     vertex  4.935000e+03 -3.800000e+02 -4.280000e+03
     vertex  5.025000e+03  0.000000e+00 -4.280000e+03
     vertex  4.935000e+03  0.000000e+00 -4.280000e+03
   endloop
 endfacet
 facet normal  0.000000e+00  0.000000e+00  1.000000e+00
   outer loop
     vertex  4.935000e+03 -3.800000e+02 -4.280000e+03
     vertex  5.025000e+03 -3.800000e+02 -4.280000e+03
     vertex  5.025000e+03  0.000000e+00 -4.280000e+03
   endloop
 endfacet
 facet normal  1.000000e+00  0.000000e+00 -0.000000e+00
   outer loop
     vertex  4.935000e+03  0.000000e+00 -4.280000e+03
     vertex  4.935000e+03  0.000000e+00 -4.077500e+03
     vertex  4.935000e+03 -3.800000e+02 -4.077500e+03
   endloop
 endfacet
 facet normal  1.000000e+00  0.000000e+00  0.000000e+00
   outer loop
     vertex  4.935000e+03  0.000000e+00 -4.280000e+03
     vertex  4.935000e+03 -3.800000e+02 -4.077500e+03
     vertex  4.935000e+03 -3.800000e+02 -4.280000e+03
   endloop
 endfacet
 facet normal -0.000000e+00  0.000000e+00 -1.000000e+00
   outer loop
     vertex  5.025000e+03  0.000000e+00 -4.077500e+03
     vertex  4.935000e+03 -3.800000e+02 -4.077500e+03
     vertex  4.935000e+03  0.000000e+00 -4.077500e+03
   endloop
 endfacet
 facet normal  0.000000e+00 -0.000000e+00 -1.000000e+00
   outer loop
     vertex  5.025000e+03  0.000000e+00 -4.077500e+03
     vertex  5.025000e+03 -3.800000e+02 -4.077500e+03
     vertex  4.935000e+03 -3.800000e+02 -4.077500e+03
   endloop
 endfacet
 facet normal -1.000000e+00  0.000000e+00  0.000000e+00
   outer loop
     vertex  5.025000e+03 -3.800000e+02 -4.077500e+03
     vertex  5.025000e+03  0.000000e+00 -4.280000e+03
     vertex  5.025000e+03 -3.800000e+02 -4.280000e+03
   endloop
 endfacet
 facet normal -1.000000e+00  0.000000e+00  0.000000e+00
   outer loop
     vertex  5.025000e+03 -3.800000e+02 -4.077500e+03
     vertex  5.025000e+03  0.000000e+00 -4.077500e+03
     vertex  5.025000e+03  0.000000e+00 -4.280000e+03
   endloop
 endfacet
 facet normal  0.000000e+00  1.000000e+00  0.000000e+00
   outer loop
     vertex  5.025000e+03 -3.800000e+02 -4.077500e+03
     vertex  5.025000e+03 -3.800000e+02 -4.280000e+03
     vertex  4.935000e+03 -3.800000e+02 -4.280000e+03
   endloop
 endfacet
 facet normal -0.000000e+00  1.000000e+00  0.000000e+00
   outer loop
     vertex  4.935000e+03 -3.800000e+02 -4.077500e+03
     vertex  5.025000e+03 -3.800000e+02 -4.077500e+03
     vertex  4.935000e+03 -3.800000e+02 -4.280000e+03
   endloop
 endfacet
 facet normal  0.000000e+00 -1.000000e+00  0.000000e+00
   outer loop
     vertex -6.280000e+03  0.000000e+00 -4.975000e+02
     vertex -6.020000e+03  0.000000e+00 -9.150000e+02
     vertex -6.020000e+03  0.000000e+00 -4.975000e+02
   endloop
 endfacet
 facet normal  0.000000e+00 -1.000000e+00  0.000000e+00
   outer loop
     vertex -6.280000e+03  0.000000e+00 -4.975000e+02
     vertex -6.280000e+03  0.000000e+00 -9.150000e+02
     vertex -6.020000e+03  0.000000e+00 -9.150000e+02
   endloop
 endfacet
 facet normal  1.000000e+00 -0.000000e+00  0.000000e+00
   outer loop
     vertex -6.280000e+03 -3.800000e+02 -4.975000e+02
     vertex -6.280000e+03  0.000000e+00 -9.150000e+02
     vertex -6.280000e+03  0.000000e+00 -4.975000e+02
   endloop
 endfacet
 facet normal  1.000000e+00  0.000000e+00  0.000000e+00
   outer loop
     vertex -6.280000e+03 -3.800000e+02 -4.975000e+02
     vertex -6.280000e+03 -3.800000e+02 -9.150000e+02
     vertex -6.280000e+03  0.000000e+00 -9.150000e+02
   endloop
 endfacet
 facet normal  0.000000e+00  0.000000e+00 -1.000000e+00
   outer loop
     vertex -6.280000e+03 -3.800000e+02 -4.975000e+02
     vertex -6.020000e+03  0.000000e+00 -4.975000e+02
     vertex -6.020000e+03 -3.800000e+02 -4.975000e+02
   endloop
 endfacet
 facet normal  0.000000e+00  0.000000e+00 -1.000000e+00
   outer loop
     vertex -6.280000e+03 -3.800000e+02 -4.975000e+02
     vertex -6.280000e+03  0.000000e+00 -4.975000e+02
     vertex -6.020000e+03  0.000000e+00 -4.975000e+02
   endloop
 endfacet
 facet normal -1.000000e+00  0.000000e+00  0.000000e+00
   outer loop
     vertex -6.020000e+03  0.000000e+00 -9.150000e+02
     vertex -6.020000e+03 -3.800000e+02 -4.975000e+02
     vertex -6.020000e+03  0.000000e+00 -4.975000e+02
   endloop
 endfacet
 facet normal -1.000000e+00  0.000000e+00  0.000000e+00
   outer loop
     vertex -6.020000e+03  0.000000e+00 -9.150000e+02
     vertex -6.020000e+03 -3.800000e+02 -9.150000e+02
     vertex -6.020000e+03 -3.800000e+02 -4.975000e+02
   endloop
 endfacet
 facet normal  0.000000e+00  0.000000e+00  1.000000e+00
   outer loop
     vertex -6.280000e+03 -3.800000e+02 -9.150000e+02
     vertex -6.020000e+03  0.000000e+00 -9.150000e+02
     vertex -6.280000e+03  0.000000e+00 -9.150000e+02
   endloop
 endfacet
 facet normal  0.000000e+00  0.000000e+00  1.000000e+00
   outer loop
     vertex -6.280000e+03 -3.800000e+02 -9.150000e+02
     vertex -6.020000e+03 -3.800000e+02 -9.150000e+02
     vertex -6.020000e+03  0.000000e+00 -9.150000e+02
   endloop
 endfacet
 facet normal  0.000000e+00  1.000000e+00  0.000000e+00
   outer loop
     vertex -6.020000e+03 -3.800000e+02 -4.975000e+02
     vertex -6.020000e+03 -3.800000e+02 -9.150000e+02
     vertex -6.280000e+03 -3.800000e+02 -9.150000e+02
   endloop
 endfacet
 facet normal  0.000000e+00  1.000000e+00  0.000000e+00
   outer loop
     vertex -6.020000e+03 -3.800000e+02 -4.975000e+02
     vertex -6.280000e+03 -3.800000e+02 -9.150000e+02
     vertex -6.280000e+03 -3.800000e+02 -4.975000e+02
   endloop
 endfacet
 facet normal  0.000000e+00 -1.000000e+00  0.000000e+00
   outer loop
     vertex -6.280000e+03  0.000000e+00 -1.045000e+03
     vertex -6.020000e+03  0.000000e+00 -1.502500e+03
     vertex -6.020000e+03  0.000000e+00 -1.045000e+03
   endloop
 endfacet
 facet normal  0.000000e+00 -1.000000e+00  0.000000e+00
   outer loop
     vertex -6.280000e+03  0.000000e+00 -1.045000e+03
     vertex -6.280000e+03  0.000000e+00 -1.502500e+03
     vertex -6.020000e+03  0.000000e+00 -1.502500e+03
   endloop
 endfacet
 facet normal  1.000000e+00  0.000000e+00  0.000000e+00
   outer loop
     vertex -6.280000e+03  0.000000e+00 -1.045000e+03
     vertex -6.280000e+03 -3.800000e+02 -1.502500e+03
     vertex -6.280000e+03  0.000000e+00 -1.502500e+03
   endloop
 endfacet
 facet normal  1.000000e+00 -0.000000e+00  0.000000e+00
   outer loop
     vertex -6.280000e+03 -3.800000e+02 -1.045000e+03
     vertex -6.280000e+03 -3.800000e+02 -1.502500e+03
     vertex -6.280000e+03  0.000000e+00 -1.045000e+03
   endloop
 endfacet
 facet normal -0.000000e+00  0.000000e+00 -1.000000e+00
   outer loop
     vertex -6.020000e+03  0.000000e+00 -1.045000e+03
     vertex -6.280000e+03 -3.800000e+02 -1.045000e+03
     vertex -6.280000e+03  0.000000e+00 -1.045000e+03
   endloop
 endfacet
 facet normal  0.000000e+00 -0.000000e+00 -1.000000e+00
   outer loop
     vertex -6.020000e+03  0.000000e+00 -1.045000e+03
     vertex -6.020000e+03 -3.800000e+02 -1.045000e+03
     vertex -6.280000e+03 -3.800000e+02 -1.045000e+03
   endloop
 endfacet
 facet normal -1.000000e+00  0.000000e+00  0.000000e+00
   outer loop
     vertex -6.020000e+03 -3.800000e+02 -1.502500e+03
     vertex -6.020000e+03 -3.800000e+02 -1.045000e+03
     vertex -6.020000e+03  0.000000e+00 -1.045000e+03
   endloop
 endfacet
 facet normal -1.000000e+00  0.000000e+00  0.000000e+00
   outer loop
     vertex -6.020000e+03  0.000000e+00 -1.502500e+03
     vertex -6.020000e+03 -3.800000e+02 -1.502500e+03
     vertex -6.020000e+03  0.000000e+00 -1.045000e+03
   endloop
 endfacet
 facet normal  0.000000e+00  0.000000e+00  1.000000e+00
   outer loop
     vertex -6.020000e+03  0.000000e+00 -1.502500e+03
     vertex -6.280000e+03  0.000000e+00 -1.502500e+03
     vertex -6.280000e+03 -3.800000e+02 -1.502500e+03
   endloop
 endfacet
 facet normal  0.000000e+00  0.000000e+00  1.000000e+00
   outer loop
     vertex -6.020000e+03  0.000000e+00 -1.502500e+03
     vertex -6.280000e+03 -3.800000e+02 -1.502500e+03
     vertex -6.020000e+03 -3.800000e+02 -1.502500e+03
   endloop
 endfacet
 facet normal  0.000000e+00  1.000000e+00  0.000000e+00
   outer loop
     vertex -6.020000e+03 -3.800000e+02 -1.045000e+03
     vertex -6.020000e+03 -3.800000e+02 -1.502500e+03
     vertex -6.280000e+03 -3.800000e+02 -1.502500e+03
   endloop
 endfacet
 facet normal  0.000000e+00  1.000000e+00  0.000000e+00
   outer loop
     vertex -6.020000e+03 -3.800000e+02 -1.045000e+03
     vertex -6.280000e+03 -3.800000e+02 -1.502500e+03
     vertex -6.280000e+03 -3.800000e+02 -1.045000e+03
   endloop
 endfacet
 facet normal  0.000000e+00 -1.000000e+00  0.000000e+00
   outer loop
     vertex -6.280000e+03  0.000000e+00 -1.025000e+03
     vertex -6.077500e+03  0.000000e+00 -1.025000e+03
     vertex -6.077500e+03  0.000000e+00 -9.350000e+02
   endloop
 endfacet
 facet normal  0.000000e+00 -1.000000e+00  0.000000e+00
   outer loop
     vertex -6.280000e+03  0.000000e+00 -9.350000e+02
     vertex -6.280000e+03  0.000000e+00 -1.025000e+03
     vertex -6.077500e+03  0.000000e+00 -9.350000e+02
   endloop
 endfacet
 facet normal  1.000000e+00 -0.000000e+00  0.000000e+00
   outer loop
     vertex -6.280000e+03 -3.800000e+02 -9.350000e+02
     vertex -6.280000e+03  0.000000e+00 -1.025000e+03
     vertex -6.280000e+03  0.000000e+00 -9.350000e+02
   endloop
 endfacet
 facet normal  1.000000e+00  0.000000e+00  0.000000e+00
   outer loop
     vertex -6.280000e+03 -3.800000e+02 -9.350000e+02
     vertex -6.280000e+03 -3.800000e+02 -1.025000e+03
     vertex -6.280000e+03  0.000000e+00 -1.025000e+03
   endloop
 endfacet
 facet normal  0.000000e+00  0.000000e+00 -1.000000e+00
   outer loop
     vertex -6.280000e+03 -3.800000e+02 -9.350000e+02
     vertex -6.077500e+03  0.000000e+00 -9.350000e+02
     vertex -6.077500e+03 -3.800000e+02 -9.350000e+02
   endloop
 endfacet
 facet normal  0.000000e+00  0.000000e+00 -1.000000e+00
   outer loop
     vertex -6.280000e+03 -3.800000e+02 -9.350000e+02
     vertex -6.280000e+03  0.000000e+00 -9.350000e+02
     vertex -6.077500e+03  0.000000e+00 -9.350000e+02
   endloop
 endfacet
 facet normal -1.000000e+00  0.000000e+00  0.000000e+00
   outer loop
     vertex -6.077500e+03  0.000000e+00 -1.025000e+03
     vertex -6.077500e+03 -3.800000e+02 -9.350000e+02
     vertex -6.077500e+03  0.000000e+00 -9.350000e+02
   endloop
 endfacet
 facet normal -1.000000e+00  0.000000e+00  0.000000e+00
   outer loop
     vertex -6.077500e+03  0.000000e+00 -1.025000e+03
     vertex -6.077500e+03 -3.800000e+02 -1.025000e+03
     vertex -6.077500e+03 -3.800000e+02 -9.350000e+02
   endloop
 endfacet
 facet normal  0.000000e+00  0.000000e+00  1.000000e+00
   outer loop
     vertex -6.077500e+03  0.000000e+00 -1.025000e+03
     vertex -6.280000e+03  0.000000e+00 -1.025000e+03
     vertex -6.280000e+03 -3.800000e+02 -1.025000e+03
   endloop
 endfacet
 facet normal  0.000000e+00  0.000000e+00  1.000000e+00
   outer loop
     vertex -6.077500e+03  0.000000e+00 -1.025000e+03
     vertex -6.280000e+03 -3.800000e+02 -1.025000e+03
     vertex -6.077500e+03 -3.800000e+02 -1.025000e+03
   endloop
 endfacet
 facet normal  0.000000e+00  1.000000e+00  0.000000e+00
   outer loop
     vertex -6.077500e+03 -3.800000e+02 -1.025000e+03
     vertex -6.280000e+03 -3.800000e+02 -1.025000e+03
     vertex -6.280000e+03 -3.800000e+02 -9.350000e+02
   endloop
 endfacet
 facet normal  0.000000e+00  1.000000e+00  0.000000e+00
   outer loop
     vertex -6.077500e+03 -3.800000e+02 -9.350000e+02
     vertex -6.077500e+03 -3.800000e+02 -1.025000e+03
     vertex -6.280000e+03 -3.800000e+02 -9.350000e+02
   endloop
 endfacet
 facet normal  0.000000e+00 -1.000000e+00  0.000000e+00
   outer loop
     vertex  6.020000e+03  0.000000e+00  9.150000e+02
     vertex  6.020000e+03  0.000000e+00  4.975000e+02
     vertex  6.280000e+03  0.000000e+00  4.975000e+02
   endloop
 endfacet
 facet normal  0.000000e+00 -1.000000e+00  0.000000e+00
   outer loop
     vertex  6.020000e+03  0.000000e+00  9.150000e+02
     vertex  6.280000e+03  0.000000e+00  4.975000e+02
     vertex  6.280000e+03  0.000000e+00  9.150000e+02
   endloop
 endfacet
 facet normal -1.000000e+00  0.000000e+00  0.000000e+00
   outer loop
     vertex  6.280000e+03  0.000000e+00  4.975000e+02
     vertex  6.280000e+03 -3.800000e+02  9.150000e+02
     vertex  6.280000e+03  0.000000e+00  9.150000e+02
   endloop
 endfacet
 facet normal -1.000000e+00  0.000000e+00  0.000000e+00
   outer loop
     vertex  6.280000e+03  0.000000e+00  4.975000e+02
     vertex  6.280000e+03 -3.800000e+02  4.975000e+02
     vertex  6.280000e+03 -3.800000e+02  9.150000e+02
   endloop
 endfacet
 facet normal  0.000000e+00  0.000000e+00  1.000000e+00
   outer loop
     vertex  6.280000e+03  0.000000e+00  4.975000e+02
     vertex  6.020000e+03  0.000000e+00  4.975000e+02
     vertex  6.020000e+03 -3.800000e+02  4.975000e+02
   endloop
 endfacet
 facet normal  0.000000e+00  0.000000e+00  1.000000e+00
   outer loop
     vertex  6.280000e+03  0.000000e+00  4.975000e+02
     vertex  6.020000e+03 -3.800000e+02  4.975000e+02
     vertex  6.280000e+03 -3.800000e+02  4.975000e+02
   endloop
 endfacet
 facet normal  1.000000e+00 -0.000000e+00  0.000000e+00
   outer loop
     vertex  6.020000e+03 -3.800000e+02  9.150000e+02
     vertex  6.020000e+03  0.000000e+00  4.975000e+02
     vertex  6.020000e+03  0.000000e+00  9.150000e+02
   endloop
 endfacet
 facet normal  1.000000e+00  0.000000e+00  0.000000e+00
   outer loop
     vertex  6.020000e+03 -3.800000e+02  9.150000e+02
     vertex  6.020000e+03 -3.800000e+02  4.975000e+02
     vertex  6.020000e+03  0.000000e+00  4.975000e+02
   endloop
 endfacet
 facet normal -0.000000e+00  0.000000e+00 -1.000000e+00
   outer loop
     vertex  6.280000e+03  0.000000e+00  9.150000e+02
     vertex  6.020000e+03 -3.800000e+02  9.150000e+02
     vertex  6.020000e+03  0.000000e+00  9.150000e+02
   endloop
 endfacet
 facet normal  0.000000e+00 -0.000000e+00 -1.000000e+00
   outer loop
     vertex  6.280000e+03  0.000000e+00  9.150000e+02
     vertex  6.280000e+03 -3.800000e+02  9.150000e+02
     vertex  6.020000e+03 -3.800000e+02  9.150000e+02
   endloop
 endfacet
 facet normal  0.000000e+00  1.000000e+00  0.000000e+00
   outer loop
     vertex  6.020000e+03 -3.800000e+02  4.975000e+02
     vertex  6.020000e+03 -3.800000e+02  9.150000e+02
     vertex  6.280000e+03 -3.800000e+02  9.150000e+02
   endloop
 endfacet
 facet normal  0.000000e+00  1.000000e+00  0.000000e+00
   outer loop
     vertex  6.020000e+03 -3.800000e+02  4.975000e+02
     vertex  6.280000e+03 -3.800000e+02  9.150000e+02
     vertex  6.280000e+03 -3.800000e+02  4.975000e+02
   endloop
 endfacet
 facet normal  0.000000e+00 -1.000000e+00  0.000000e+00
   outer loop
     vertex  6.020000e+03  0.000000e+00  1.502500e+03
     vertex  6.020000e+03  0.000000e+00  1.045000e+03
     vertex  6.280000e+03  0.000000e+00  1.045000e+03
   endloop
 endfacet
 facet normal  0.000000e+00 -1.000000e+00  0.000000e+00
   outer loop
     vertex  6.020000e+03  0.000000e+00  1.502500e+03
     vertex  6.280000e+03  0.000000e+00  1.045000e+03
     vertex  6.280000e+03  0.000000e+00  1.502500e+03
   endloop
 endfacet
 facet normal -1.000000e+00  0.000000e+00  0.000000e+00
   outer loop
     vertex  6.280000e+03 -3.800000e+02  1.045000e+03
     vertex  6.280000e+03 -3.800000e+02  1.502500e+03
     vertex  6.280000e+03  0.000000e+00  1.502500e+03
   endloop
 endfacet
 facet normal -1.000000e+00  0.000000e+00  0.000000e+00
   outer loop
     vertex  6.280000e+03  0.000000e+00  1.045000e+03
     vertex  6.280000e+03 -3.800000e+02  1.045000e+03
     vertex  6.280000e+03  0.000000e+00  1.502500e+03
   endloop
 endfacet
 facet normal  0.000000e+00  0.000000e+00  1.000000e+00
   outer loop
     vertex  6.020000e+03 -3.800000e+02  1.045000e+03
     vertex  6.280000e+03  0.000000e+00  1.045000e+03
     vertex  6.020000e+03  0.000000e+00  1.045000e+03
   endloop
 endfacet
 facet normal  0.000000e+00  0.000000e+00  1.000000e+00
   outer loop
     vertex  6.020000e+03 -3.800000e+02  1.045000e+03
     vertex  6.280000e+03 -3.800000e+02  1.045000e+03
     vertex  6.280000e+03  0.000000e+00  1.045000e+03
   endloop
 endfacet
 facet normal  1.000000e+00  0.000000e+00  0.000000e+00
   outer loop
     vertex  6.020000e+03  0.000000e+00  1.502500e+03
     vertex  6.020000e+03 -3.800000e+02  1.045000e+03
     vertex  6.020000e+03  0.000000e+00  1.045000e+03
   endloop
 endfacet
 facet normal  1.000000e+00 -0.000000e+00  0.000000e+00
   outer loop
     vertex  6.020000e+03 -3.800000e+02  1.502500e+03
     vertex  6.020000e+03 -3.800000e+02  1.045000e+03
     vertex  6.020000e+03  0.000000e+00  1.502500e+03
   endloop
 endfacet
 facet normal  0.000000e+00  0.000000e+00 -1.000000e+00
   outer loop
     vertex  6.020000e+03 -3.800000e+02  1.502500e+03
     vertex  6.280000e+03  0.000000e+00  1.502500e+03
     vertex  6.280000e+03 -3.800000e+02  1.502500e+03
   endloop
 endfacet
 facet normal  0.000000e+00  0.000000e+00 -1.000000e+00
   outer loop
     vertex  6.020000e+03 -3.800000e+02  1.502500e+03
     vertex  6.020000e+03  0.000000e+00  1.502500e+03
     vertex  6.280000e+03  0.000000e+00  1.502500e+03
   endloop
 endfacet
 facet normal  0.000000e+00  1.000000e+00  0.000000e+00
   outer loop
     vertex  6.020000e+03 -3.800000e+02  1.045000e+03
     vertex  6.020000e+03 -3.800000e+02  1.502500e+03
     vertex  6.280000e+03 -3.800000e+02  1.502500e+03
   endloop
 endfacet
 facet normal  0.000000e+00  1.000000e+00  0.000000e+00
   outer loop
     vertex  6.020000e+03 -3.800000e+02  1.045000e+03
     vertex  6.280000e+03 -3.800000e+02  1.502500e+03
     vertex  6.280000e+03 -3.800000e+02  1.045000e+03
   endloop
 endfacet
 facet normal  0.000000e+00 -1.000000e+00  0.000000e+00
   outer loop
     vertex  6.077500e+03  0.000000e+00  9.350000e+02
     vertex  6.280000e+03  0.000000e+00  9.350000e+02
     vertex  6.280000e+03  0.000000e+00  1.025000e+03
   endloop
 endfacet
 facet normal  0.000000e+00 -1.000000e+00  0.000000e+00
   outer loop
     vertex  6.077500e+03  0.000000e+00  1.025000e+03
     vertex  6.077500e+03  0.000000e+00  9.350000e+02
     vertex  6.280000e+03  0.000000e+00  1.025000e+03
   endloop
 endfacet
 facet normal -1.000000e+00  0.000000e+00  0.000000e+00
   outer loop
     vertex  6.280000e+03  0.000000e+00  9.350000e+02
     vertex  6.280000e+03 -3.800000e+02  1.025000e+03
     vertex  6.280000e+03  0.000000e+00  1.025000e+03
   endloop
 endfacet
 facet normal -1.000000e+00  0.000000e+00  0.000000e+00
   outer loop
     vertex  6.280000e+03  0.000000e+00  9.350000e+02
     vertex  6.280000e+03 -3.800000e+02  9.350000e+02
     vertex  6.280000e+03 -3.800000e+02  1.025000e+03
   endloop
 endfacet
 facet normal  0.000000e+00  0.000000e+00  1.000000e+00
   outer loop
     vertex  6.280000e+03  0.000000e+00  9.350000e+02
     vertex  6.077500e+03  0.000000e+00  9.350000e+02
     vertex  6.077500e+03 -3.800000e+02  9.350000e+02
   endloop
 endfacet
 facet normal  0.000000e+00  0.000000e+00  1.000000e+00
   outer loop
     vertex  6.280000e+03  0.000000e+00  9.350000e+02
     vertex  6.077500e+03 -3.800000e+02  9.350000e+02
     vertex  6.280000e+03 -3.800000e+02  9.350000e+02
   endloop
 endfacet
 facet normal  1.000000e+00 -0.000000e+00  0.000000e+00
   outer loop
     vertex  6.077500e+03 -3.800000e+02  1.025000e+03
     vertex  6.077500e+03  0.000000e+00  9.350000e+02
     vertex  6.077500e+03  0.000000e+00  1.025000e+03
   endloop
 endfacet
 facet normal  1.000000e+00  0.000000e+00  0.000000e+00
   outer loop
     vertex  6.077500e+03 -3.800000e+02  1.025000e+03
     vertex  6.077500e+03 -3.800000e+02  9.350000e+02
     vertex  6.077500e+03  0.000000e+00  9.350000e+02
   endloop
 endfacet
 facet normal  0.000000e+00  0.000000e+00 -1.000000e+00
   outer loop
     vertex  6.077500e+03 -3.800000e+02  1.025000e+03
     vertex  6.280000e+03  0.000000e+00  1.025000e+03
     vertex  6.280000e+03 -3.800000e+02  1.025000e+03
   endloop
 endfacet
 facet normal  0.000000e+00  0.000000e+00 -1.000000e+00
   outer loop
     vertex  6.077500e+03 -3.800000e+02  1.025000e+03
     vertex  6.077500e+03  0.000000e+00  1.025000e+03
     vertex  6.280000e+03  0.000000e+00  1.025000e+03
   endloop
 endfacet
 facet normal -0.000000e+00  1.000000e+00  0.000000e+00
   outer loop
     vertex  6.077500e+03 -3.800000e+02  1.025000e+03
     vertex  6.280000e+03 -3.800000e+02  1.025000e+03
     vertex  6.280000e+03 -3.800000e+02  9.350000e+02
   endloop
 endfacet
 facet normal  0.000000e+00  1.000000e+00  0.000000e+00
   outer loop
     vertex  6.077500e+03 -3.800000e+02  9.350000e+02
     vertex  6.077500e+03 -3.800000e+02  1.025000e+03
     vertex  6.280000e+03 -3.800000e+02  9.350000e+02
   endloop
 endfacet
 facet normal  0.000000e+00 -1.000000e+00  0.000000e+00
   outer loop
     vertex -9.150000e+02  0.000000e+00  4.280000e+03
     vertex -4.975000e+02  0.000000e+00  4.020000e+03
     vertex -4.975000e+02  0.000000e+00  4.280000e+03
   endloop
 endfacet
 facet normal  0.000000e+00 -1.000000e+00  0.000000e+00
   outer loop
     vertex -9.150000e+02  0.000000e+00  4.280000e+03
     vertex -9.150000e+02  0.000000e+00  4.020000e+03
     vertex -4.975000e+02  0.000000e+00  4.020000e+03
   endloop
 endfacet
 facet normal -0.000000e+00  0.000000e+00 -1.000000e+00
   outer loop
     vertex -4.975000e+02  0.000000e+00  4.280000e+03
     vertex -9.150000e+02 -3.800000e+02  4.280000e+03
     vertex -9.150000e+02  0.000000e+00  4.280000e+03
   endloop
 endfacet
 facet normal  0.000000e+00 -0.000000e+00 -1.000000e+00
   outer loop
     vertex -4.975000e+02  0.000000e+00  4.280000e+03
     vertex -4.975000e+02 -3.800000e+02  4.280000e+03
     vertex -9.150000e+02 -3.800000e+02  4.280000e+03
   endloop
 endfacet
 facet normal -1.000000e+00  0.000000e+00  0.000000e+00
   outer loop
     vertex -4.975000e+02 -3.800000e+02  4.280000e+03
     vertex -4.975000e+02  0.000000e+00  4.020000e+03
     vertex -4.975000e+02 -3.800000e+02  4.020000e+03
   endloop
 endfacet
 facet normal -1.000000e+00  0.000000e+00  0.000000e+00
   outer loop
     vertex -4.975000e+02 -3.800000e+02  4.280000e+03
     vertex -4.975000e+02  0.000000e+00  4.280000e+03
     vertex -4.975000e+02  0.000000e+00  4.020000e+03
   endloop
 endfacet
 facet normal  0.000000e+00  0.000000e+00  1.000000e+00
   outer loop
     vertex -9.150000e+02 -3.800000e+02  4.020000e+03
     vertex -4.975000e+02  0.000000e+00  4.020000e+03
     vertex -9.150000e+02  0.000000e+00  4.020000e+03
   endloop
 endfacet
 facet normal  0.000000e+00  0.000000e+00  1.000000e+00
   outer loop
     vertex -9.150000e+02 -3.800000e+02  4.020000e+03
     vertex -4.975000e+02 -3.800000e+02  4.020000e+03
     vertex -4.975000e+02  0.000000e+00  4.020000e+03
   endloop
 endfacet
 facet normal  1.000000e+00 -0.000000e+00  0.000000e+00
   outer loop
     vertex -9.150000e+02 -3.800000e+02  4.280000e+03
     vertex -9.150000e+02  0.000000e+00  4.020000e+03
     vertex -9.150000e+02  0.000000e+00  4.280000e+03
   endloop
 endfacet
 facet normal  1.000000e+00  0.000000e+00  0.000000e+00
   outer loop
     vertex -9.150000e+02 -3.800000e+02  4.280000e+03
     vertex -9.150000e+02 -3.800000e+02  4.020000e+03
     vertex -9.150000e+02  0.000000e+00  4.020000e+03
   endloop
 endfacet
 facet normal  0.000000e+00  1.000000e+00  0.000000e+00
   outer loop
     vertex -4.975000e+02 -3.800000e+02  4.020000e+03
     vertex -9.150000e+02 -3.800000e+02  4.020000e+03
     vertex -9.150000e+02 -3.800000e+02  4.280000e+03
   endloop
 endfacet
 facet normal  0.000000e+00  1.000000e+00 -0.000000e+00
   outer loop
     vertex -4.975000e+02 -3.800000e+02  4.020000e+03
     vertex -9.150000e+02 -3.800000e+02  4.280000e+03
     vertex -4.975000e+02 -3.800000e+02  4.280000e+03
   endloop
 endfacet
 facet normal  0.000000e+00 -1.000000e+00  0.000000e+00
   outer loop
     vertex -1.502500e+03  0.000000e+00  4.280000e+03
     vertex -1.045000e+03  0.000000e+00  4.020000e+03
     vertex -1.045000e+03  0.000000e+00  4.280000e+03
   endloop
 endfacet
 facet normal  0.000000e+00 -1.000000e+00  0.000000e+00
   outer loop
     vertex -1.502500e+03  0.000000e+00  4.280000e+03
     vertex -1.502500e+03  0.000000e+00  4.020000e+03
     vertex -1.045000e+03  0.000000e+00  4.020000e+03
   endloop
 endfacet
 facet normal  0.000000e+00  0.000000e+00 -1.000000e+00
   outer loop
     vertex -1.045000e+03 -3.800000e+02  4.280000e+03
     vertex -1.502500e+03 -3.800000e+02  4.280000e+03
     vertex -1.502500e+03  0.000000e+00  4.280000e+03
   endloop
 endfacet
 facet normal -0.000000e+00 -0.000000e+00 -1.000000e+00
   outer loop
     vertex -1.045000e+03  0.000000e+00  4.280000e+03
     vertex -1.045000e+03 -3.800000e+02  4.280000e+03
     vertex -1.502500e+03  0.000000e+00  4.280000e+03
   endloop
 endfacet
 facet normal -1.000000e+00  0.000000e+00  0.000000e+00
   outer loop
     vertex -1.045000e+03  0.000000e+00  4.020000e+03
     vertex -1.045000e+03 -3.800000e+02  4.280000e+03
     vertex -1.045000e+03  0.000000e+00  4.280000e+03
   endloop
 endfacet
 facet normal -1.000000e+00  0.000000e+00  0.000000e+00
   outer loop
     vertex -1.045000e+03  0.000000e+00  4.020000e+03
     vertex -1.045000e+03 -3.800000e+02  4.020000e+03
     vertex -1.045000e+03 -3.800000e+02  4.280000e+03
   endloop
 endfacet
 facet normal -0.000000e+00  0.000000e+00  1.000000e+00
   outer loop
     vertex -1.502500e+03  0.000000e+00  4.020000e+03
     vertex -1.045000e+03 -3.800000e+02  4.020000e+03
     vertex -1.045000e+03  0.000000e+00  4.020000e+03
   endloop
 endfacet
 facet normal  0.000000e+00  0.000000e+00  1.000000e+00
   outer loop
     vertex -1.502500e+03 -3.800000e+02  4.020000e+03
     vertex -1.045000e+03 -3.800000e+02  4.020000e+03
     vertex -1.502500e+03  0.000000e+00  4.020000e+03
   endloop
 endfacet
 facet normal  1.000000e+00  0.000000e+00 -0.000000e+00
   outer loop
     vertex -1.502500e+03  0.000000e+00  4.020000e+03
     vertex -1.502500e+03  0.000000e+00  4.280000e+03
     vertex -1.502500e+03 -3.800000e+02  4.280000e+03
   endloop
 endfacet
 facet normal  1.000000e+00  0.000000e+00  0.000000e+00
   outer loop
     vertex -1.502500e+03  0.000000e+00  4.020000e+03
     vertex -1.502500e+03 -3.800000e+02  4.280000e+03
     vertex -1.502500e+03 -3.800000e+02  4.020000e+03
   endloop
 endfacet
 facet normal  0.000000e+00  1.000000e+00  0.000000e+00
   outer loop
     vertex -1.045000e+03 -3.800000e+02  4.020000e+03
     vertex -1.502500e+03 -3.800000e+02  4.020000e+03
     vertex -1.502500e+03 -3.800000e+02  4.280000e+03
   endloop
 endfacet
 facet normal  0.000000e+00  1.000000e+00 -0.000000e+00
   outer loop
     vertex -1.045000e+03 -3.800000e+02  4.020000e+03
     vertex -1.502500e+03 -3.800000e+02  4.280000e+03
     vertex -1.045000e+03 -3.800000e+02  4.280000e+03
   endloop
 endfacet
 facet normal  0.000000e+00 -1.000000e+00 -0.000000e+00
   outer loop
     vertex -9.350000e+02  0.000000e+00  4.280000e+03
     vertex -1.025000e+03  0.000000e+00  4.077500e+03
     vertex -9.350000e+02  0.000000e+00  4.077500e+03
   endloop
 endfacet
 facet normal  0.000000e+00 -1.000000e+00  0.000000e+00
   outer loop
     vertex -1.025000e+03  0.000000e+00  4.280000e+03
     vertex -1.025000e+03  0.000000e+00  4.077500e+03
     vertex -9.350000e+02  0.000000e+00  4.280000e+03
   endloop
 endfacet
 facet normal -0.000000e+00  0.000000e+00 -1.000000e+00
   outer loop
     vertex -9.350000e+02  0.000000e+00  4.280000e+03
     vertex -1.025000e+03 -3.800000e+02  4.280000e+03
     vertex -1.025000e+03  0.000000e+00  4.280000e+03
   endloop
 endfacet
 facet normal  0.000000e+00 -0.000000e+00 -1.000000e+00
   outer loop
     vertex -9.350000e+02  0.000000e+00  4.280000e+03
     vertex -9.350000e+02 -3.800000e+02  4.280000e+03
     vertex -1.025000e+03 -3.800000e+02  4.280000e+03
   endloop
 endfacet
 facet normal -1.000000e+00  0.000000e+00  0.000000e+00
   outer loop
     vertex -9.350000e+02 -3.800000e+02  4.280000e+03
     vertex -9.350000e+02  0.000000e+00  4.077500e+03
     vertex -9.350000e+02 -3.800000e+02  4.077500e+03
   endloop
 endfacet
 facet normal -1.000000e+00  0.000000e+00  0.000000e+00
   outer loop
     vertex -9.350000e+02 -3.800000e+02  4.280000e+03
     vertex -9.350000e+02  0.000000e+00  4.280000e+03
     vertex -9.350000e+02  0.000000e+00  4.077500e+03
   endloop
 endfacet
 facet normal  0.000000e+00  0.000000e+00  1.000000e+00
   outer loop
     vertex -1.025000e+03 -3.800000e+02  4.077500e+03
     vertex -9.350000e+02  0.000000e+00  4.077500e+03
     vertex -1.025000e+03  0.000000e+00  4.077500e+03
   endloop
 endfacet
 facet normal  0.000000e+00  0.000000e+00  1.000000e+00
   outer loop
     vertex -1.025000e+03 -3.800000e+02  4.077500e+03
     vertex -9.350000e+02 -3.800000e+02  4.077500e+03
     vertex -9.350000e+02  0.000000e+00  4.077500e+03
   endloop
 endfacet
 facet normal  1.000000e+00  0.000000e+00 -0.000000e+00
   outer loop
     vertex -1.025000e+03  0.000000e+00  4.077500e+03
     vertex -1.025000e+03  0.000000e+00  4.280000e+03
     vertex -1.025000e+03 -3.800000e+02  4.280000e+03
   endloop
 endfacet
 facet normal  1.000000e+00  0.000000e+00  0.000000e+00
   outer loop
     vertex -1.025000e+03  0.000000e+00  4.077500e+03
     vertex -1.025000e+03 -3.800000e+02  4.280000e+03
     vertex -1.025000e+03 -3.800000e+02  4.077500e+03
   endloop
 endfacet
 facet normal  0.000000e+00  1.000000e+00  0.000000e+00
   outer loop
     vertex -1.025000e+03 -3.800000e+02  4.077500e+03
     vertex -1.025000e+03 -3.800000e+02  4.280000e+03
     vertex -9.350000e+02 -3.800000e+02  4.280000e+03
   endloop
 endfacet
 facet normal  0.000000e+00  1.000000e+00 -0.000000e+00
   outer loop
     vertex -9.350000e+02 -3.800000e+02  4.077500e+03
     vertex -1.025000e+03 -3.800000e+02  4.077500e+03
     vertex -9.350000e+02 -3.800000e+02  4.280000e+03
   endloop
 endfacet
 facet normal  0.000000e+00 -1.000000e+00  0.000000e+00
   outer loop
     vertex -1.502500e+03  0.000000e+00 -4.020000e+03
     vertex -1.085000e+03  0.000000e+00 -4.280000e+03
     vertex -1.085000e+03  0.000000e+00 -4.020000e+03
   endloop
 endfacet
 facet normal  0.000000e+00 -1.000000e+00  0.000000e+00
   outer loop
     vertex -1.502500e+03  0.000000e+00 -4.020000e+03
     vertex -1.502500e+03  0.000000e+00 -4.280000e+03
     vertex -1.085000e+03  0.000000e+00 -4.280000e+03
   endloop
 endfacet
 facet normal  0.000000e+00  0.000000e+00  1.000000e+00
   outer loop
     vertex -1.502500e+03 -3.800000e+02 -4.280000e+03
     vertex -1.085000e+03  0.000000e+00 -4.280000e+03
     vertex -1.502500e+03  0.000000e+00 -4.280000e+03
   endloop
 endfacet
 facet normal  0.000000e+00  0.000000e+00  1.000000e+00
   outer loop
     vertex -1.502500e+03 -3.800000e+02 -4.280000e+03
     vertex -1.085000e+03 -3.800000e+02 -4.280000e+03
     vertex -1.085000e+03  0.000000e+00 -4.280000e+03
   endloop
 endfacet
 facet normal  1.000000e+00  0.000000e+00 -0.000000e+00
   outer loop
     vertex -1.502500e+03  0.000000e+00 -4.280000e+03
     vertex -1.502500e+03  0.000000e+00 -4.020000e+03
     vertex -1.502500e+03 -3.800000e+02 -4.020000e+03
   endloop
 endfacet
 facet normal  1.000000e+00  0.000000e+00  0.000000e+00
   outer loop
     vertex -1.502500e+03  0.000000e+00 -4.280000e+03
     vertex -1.502500e+03 -3.800000e+02 -4.020000e+03
     vertex -1.502500e+03 -3.800000e+02 -4.280000e+03
   endloop
 endfacet
 facet normal -0.000000e+00  0.000000e+00 -1.000000e+00
   outer loop
     vertex -1.085000e+03  0.000000e+00 -4.020000e+03
     vertex -1.502500e+03 -3.800000e+02 -4.020000e+03
     vertex -1.502500e+03  0.000000e+00 -4.020000e+03
   endloop
 endfacet
 facet normal  0.000000e+00 -0.000000e+00 -1.000000e+00
   outer loop
     vertex -1.085000e+03  0.000000e+00 -4.020000e+03
     vertex -1.085000e+03 -3.800000e+02 -4.020000e+03
     vertex -1.502500e+03 -3.800000e+02 -4.020000e+03
   endloop
 endfacet
 facet normal -1.000000e+00  0.000000e+00  0.000000e+00
   outer loop
     vertex -1.085000e+03  0.000000e+00 -4.280000e+03
     vertex -1.085000e+03 -3.800000e+02 -4.020000e+03
     vertex -1.085000e+03  0.000000e+00 -4.020000e+03
   endloop
 endfacet
 facet normal -1.000000e+00  0.000000e+00  0.000000e+00
   outer loop
     vertex -1.085000e+03  0.000000e+00 -4.280000e+03
     vertex -1.085000e+03 -3.800000e+02 -4.280000e+03
     vertex -1.085000e+03 -3.800000e+02 -4.020000e+03
   endloop
 endfacet
 facet normal -0.000000e+00  1.000000e+00  0.000000e+00
   outer loop
     vertex -1.502500e+03 -3.800000e+02 -4.020000e+03
     vertex -1.085000e+03 -3.800000e+02 -4.020000e+03
     vertex -1.085000e+03 -3.800000e+02 -4.280000e+03
   endloop
 endfacet
 facet normal  0.000000e+00  1.000000e+00  0.000000e+00
   outer loop
     vertex -1.502500e+03 -3.800000e+02 -4.020000e+03
     vertex -1.085000e+03 -3.800000e+02 -4.280000e+03
     vertex -1.502500e+03 -3.800000e+02 -4.280000e+03
   endloop
 endfacet
 facet normal  0.000000e+00 -1.000000e+00  0.000000e+00
   outer loop
     vertex -9.550000e+02  0.000000e+00 -4.020000e+03
     vertex -4.975000e+02  0.000000e+00 -4.280000e+03
     vertex -4.975000e+02  0.000000e+00 -4.020000e+03
   endloop
 endfacet
 facet normal  0.000000e+00 -1.000000e+00  0.000000e+00
   outer loop
     vertex -9.550000e+02  0.000000e+00 -4.020000e+03
     vertex -9.550000e+02  0.000000e+00 -4.280000e+03
     vertex -4.975000e+02  0.000000e+00 -4.280000e+03
   endloop
 endfacet
 facet normal -0.000000e+00  0.000000e+00  1.000000e+00
   outer loop
     vertex -9.550000e+02  0.000000e+00 -4.280000e+03
     vertex -4.975000e+02 -3.800000e+02 -4.280000e+03
     vertex -4.975000e+02  0.000000e+00 -4.280000e+03
   endloop
 endfacet
 facet normal  0.000000e+00  0.000000e+00  1.000000e+00
   outer loop
     vertex -9.550000e+02 -3.800000e+02 -4.280000e+03
     vertex -4.975000e+02 -3.800000e+02 -4.280000e+03
     vertex -9.550000e+02  0.000000e+00 -4.280000e+03
   endloop
 endfacet
 facet normal  1.000000e+00 -0.000000e+00  0.000000e+00
   outer loop
     vertex -9.550000e+02 -3.800000e+02 -4.020000e+03
     vertex -9.550000e+02  0.000000e+00 -4.280000e+03
     vertex -9.550000e+02  0.000000e+00 -4.020000e+03
   endloop
 endfacet
 facet normal  1.000000e+00  0.000000e+00  0.000000e+00
   outer loop
     vertex -9.550000e+02 -3.800000e+02 -4.020000e+03
     vertex -9.550000e+02 -3.800000e+02 -4.280000e+03
     vertex -9.550000e+02  0.000000e+00 -4.280000e+03
   endloop
 endfacet
 facet normal  0.000000e+00  0.000000e+00 -1.000000e+00
   outer loop
     vertex -4.975000e+02 -3.800000e+02 -4.020000e+03
     vertex -9.550000e+02 -3.800000e+02 -4.020000e+03
     vertex -9.550000e+02  0.000000e+00 -4.020000e+03
   endloop
 endfacet
 facet normal -0.000000e+00 -0.000000e+00 -1.000000e+00
   outer loop
     vertex -4.975000e+02  0.000000e+00 -4.020000e+03
     vertex -4.975000e+02 -3.800000e+02 -4.020000e+03
     vertex -9.550000e+02  0.000000e+00 -4.020000e+03
   endloop
 endfacet
 facet normal -1.000000e+00  0.000000e+00  0.000000e+00
   outer loop
     vertex -4.975000e+02 -3.800000e+02 -4.020000e+03
     vertex -4.975000e+02  0.000000e+00 -4.280000e+03
     vertex -4.975000e+02 -3.800000e+02 -4.280000e+03
   endloop
 endfacet
 facet normal -1.000000e+00  0.000000e+00  0.000000e+00
   outer loop
     vertex -4.975000e+02 -3.800000e+02 -4.020000e+03
     vertex -4.975000e+02  0.000000e+00 -4.020000e+03
     vertex -4.975000e+02  0.000000e+00 -4.280000e+03
   endloop
 endfacet
 facet normal -0.000000e+00  1.000000e+00  0.000000e+00
   outer loop
     vertex -9.550000e+02 -3.800000e+02 -4.020000e+03
     vertex -4.975000e+02 -3.800000e+02 -4.020000e+03
     vertex -4.975000e+02 -3.800000e+02 -4.280000e+03
   endloop
 endfacet
 facet normal  0.000000e+00  1.000000e+00  0.000000e+00
   outer loop
     vertex -9.550000e+02 -3.800000e+02 -4.020000e+03
     vertex -4.975000e+02 -3.800000e+02 -4.280000e+03
     vertex -9.550000e+02 -3.800000e+02 -4.280000e+03
   endloop
 endfacet
 facet normal  0.000000e+00 -1.000000e+00 -0.000000e+00
   outer loop
     vertex -9.750000e+02  0.000000e+00 -4.077500e+03
     vertex -1.065000e+03  0.000000e+00 -4.280000e+03
     vertex -9.750000e+02  0.000000e+00 -4.280000e+03
   endloop
 endfacet
 facet normal  0.000000e+00 -1.000000e+00  0.000000e+00
   outer loop
     vertex -1.065000e+03  0.000000e+00 -4.077500e+03
     vertex -1.065000e+03  0.000000e+00 -4.280000e+03
     vertex -9.750000e+02  0.000000e+00 -4.077500e+03
   endloop
 endfacet
 facet normal  0.000000e+00  0.000000e+00  1.000000e+00
   outer loop
     vertex -1.065000e+03 -3.800000e+02 -4.280000e+03
     vertex -9.750000e+02  0.000000e+00 -4.280000e+03
     vertex -1.065000e+03  0.000000e+00 -4.280000e+03
   endloop
 endfacet
 facet normal  0.000000e+00  0.000000e+00  1.000000e+00
   outer loop
     vertex -1.065000e+03 -3.800000e+02 -4.280000e+03
     vertex -9.750000e+02 -3.800000e+02 -4.280000e+03
     vertex -9.750000e+02  0.000000e+00 -4.280000e+03
   endloop
 endfacet
 facet normal  1.000000e+00  0.000000e+00 -0.000000e+00
   outer loop
     vertex -1.065000e+03  0.000000e+00 -4.280000e+03
     vertex -1.065000e+03  0.000000e+00 -4.077500e+03
     vertex -1.065000e+03 -3.800000e+02 -4.077500e+03
   endloop
 endfacet
 facet normal  1.000000e+00  0.000000e+00  0.000000e+00
   outer loop
     vertex -1.065000e+03  0.000000e+00 -4.280000e+03
     vertex -1.065000e+03 -3.800000e+02 -4.077500e+03
     vertex -1.065000e+03 -3.800000e+02 -4.280000e+03
   endloop
 endfacet
 facet normal -0.000000e+00  0.000000e+00 -1.000000e+00
   outer loop
     vertex -9.750000e+02  0.000000e+00 -4.077500e+03
     vertex -1.065000e+03 -3.800000e+02 -4.077500e+03
     vertex -1.065000e+03  0.000000e+00 -4.077500e+03
   endloop
 endfacet
 facet normal  0.000000e+00 -0.000000e+00 -1.000000e+00
   outer loop
     vertex -9.750000e+02  0.000000e+00 -4.077500e+03
     vertex -9.750000e+02 -3.800000e+02 -4.077500e+03
     vertex -1.065000e+03 -3.800000e+02 -4.077500e+03
   endloop
 endfacet
 facet normal -1.000000e+00  0.000000e+00  0.000000e+00
   outer loop
     vertex -9.750000e+02 -3.800000e+02 -4.077500e+03
     vertex -9.750000e+02  0.000000e+00 -4.280000e+03
     vertex -9.750000e+02 -3.800000e+02 -4.280000e+03
   endloop
 endfacet
 facet normal -1.000000e+00  0.000000e+00  0.000000e+00
   outer loop
     vertex -9.750000e+02 -3.800000e+02 -4.077500e+03
     vertex -9.750000e+02  0.000000e+00 -4.077500e+03
     vertex -9.750000e+02  0.000000e+00 -4.280000e+03
   endloop
 endfacet
 facet normal  0.000000e+00  1.000000e+00  0.000000e+00
   outer loop
     vertex -9.750000e+02 -3.800000e+02 -4.077500e+03
     vertex -9.750000e+02 -3.800000e+02 -4.280000e+03
     vertex -1.065000e+03 -3.800000e+02 -4.280000e+03
   endloop
 endfacet
 facet normal -0.000000e+00  1.000000e+00  0.000000e+00
   outer loop
     vertex -1.065000e+03 -3.800000e+02 -4.077500e+03
     vertex -9.750000e+02 -3.800000e+02 -4.077500e+03
     vertex -1.065000e+03 -3.800000e+02 -4.280000e+03
   endloop
 endfacet
 facet normal  0.000000e+00 -1.000000e+00  0.000000e+00
   outer loop
     vertex -6.280000e+03  0.000000e+00 -2.497500e+03
     vertex -6.020000e+03  0.000000e+00 -2.915000e+03
     vertex -6.020000e+03  0.000000e+00 -2.497500e+03
   endloop
 endfacet
 facet normal  0.000000e+00 -1.000000e+00  0.000000e+00
   outer loop
     vertex -6.280000e+03  0.000000e+00 -2.497500e+03
     vertex -6.280000e+03  0.000000e+00 -2.915000e+03
     vertex -6.020000e+03  0.000000e+00 -2.915000e+03
   endloop
 endfacet
 facet normal  1.000000e+00 -0.000000e+00  0.000000e+00
   outer loop
     vertex -6.280000e+03 -3.800000e+02 -2.497500e+03
     vertex -6.280000e+03  0.000000e+00 -2.915000e+03
     vertex -6.280000e+03  0.000000e+00 -2.497500e+03
   endloop
 endfacet
 facet normal  1.000000e+00  0.000000e+00  0.000000e+00
   outer loop
     vertex -6.280000e+03 -3.800000e+02 -2.497500e+03
     vertex -6.280000e+03 -3.800000e+02 -2.915000e+03
     vertex -6.280000e+03  0.000000e+00 -2.915000e+03
   endloop
 endfacet
 facet normal  0.000000e+00  0.000000e+00 -1.000000e+00
   outer loop
     vertex -6.280000e+03 -3.800000e+02 -2.497500e+03
     vertex -6.020000e+03  0.000000e+00 -2.497500e+03
     vertex -6.020000e+03 -3.800000e+02 -2.497500e+03
   endloop
 endfacet
 facet normal  0.000000e+00  0.000000e+00 -1.000000e+00
   outer loop
     vertex -6.280000e+03 -3.800000e+02 -2.497500e+03
     vertex -6.280000e+03  0.000000e+00 -2.497500e+03
     vertex -6.020000e+03  0.000000e+00 -2.497500e+03
   endloop
 endfacet
 facet normal -1.000000e+00  0.000000e+00  0.000000e+00
   outer loop
     vertex -6.020000e+03  0.000000e+00 -2.915000e+03
     vertex -6.020000e+03 -3.800000e+02 -2.497500e+03
     vertex -6.020000e+03  0.000000e+00 -2.497500e+03
   endloop
 endfacet
 facet normal -1.000000e+00  0.000000e+00  0.000000e+00
   outer loop
     vertex -6.020000e+03  0.000000e+00 -2.915000e+03
     vertex -6.020000e+03 -3.800000e+02 -2.915000e+03
     vertex -6.020000e+03 -3.800000e+02 -2.497500e+03
   endloop
 endfacet
 facet normal  0.000000e+00  0.000000e+00  1.000000e+00
   outer loop
     vertex -6.280000e+03 -3.800000e+02 -2.915000e+03
     vertex -6.020000e+03  0.000000e+00 -2.915000e+03
     vertex -6.280000e+03  0.000000e+00 -2.915000e+03
   endloop
 endfacet
 facet normal  0.000000e+00  0.000000e+00  1.000000e+00
   outer loop
     vertex -6.280000e+03 -3.800000e+02 -2.915000e+03
     vertex -6.020000e+03 -3.800000e+02 -2.915000e+03
     vertex -6.020000e+03  0.000000e+00 -2.915000e+03
   endloop
 endfacet
 facet normal  0.000000e+00  1.000000e+00  0.000000e+00
   outer loop
     vertex -6.020000e+03 -3.800000e+02 -2.497500e+03
     vertex -6.020000e+03 -3.800000e+02 -2.915000e+03
     vertex -6.280000e+03 -3.800000e+02 -2.915000e+03
   endloop
 endfacet
 facet normal  0.000000e+00  1.000000e+00  0.000000e+00
   outer loop
     vertex -6.020000e+03 -3.800000e+02 -2.497500e+03
     vertex -6.280000e+03 -3.800000e+02 -2.915000e+03
     vertex -6.280000e+03 -3.800000e+02 -2.497500e+03
   endloop
 endfacet
 facet normal  0.000000e+00 -1.000000e+00  0.000000e+00
   outer loop
     vertex -6.280000e+03  0.000000e+00 -3.045000e+03
     vertex -6.020000e+03  0.000000e+00 -3.502500e+03
     vertex -6.020000e+03  0.000000e+00 -3.045000e+03
   endloop
 endfacet
 facet normal  0.000000e+00 -1.000000e+00  0.000000e+00
   outer loop
     vertex -6.280000e+03  0.000000e+00 -3.045000e+03
     vertex -6.280000e+03  0.000000e+00 -3.502500e+03
     vertex -6.020000e+03  0.000000e+00 -3.502500e+03
   endloop
 endfacet
 facet normal  1.000000e+00  0.000000e+00  0.000000e+00
   outer loop
     vertex -6.280000e+03  0.000000e+00 -3.045000e+03
     vertex -6.280000e+03 -3.800000e+02 -3.502500e+03
     vertex -6.280000e+03  0.000000e+00 -3.502500e+03
   endloop
 endfacet
 facet normal  1.000000e+00 -0.000000e+00  0.000000e+00
   outer loop
     vertex -6.280000e+03 -3.800000e+02 -3.045000e+03
     vertex -6.280000e+03 -3.800000e+02 -3.502500e+03
     vertex -6.280000e+03  0.000000e+00 -3.045000e+03
   endloop
 endfacet
 facet normal -0.000000e+00  0.000000e+00 -1.000000e+00
   outer loop
     vertex -6.020000e+03  0.000000e+00 -3.045000e+03
     vertex -6.280000e+03 -3.800000e+02 -3.045000e+03
     vertex -6.280000e+03  0.000000e+00 -3.045000e+03
   endloop
 endfacet
 facet normal  0.000000e+00 -0.000000e+00 -1.000000e+00
   outer loop
     vertex -6.020000e+03  0.000000e+00 -3.045000e+03
     vertex -6.020000e+03 -3.800000e+02 -3.045000e+03
     vertex -6.280000e+03 -3.800000e+02 -3.045000e+03
   endloop
 endfacet
 facet normal -1.000000e+00  0.000000e+00  0.000000e+00
   outer loop
     vertex -6.020000e+03 -3.800000e+02 -3.502500e+03
     vertex -6.020000e+03 -3.800000e+02 -3.045000e+03
     vertex -6.020000e+03  0.000000e+00 -3.045000e+03
   endloop
 endfacet
 facet normal -1.000000e+00  0.000000e+00  0.000000e+00
   outer loop
     vertex -6.020000e+03  0.000000e+00 -3.502500e+03
     vertex -6.020000e+03 -3.800000e+02 -3.502500e+03
     vertex -6.020000e+03  0.000000e+00 -3.045000e+03
   endloop
 endfacet
 facet normal  0.000000e+00  0.000000e+00  1.000000e+00
   outer loop
     vertex -6.020000e+03  0.000000e+00 -3.502500e+03
     vertex -6.280000e+03  0.000000e+00 -3.502500e+03
     vertex -6.280000e+03 -3.800000e+02 -3.502500e+03
   endloop
 endfacet
 facet normal  0.000000e+00  0.000000e+00  1.000000e+00
   outer loop
     vertex -6.020000e+03  0.000000e+00 -3.502500e+03
     vertex -6.280000e+03 -3.800000e+02 -3.502500e+03
     vertex -6.020000e+03 -3.800000e+02 -3.502500e+03
   endloop
 endfacet
 facet normal  0.000000e+00  1.000000e+00  0.000000e+00
   outer loop
     vertex -6.020000e+03 -3.800000e+02 -3.045000e+03
     vertex -6.020000e+03 -3.800000e+02 -3.502500e+03
     vertex -6.280000e+03 -3.800000e+02 -3.502500e+03
   endloop
 endfacet
 facet normal  0.000000e+00  1.000000e+00  0.000000e+00
   outer loop
     vertex -6.020000e+03 -3.800000e+02 -3.045000e+03
     vertex -6.280000e+03 -3.800000e+02 -3.502500e+03
     vertex -6.280000e+03 -3.800000e+02 -3.045000e+03
   endloop
 endfacet
 facet normal  0.000000e+00 -1.000000e+00  0.000000e+00
   outer loop
     vertex -6.280000e+03  0.000000e+00 -3.025000e+03
     vertex -6.077500e+03  0.000000e+00 -3.025000e+03
     vertex -6.077500e+03  0.000000e+00 -2.935000e+03
   endloop
 endfacet
 facet normal  0.000000e+00 -1.000000e+00  0.000000e+00
   outer loop
     vertex -6.280000e+03  0.000000e+00 -2.935000e+03
     vertex -6.280000e+03  0.000000e+00 -3.025000e+03
     vertex -6.077500e+03  0.000000e+00 -2.935000e+03
   endloop
 endfacet
 facet normal  1.000000e+00 -0.000000e+00  0.000000e+00
   outer loop
     vertex -6.280000e+03 -3.800000e+02 -2.935000e+03
     vertex -6.280000e+03  0.000000e+00 -3.025000e+03
     vertex -6.280000e+03  0.000000e+00 -2.935000e+03
   endloop
 endfacet
 facet normal  1.000000e+00  0.000000e+00  0.000000e+00
   outer loop
     vertex -6.280000e+03 -3.800000e+02 -2.935000e+03
     vertex -6.280000e+03 -3.800000e+02 -3.025000e+03
     vertex -6.280000e+03  0.000000e+00 -3.025000e+03
   endloop
 endfacet
 facet normal  0.000000e+00  0.000000e+00 -1.000000e+00
   outer loop
     vertex -6.280000e+03 -3.800000e+02 -2.935000e+03
     vertex -6.077500e+03  0.000000e+00 -2.935000e+03
     vertex -6.077500e+03 -3.800000e+02 -2.935000e+03
   endloop
 endfacet
 facet normal  0.000000e+00  0.000000e+00 -1.000000e+00
   outer loop
     vertex -6.280000e+03 -3.800000e+02 -2.935000e+03
     vertex -6.280000e+03  0.000000e+00 -2.935000e+03
     vertex -6.077500e+03  0.000000e+00 -2.935000e+03
   endloop
 endfacet
 facet normal -1.000000e+00  0.000000e+00  0.000000e+00
   outer loop
     vertex -6.077500e+03  0.000000e+00 -3.025000e+03
     vertex -6.077500e+03 -3.800000e+02 -2.935000e+03
     vertex -6.077500e+03  0.000000e+00 -2.935000e+03
   endloop
 endfacet
 facet normal -1.000000e+00  0.000000e+00  0.000000e+00
   outer loop
     vertex -6.077500e+03  0.000000e+00 -3.025000e+03
     vertex -6.077500e+03 -3.800000e+02 -3.025000e+03
     vertex -6.077500e+03 -3.800000e+02 -2.935000e+03
   endloop
 endfacet
 facet normal  0.000000e+00  0.000000e+00  1.000000e+00
   outer loop
     vertex -6.077500e+03  0.000000e+00 -3.025000e+03
     vertex -6.280000e+03  0.000000e+00 -3.025000e+03
     vertex -6.280000e+03 -3.800000e+02 -3.025000e+03
   endloop
 endfacet
 facet normal  0.000000e+00  0.000000e+00  1.000000e+00
   outer loop
     vertex -6.077500e+03  0.000000e+00 -3.025000e+03
     vertex -6.280000e+03 -3.800000e+02 -3.025000e+03
     vertex -6.077500e+03 -3.800000e+02 -3.025000e+03
   endloop
 endfacet
 facet normal  0.000000e+00  1.000000e+00  0.000000e+00
   outer loop
     vertex -6.077500e+03 -3.800000e+02 -3.025000e+03
     vertex -6.280000e+03 -3.800000e+02 -3.025000e+03
     vertex -6.280000e+03 -3.800000e+02 -2.935000e+03
   endloop
 endfacet
 facet normal  0.000000e+00  1.000000e+00  0.000000e+00
   outer loop
     vertex -6.077500e+03 -3.800000e+02 -2.935000e+03
     vertex -6.077500e+03 -3.800000e+02 -3.025000e+03
     vertex -6.280000e+03 -3.800000e+02 -2.935000e+03
   endloop
 endfacet
 facet normal  0.000000e+00 -1.000000e+00  0.000000e+00
   outer loop
     vertex -2.915000e+03  0.000000e+00  4.280000e+03
     vertex -2.497500e+03  0.000000e+00  4.020000e+03
     vertex -2.497500e+03  0.000000e+00  4.280000e+03
   endloop
 endfacet
 facet normal  0.000000e+00 -1.000000e+00  0.000000e+00
   outer loop
     vertex -2.915000e+03  0.000000e+00  4.280000e+03
     vertex -2.915000e+03  0.000000e+00  4.020000e+03
     vertex -2.497500e+03  0.000000e+00  4.020000e+03
   endloop
 endfacet
 facet normal -0.000000e+00  0.000000e+00 -1.000000e+00
   outer loop
     vertex -2.497500e+03  0.000000e+00  4.280000e+03
     vertex -2.915000e+03 -3.800000e+02  4.280000e+03
     vertex -2.915000e+03  0.000000e+00  4.280000e+03
   endloop
 endfacet
 facet normal  0.000000e+00 -0.000000e+00 -1.000000e+00
   outer loop
     vertex -2.497500e+03  0.000000e+00  4.280000e+03
     vertex -2.497500e+03 -3.800000e+02  4.280000e+03
     vertex -2.915000e+03 -3.800000e+02  4.280000e+03
   endloop
 endfacet
 facet normal -1.000000e+00  0.000000e+00  0.000000e+00
   outer loop
     vertex -2.497500e+03 -3.800000e+02  4.280000e+03
     vertex -2.497500e+03  0.000000e+00  4.020000e+03
     vertex -2.497500e+03 -3.800000e+02  4.020000e+03
   endloop
 endfacet
 facet normal -1.000000e+00  0.000000e+00  0.000000e+00
   outer loop
     vertex -2.497500e+03 -3.800000e+02  4.280000e+03
     vertex -2.497500e+03  0.000000e+00  4.280000e+03
     vertex -2.497500e+03  0.000000e+00  4.020000e+03
   endloop
 endfacet
 facet normal  0.000000e+00  0.000000e+00  1.000000e+00
   outer loop
     vertex -2.915000e+03 -3.800000e+02  4.020000e+03
     vertex -2.497500e+03  0.000000e+00  4.020000e+03
     vertex -2.915000e+03  0.000000e+00  4.020000e+03
   endloop
 endfacet
 facet normal  0.000000e+00  0.000000e+00  1.000000e+00
   outer loop
     vertex -2.915000e+03 -3.800000e+02  4.020000e+03
     vertex -2.497500e+03 -3.800000e+02  4.020000e+03
     vertex -2.497500e+03  0.000000e+00  4.020000e+03
   endloop
 endfacet
 facet normal  1.000000e+00 -0.000000e+00  0.000000e+00
   outer loop
     vertex -2.915000e+03 -3.800000e+02  4.280000e+03
     vertex -2.915000e+03  0.000000e+00  4.020000e+03
     vertex -2.915000e+03  0.000000e+00  4.280000e+03
   endloop
 endfacet
 facet normal  1.000000e+00  0.000000e+00  0.000000e+00
   outer loop
     vertex -2.915000e+03 -3.800000e+02  4.280000e+03
     vertex -2.915000e+03 -3.800000e+02  4.020000e+03
     vertex -2.915000e+03  0.000000e+00  4.020000e+03
   endloop
 endfacet
 facet normal  0.000000e+00  1.000000e+00  0.000000e+00
   outer loop
     vertex -2.497500e+03 -3.800000e+02  4.020000e+03
     vertex -2.915000e+03 -3.800000e+02  4.020000e+03
     vertex -2.915000e+03 -3.800000e+02  4.280000e+03
   endloop
 endfacet
 facet normal  0.000000e+00  1.000000e+00 -0.000000e+00
   outer loop
     vertex -2.497500e+03 -3.800000e+02  4.020000e+03
     vertex -2.915000e+03 -3.800000e+02  4.280000e+03
     vertex -2.497500e+03 -3.800000e+02  4.280000e+03
   endloop
 endfacet
 facet normal  0.000000e+00 -1.000000e+00  0.000000e+00
   outer loop
     vertex -3.502500e+03  0.000000e+00  4.280000e+03
     vertex -3.045000e+03  0.000000e+00  4.020000e+03
     vertex -3.045000e+03  0.000000e+00  4.280000e+03
   endloop
 endfacet
 facet normal  0.000000e+00 -1.000000e+00  0.000000e+00
   outer loop
     vertex -3.502500e+03  0.000000e+00  4.280000e+03
     vertex -3.502500e+03  0.000000e+00  4.020000e+03
     vertex -3.045000e+03  0.000000e+00  4.020000e+03
   endloop
 endfacet
 facet normal  0.000000e+00  0.000000e+00 -1.000000e+00
   outer loop
     vertex -3.045000e+03 -3.800000e+02  4.280000e+03
     vertex -3.502500e+03 -3.800000e+02  4.280000e+03
     vertex -3.502500e+03  0.000000e+00  4.280000e+03
   endloop
 endfacet
 facet normal -0.000000e+00 -0.000000e+00 -1.000000e+00
   outer loop
     vertex -3.045000e+03  0.000000e+00  4.280000e+03
     vertex -3.045000e+03 -3.800000e+02  4.280000e+03
     vertex -3.502500e+03  0.000000e+00  4.280000e+03
   endloop
 endfacet
 facet normal -1.000000e+00  0.000000e+00  0.000000e+00
   outer loop
     vertex -3.045000e+03  0.000000e+00  4.020000e+03
     vertex -3.045000e+03 -3.800000e+02  4.280000e+03
     vertex -3.045000e+03  0.000000e+00  4.280000e+03
   endloop
 endfacet
 facet normal -1.000000e+00  0.000000e+00  0.000000e+00
   outer loop
     vertex -3.045000e+03  0.000000e+00  4.020000e+03
     vertex -3.045000e+03 -3.800000e+02  4.020000e+03
     vertex -3.045000e+03 -3.800000e+02  4.280000e+03
   endloop
 endfacet
 facet normal -0.000000e+00  0.000000e+00  1.000000e+00
   outer loop
     vertex -3.502500e+03  0.000000e+00  4.020000e+03
     vertex -3.045000e+03 -3.800000e+02  4.020000e+03
     vertex -3.045000e+03  0.000000e+00  4.020000e+03
   endloop
 endfacet
 facet normal  0.000000e+00  0.000000e+00  1.000000e+00
   outer loop
     vertex -3.502500e+03 -3.800000e+02  4.020000e+03
     vertex -3.045000e+03 -3.800000e+02  4.020000e+03
     vertex -3.502500e+03  0.000000e+00  4.020000e+03
   endloop
 endfacet
 facet normal  1.000000e+00  0.000000e+00 -0.000000e+00
   outer loop
     vertex -3.502500e+03  0.000000e+00  4.020000e+03
     vertex -3.502500e+03  0.000000e+00  4.280000e+03
     vertex -3.502500e+03 -3.800000e+02  4.280000e+03
   endloop
 endfacet
 facet normal  1.000000e+00  0.000000e+00  0.000000e+00
   outer loop
     vertex -3.502500e+03  0.000000e+00  4.020000e+03
     vertex -3.502500e+03 -3.800000e+02  4.280000e+03
     vertex -3.502500e+03 -3.800000e+02  4.020000e+03
   endloop
 endfacet
 facet normal  0.000000e+00  1.000000e+00  0.000000e+00
   outer loop
     vertex -3.045000e+03 -3.800000e+02  4.020000e+03
     vertex -3.502500e+03 -3.800000e+02  4.020000e+03
     vertex -3.502500e+03 -3.800000e+02  4.280000e+03
   endloop
 endfacet
 facet normal  0.000000e+00  1.000000e+00 -0.000000e+00
   outer loop
     vertex -3.045000e+03 -3.800000e+02  4.020000e+03
     vertex -3.502500e+03 -3.800000e+02  4.280000e+03
     vertex -3.045000e+03 -3.800000e+02  4.280000e+03
   endloop
 endfacet
 facet normal  0.000000e+00 -1.000000e+00 -0.000000e+00
   outer loop
     vertex -2.935000e+03  0.000000e+00  4.280000e+03
     vertex -3.025000e+03  0.000000e+00  4.077500e+03
     vertex -2.935000e+03  0.000000e+00  4.077500e+03
   endloop
 endfacet
 facet normal  0.000000e+00 -1.000000e+00  0.000000e+00
   outer loop
     vertex -3.025000e+03  0.000000e+00  4.280000e+03
     vertex -3.025000e+03  0.000000e+00  4.077500e+03
     vertex -2.935000e+03  0.000000e+00  4.280000e+03
   endloop
 endfacet
 facet normal -0.000000e+00  0.000000e+00 -1.000000e+00
   outer loop
     vertex -2.935000e+03  0.000000e+00  4.280000e+03
     vertex -3.025000e+03 -3.800000e+02  4.280000e+03
     vertex -3.025000e+03  0.000000e+00  4.280000e+03
   endloop
 endfacet
 facet normal  0.000000e+00 -0.000000e+00 -1.000000e+00
   outer loop
     vertex -2.935000e+03  0.000000e+00  4.280000e+03
     vertex -2.935000e+03 -3.800000e+02  4.280000e+03
     vertex -3.025000e+03 -3.800000e+02  4.280000e+03
   endloop
 endfacet
 facet normal -1.000000e+00  0.000000e+00  0.000000e+00
   outer loop
     vertex -2.935000e+03 -3.800000e+02  4.280000e+03
     vertex -2.935000e+03  0.000000e+00  4.077500e+03
     vertex -2.935000e+03 -3.800000e+02  4.077500e+03
   endloop
 endfacet
 facet normal -1.000000e+00  0.000000e+00  0.000000e+00
   outer loop
     vertex -2.935000e+03 -3.800000e+02  4.280000e+03
     vertex -2.935000e+03  0.000000e+00  4.280000e+03
     vertex -2.935000e+03  0.000000e+00  4.077500e+03
   endloop
 endfacet
 facet normal  0.000000e+00  0.000000e+00  1.000000e+00
   outer loop
     vertex -3.025000e+03 -3.800000e+02  4.077500e+03
     vertex -2.935000e+03  0.000000e+00  4.077500e+03
     vertex -3.025000e+03  0.000000e+00  4.077500e+03
   endloop
 endfacet
 facet normal  0.000000e+00  0.000000e+00  1.000000e+00
   outer loop
     vertex -3.025000e+03 -3.800000e+02  4.077500e+03
     vertex -2.935000e+03 -3.800000e+02  4.077500e+03
     vertex -2.935000e+03  0.000000e+00  4.077500e+03
   endloop
 endfacet
 facet normal  1.000000e+00  0.000000e+00 -0.000000e+00
   outer loop
     vertex -3.025000e+03  0.000000e+00  4.077500e+03
     vertex -3.025000e+03  0.000000e+00  4.280000e+03
     vertex -3.025000e+03 -3.800000e+02  4.280000e+03
   endloop
 endfacet
 facet normal  1.000000e+00  0.000000e+00  0.000000e+00
   outer loop
     vertex -3.025000e+03  0.000000e+00  4.077500e+03
     vertex -3.025000e+03 -3.800000e+02  4.280000e+03
     vertex -3.025000e+03 -3.800000e+02  4.077500e+03
   endloop
 endfacet
 facet normal  0.000000e+00  1.000000e+00  0.000000e+00
   outer loop
     vertex -3.025000e+03 -3.800000e+02  4.077500e+03
     vertex -3.025000e+03 -3.800000e+02  4.280000e+03
     vertex -2.935000e+03 -3.800000e+02  4.280000e+03
   endloop
 endfacet
 facet normal  0.000000e+00  1.000000e+00 -0.000000e+00
   outer loop
     vertex -2.935000e+03 -3.800000e+02  4.077500e+03
     vertex -3.025000e+03 -3.800000e+02  4.077500e+03
     vertex -2.935000e+03 -3.800000e+02  4.280000e+03
   endloop
 endfacet
 facet normal  0.000000e+00 -1.000000e+00  0.000000e+00
   outer loop
     vertex -4.915000e+03  0.000000e+00  4.280000e+03
     vertex -4.497500e+03  0.000000e+00  4.020000e+03
     vertex -4.497500e+03  0.000000e+00  4.280000e+03
   endloop
 endfacet
 facet normal  0.000000e+00 -1.000000e+00  0.000000e+00
   outer loop
     vertex -4.915000e+03  0.000000e+00  4.280000e+03
     vertex -4.915000e+03  0.000000e+00  4.020000e+03
     vertex -4.497500e+03  0.000000e+00  4.020000e+03
   endloop
 endfacet
 facet normal -0.000000e+00  0.000000e+00 -1.000000e+00
   outer loop
     vertex -4.497500e+03  0.000000e+00  4.280000e+03
     vertex -4.915000e+03 -3.800000e+02  4.280000e+03
     vertex -4.915000e+03  0.000000e+00  4.280000e+03
   endloop
 endfacet
 facet normal  0.000000e+00 -0.000000e+00 -1.000000e+00
   outer loop
     vertex -4.497500e+03  0.000000e+00  4.280000e+03
     vertex -4.497500e+03 -3.800000e+02  4.280000e+03
     vertex -4.915000e+03 -3.800000e+02  4.280000e+03
   endloop
 endfacet
 facet normal -1.000000e+00  0.000000e+00  0.000000e+00
   outer loop
     vertex -4.497500e+03 -3.800000e+02  4.280000e+03
     vertex -4.497500e+03  0.000000e+00  4.020000e+03
     vertex -4.497500e+03 -3.800000e+02  4.020000e+03
   endloop
 endfacet
 facet normal -1.000000e+00  0.000000e+00  0.000000e+00
   outer loop
     vertex -4.497500e+03 -3.800000e+02  4.280000e+03
     vertex -4.497500e+03  0.000000e+00  4.280000e+03
     vertex -4.497500e+03  0.000000e+00  4.020000e+03
   endloop
 endfacet
 facet normal  0.000000e+00  0.000000e+00  1.000000e+00
   outer loop
     vertex -4.915000e+03 -3.800000e+02  4.020000e+03
     vertex -4.497500e+03  0.000000e+00  4.020000e+03
     vertex -4.915000e+03  0.000000e+00  4.020000e+03
   endloop
 endfacet
 facet normal  0.000000e+00  0.000000e+00  1.000000e+00
   outer loop
     vertex -4.915000e+03 -3.800000e+02  4.020000e+03
     vertex -4.497500e+03 -3.800000e+02  4.020000e+03
     vertex -4.497500e+03  0.000000e+00  4.020000e+03
   endloop
 endfacet
 facet normal  1.000000e+00 -0.000000e+00  0.000000e+00
   outer loop
     vertex -4.915000e+03 -3.800000e+02  4.280000e+03
     vertex -4.915000e+03  0.000000e+00  4.020000e+03
     vertex -4.915000e+03  0.000000e+00  4.280000e+03
   endloop
 endfacet
 facet normal  1.000000e+00  0.000000e+00  0.000000e+00
   outer loop
     vertex -4.915000e+03 -3.800000e+02  4.280000e+03
     vertex -4.915000e+03 -3.800000e+02  4.020000e+03
     vertex -4.915000e+03  0.000000e+00  4.020000e+03
   endloop
 endfacet
 facet normal  0.000000e+00  1.000000e+00  0.000000e+00
   outer loop
     vertex -4.497500e+03 -3.800000e+02  4.020000e+03
     vertex -4.915000e+03 -3.800000e+02  4.020000e+03
     vertex -4.915000e+03 -3.800000e+02  4.280000e+03
   endloop
 endfacet
 facet normal  0.000000e+00  1.000000e+00 -0.000000e+00
   outer loop
     vertex -4.497500e+03 -3.800000e+02  4.020000e+03
     vertex -4.915000e+03 -3.800000e+02  4.280000e+03
     vertex -4.497500e+03 -3.800000e+02  4.280000e+03
   endloop
 endfacet
 facet normal  0.000000e+00 -1.000000e+00  0.000000e+00
   outer loop
     vertex -5.502500e+03  0.000000e+00  4.280000e+03
     vertex -5.045000e+03  0.000000e+00  4.020000e+03
     vertex -5.045000e+03  0.000000e+00  4.280000e+03
   endloop
 endfacet
 facet normal  0.000000e+00 -1.000000e+00  0.000000e+00
   outer loop
     vertex -5.502500e+03  0.000000e+00  4.280000e+03
     vertex -5.502500e+03  0.000000e+00  4.020000e+03
     vertex -5.045000e+03  0.000000e+00  4.020000e+03
   endloop
 endfacet
 facet normal  0.000000e+00  0.000000e+00 -1.000000e+00
   outer loop
     vertex -5.045000e+03 -3.800000e+02  4.280000e+03
     vertex -5.502500e+03 -3.800000e+02  4.280000e+03
     vertex -5.502500e+03  0.000000e+00  4.280000e+03
   endloop
 endfacet
 facet normal -0.000000e+00 -0.000000e+00 -1.000000e+00
   outer loop
     vertex -5.045000e+03  0.000000e+00  4.280000e+03
     vertex -5.045000e+03 -3.800000e+02  4.280000e+03
     vertex -5.502500e+03  0.000000e+00  4.280000e+03
   endloop
 endfacet
 facet normal -1.000000e+00  0.000000e+00  0.000000e+00
   outer loop
     vertex -5.045000e+03  0.000000e+00  4.020000e+03
     vertex -5.045000e+03 -3.800000e+02  4.280000e+03
     vertex -5.045000e+03  0.000000e+00  4.280000e+03
   endloop
 endfacet
 facet normal -1.000000e+00  0.000000e+00  0.000000e+00
   outer loop
     vertex -5.045000e+03  0.000000e+00  4.020000e+03
     vertex -5.045000e+03 -3.800000e+02  4.020000e+03
     vertex -5.045000e+03 -3.800000e+02  4.280000e+03
   endloop
 endfacet
 facet normal -0.000000e+00  0.000000e+00  1.000000e+00
   outer loop
     vertex -5.502500e+03  0.000000e+00  4.020000e+03
     vertex -5.045000e+03 -3.800000e+02  4.020000e+03
     vertex -5.045000e+03  0.000000e+00  4.020000e+03
   endloop
 endfacet
 facet normal  0.000000e+00  0.000000e+00  1.000000e+00
   outer loop
     vertex -5.502500e+03 -3.800000e+02  4.020000e+03
     vertex -5.045000e+03 -3.800000e+02  4.020000e+03
     vertex -5.502500e+03  0.000000e+00  4.020000e+03
   endloop
 endfacet
 facet normal  1.000000e+00  0.000000e+00 -0.000000e+00
   outer loop
     vertex -5.502500e+03  0.000000e+00  4.020000e+03
     vertex -5.502500e+03  0.000000e+00  4.280000e+03
     vertex -5.502500e+03 -3.800000e+02  4.280000e+03
   endloop
 endfacet
 facet normal  1.000000e+00  0.000000e+00  0.000000e+00
   outer loop
     vertex -5.502500e+03  0.000000e+00  4.020000e+03
     vertex -5.502500e+03 -3.800000e+02  4.280000e+03
     vertex -5.502500e+03 -3.800000e+02  4.020000e+03
   endloop
 endfacet
 facet normal  0.000000e+00  1.000000e+00  0.000000e+00
   outer loop
     vertex -5.045000e+03 -3.800000e+02  4.020000e+03
     vertex -5.502500e+03 -3.800000e+02  4.020000e+03
     vertex -5.502500e+03 -3.800000e+02  4.280000e+03
   endloop
 endfacet
 facet normal  0.000000e+00  1.000000e+00 -0.000000e+00
   outer loop
     vertex -5.045000e+03 -3.800000e+02  4.020000e+03
     vertex -5.502500e+03 -3.800000e+02  4.280000e+03
     vertex -5.045000e+03 -3.800000e+02  4.280000e+03
   endloop
 endfacet
 facet normal  0.000000e+00 -1.000000e+00 -0.000000e+00
   outer loop
     vertex -4.935000e+03  0.000000e+00  4.280000e+03
     vertex -5.025000e+03  0.000000e+00  4.077500e+03
     vertex -4.935000e+03  0.000000e+00  4.077500e+03
   endloop
 endfacet
 facet normal  0.000000e+00 -1.000000e+00  0.000000e+00
   outer loop
     vertex -5.025000e+03  0.000000e+00  4.280000e+03
     vertex -5.025000e+03  0.000000e+00  4.077500e+03
     vertex -4.935000e+03  0.000000e+00  4.280000e+03
   endloop
 endfacet
 facet normal -0.000000e+00  0.000000e+00 -1.000000e+00
   outer loop
     vertex -4.935000e+03  0.000000e+00  4.280000e+03
     vertex -5.025000e+03 -3.800000e+02  4.280000e+03
     vertex -5.025000e+03  0.000000e+00  4.280000e+03
   endloop
 endfacet
 facet normal  0.000000e+00 -0.000000e+00 -1.000000e+00
   outer loop
     vertex -4.935000e+03  0.000000e+00  4.280000e+03
     vertex -4.935000e+03 -3.800000e+02  4.280000e+03
     vertex -5.025000e+03 -3.800000e+02  4.280000e+03
   endloop
 endfacet
 facet normal -1.000000e+00  0.000000e+00  0.000000e+00
   outer loop
     vertex -4.935000e+03 -3.800000e+02  4.280000e+03
     vertex -4.935000e+03  0.000000e+00  4.077500e+03
     vertex -4.935000e+03 -3.800000e+02  4.077500e+03
   endloop
 endfacet
 facet normal -1.000000e+00  0.000000e+00  0.000000e+00
   outer loop
     vertex -4.935000e+03 -3.800000e+02  4.280000e+03
     vertex -4.935000e+03  0.000000e+00  4.280000e+03
     vertex -4.935000e+03  0.000000e+00  4.077500e+03
   endloop
 endfacet
 facet normal  0.000000e+00  0.000000e+00  1.000000e+00
   outer loop
     vertex -5.025000e+03 -3.800000e+02  4.077500e+03
     vertex -4.935000e+03  0.000000e+00  4.077500e+03
     vertex -5.025000e+03  0.000000e+00  4.077500e+03
   endloop
 endfacet
 facet normal  0.000000e+00  0.000000e+00  1.000000e+00
   outer loop
     vertex -5.025000e+03 -3.800000e+02  4.077500e+03
     vertex -4.935000e+03 -3.800000e+02  4.077500e+03
     vertex -4.935000e+03  0.000000e+00  4.077500e+03
   endloop
 endfacet
 facet normal  1.000000e+00  0.000000e+00 -0.000000e+00
   outer loop
     vertex -5.025000e+03  0.000000e+00  4.077500e+03
     vertex -5.025000e+03  0.000000e+00  4.280000e+03
     vertex -5.025000e+03 -3.800000e+02  4.280000e+03
   endloop
 endfacet
 facet normal  1.000000e+00  0.000000e+00  0.000000e+00
   outer loop
     vertex -5.025000e+03  0.000000e+00  4.077500e+03
     vertex -5.025000e+03 -3.800000e+02  4.280000e+03
     vertex -5.025000e+03 -3.800000e+02  4.077500e+03
   endloop
 endfacet
 facet normal  0.000000e+00  1.000000e+00  0.000000e+00
   outer loop
     vertex -5.025000e+03 -3.800000e+02  4.077500e+03
     vertex -5.025000e+03 -3.800000e+02  4.280000e+03
     vertex -4.935000e+03 -3.800000e+02  4.280000e+03
   endloop
 endfacet
 facet normal  0.000000e+00  1.000000e+00 -0.000000e+00
   outer loop
     vertex -4.935000e+03 -3.800000e+02  4.077500e+03
     vertex -5.025000e+03 -3.800000e+02  4.077500e+03
     vertex -4.935000e+03 -3.800000e+02  4.280000e+03
   endloop
 endfacet
 facet normal  0.000000e+00 -1.000000e+00  0.000000e+00
   outer loop
     vertex  1.085000e+03  0.000000e+00  4.280000e+03
     vertex  1.502500e+03  0.000000e+00  4.020000e+03
     vertex  1.502500e+03  0.000000e+00  4.280000e+03
   endloop
 endfacet
 facet normal  0.000000e+00 -1.000000e+00  0.000000e+00
   outer loop
     vertex  1.085000e+03  0.000000e+00  4.280000e+03
     vertex  1.085000e+03  0.000000e+00  4.020000e+03
     vertex  1.502500e+03  0.000000e+00  4.020000e+03
   endloop
 endfacet
 facet normal -0.000000e+00  0.000000e+00 -1.000000e+00
   outer loop
     vertex  1.502500e+03  0.000000e+00  4.280000e+03
     vertex  1.085000e+03 -3.800000e+02  4.280000e+03
     vertex  1.085000e+03  0.000000e+00  4.280000e+03
   endloop
 endfacet
 facet normal  0.000000e+00 -0.000000e+00 -1.000000e+00
   outer loop
     vertex  1.502500e+03  0.000000e+00  4.280000e+03
     vertex  1.502500e+03 -3.800000e+02  4.280000e+03
     vertex  1.085000e+03 -3.800000e+02  4.280000e+03
   endloop
 endfacet
 facet normal -1.000000e+00  0.000000e+00  0.000000e+00
   outer loop
     vertex  1.502500e+03 -3.800000e+02  4.280000e+03
     vertex  1.502500e+03  0.000000e+00  4.020000e+03
     vertex  1.502500e+03 -3.800000e+02  4.020000e+03
   endloop
 endfacet
 facet normal -1.000000e+00  0.000000e+00  0.000000e+00
   outer loop
     vertex  1.502500e+03 -3.800000e+02  4.280000e+03
     vertex  1.502500e+03  0.000000e+00  4.280000e+03
     vertex  1.502500e+03  0.000000e+00  4.020000e+03
   endloop
 endfacet
 facet normal  0.000000e+00  0.000000e+00  1.000000e+00
   outer loop
     vertex  1.085000e+03 -3.800000e+02  4.020000e+03
     vertex  1.502500e+03  0.000000e+00  4.020000e+03
     vertex  1.085000e+03  0.000000e+00  4.020000e+03
   endloop
 endfacet
 facet normal  0.000000e+00  0.000000e+00  1.000000e+00
   outer loop
     vertex  1.085000e+03 -3.800000e+02  4.020000e+03
     vertex  1.502500e+03 -3.800000e+02  4.020000e+03
     vertex  1.502500e+03  0.000000e+00  4.020000e+03
   endloop
 endfacet
 facet normal  1.000000e+00 -0.000000e+00  0.000000e+00
   outer loop
     vertex  1.085000e+03 -3.800000e+02  4.280000e+03
     vertex  1.085000e+03  0.000000e+00  4.020000e+03
     vertex  1.085000e+03  0.000000e+00  4.280000e+03
   endloop
 endfacet
 facet normal  1.000000e+00  0.000000e+00  0.000000e+00
   outer loop
     vertex  1.085000e+03 -3.800000e+02  4.280000e+03
     vertex  1.085000e+03 -3.800000e+02  4.020000e+03
     vertex  1.085000e+03  0.000000e+00  4.020000e+03
   endloop
 endfacet
 facet normal  0.000000e+00  1.000000e+00  0.000000e+00
   outer loop
     vertex  1.502500e+03 -3.800000e+02  4.020000e+03
     vertex  1.085000e+03 -3.800000e+02  4.020000e+03
     vertex  1.085000e+03 -3.800000e+02  4.280000e+03
   endloop
 endfacet
 facet normal  0.000000e+00  1.000000e+00 -0.000000e+00
   outer loop
     vertex  1.502500e+03 -3.800000e+02  4.020000e+03
     vertex  1.085000e+03 -3.800000e+02  4.280000e+03
     vertex  1.502500e+03 -3.800000e+02  4.280000e+03
   endloop
 endfacet
 facet normal  0.000000e+00 -1.000000e+00  0.000000e+00
   outer loop
     vertex  4.975000e+02  0.000000e+00  4.280000e+03
     vertex  9.550000e+02  0.000000e+00  4.020000e+03
     vertex  9.550000e+02  0.000000e+00  4.280000e+03
   endloop
 endfacet
 facet normal  0.000000e+00 -1.000000e+00  0.000000e+00
   outer loop
     vertex  4.975000e+02  0.000000e+00  4.280000e+03
     vertex  4.975000e+02  0.000000e+00  4.020000e+03
     vertex  9.550000e+02  0.000000e+00  4.020000e+03
   endloop
 endfacet
 facet normal  0.000000e+00  0.000000e+00 -1.000000e+00
   outer loop
     vertex  9.550000e+02 -3.800000e+02  4.280000e+03
     vertex  4.975000e+02 -3.800000e+02  4.280000e+03
     vertex  4.975000e+02  0.000000e+00  4.280000e+03
   endloop
 endfacet
 facet normal -0.000000e+00 -0.000000e+00 -1.000000e+00
   outer loop
     vertex  9.550000e+02  0.000000e+00  4.280000e+03
     vertex  9.550000e+02 -3.800000e+02  4.280000e+03
     vertex  4.975000e+02  0.000000e+00  4.280000e+03
   endloop
 endfacet
 facet normal -1.000000e+00  0.000000e+00  0.000000e+00
   outer loop
     vertex  9.550000e+02  0.000000e+00  4.020000e+03
     vertex  9.550000e+02 -3.800000e+02  4.280000e+03
     vertex  9.550000e+02  0.000000e+00  4.280000e+03
   endloop
 endfacet
 facet normal -1.000000e+00  0.000000e+00  0.000000e+00
   outer loop
     vertex  9.550000e+02  0.000000e+00  4.020000e+03
     vertex  9.550000e+02 -3.800000e+02  4.020000e+03
     vertex  9.550000e+02 -3.800000e+02  4.280000e+03
   endloop
 endfacet
 facet normal -0.000000e+00  0.000000e+00  1.000000e+00
   outer loop
     vertex  4.975000e+02  0.000000e+00  4.020000e+03
     vertex  9.550000e+02 -3.800000e+02  4.020000e+03
     vertex  9.550000e+02  0.000000e+00  4.020000e+03
   endloop
 endfacet
 facet normal  0.000000e+00  0.000000e+00  1.000000e+00
   outer loop
     vertex  4.975000e+02 -3.800000e+02  4.020000e+03
     vertex  9.550000e+02 -3.800000e+02  4.020000e+03
     vertex  4.975000e+02  0.000000e+00  4.020000e+03
   endloop
 endfacet
 facet normal  1.000000e+00  0.000000e+00 -0.000000e+00
   outer loop
     vertex  4.975000e+02  0.000000e+00  4.020000e+03
     vertex  4.975000e+02  0.000000e+00  4.280000e+03
     vertex  4.975000e+02 -3.800000e+02  4.280000e+03
   endloop
 endfacet
 facet normal  1.000000e+00  0.000000e+00  0.000000e+00
   outer loop
     vertex  4.975000e+02  0.000000e+00  4.020000e+03
     vertex  4.975000e+02 -3.800000e+02  4.280000e+03
     vertex  4.975000e+02 -3.800000e+02  4.020000e+03
   endloop
 endfacet
 facet normal  0.000000e+00  1.000000e+00  0.000000e+00
   outer loop
     vertex  9.550000e+02 -3.800000e+02  4.020000e+03
     vertex  4.975000e+02 -3.800000e+02  4.020000e+03
     vertex  4.975000e+02 -3.800000e+02  4.280000e+03
   endloop
 endfacet
 facet normal  0.000000e+00  1.000000e+00 -0.000000e+00
   outer loop
     vertex  9.550000e+02 -3.800000e+02  4.020000e+03
     vertex  4.975000e+02 -3.800000e+02  4.280000e+03
     vertex  9.550000e+02 -3.800000e+02  4.280000e+03
   endloop
 endfacet
 facet normal  0.000000e+00 -1.000000e+00 -0.000000e+00
   outer loop
     vertex  1.065000e+03  0.000000e+00  4.280000e+03
     vertex  9.750000e+02  0.000000e+00  4.077500e+03
     vertex  1.065000e+03  0.000000e+00  4.077500e+03
   endloop
 endfacet
 facet normal  0.000000e+00 -1.000000e+00  0.000000e+00
   outer loop
     vertex  9.750000e+02  0.000000e+00  4.280000e+03
     vertex  9.750000e+02  0.000000e+00  4.077500e+03
     vertex  1.065000e+03  0.000000e+00  4.280000e+03
   endloop
 endfacet
 facet normal -0.000000e+00  0.000000e+00 -1.000000e+00
   outer loop
     vertex  1.065000e+03  0.000000e+00  4.280000e+03
     vertex  9.750000e+02 -3.800000e+02  4.280000e+03
     vertex  9.750000e+02  0.000000e+00  4.280000e+03
   endloop
 endfacet
 facet normal  0.000000e+00 -0.000000e+00 -1.000000e+00
   outer loop
     vertex  1.065000e+03  0.000000e+00  4.280000e+03
     vertex  1.065000e+03 -3.800000e+02  4.280000e+03
     vertex  9.750000e+02 -3.800000e+02  4.280000e+03
   endloop
 endfacet
 facet normal -1.000000e+00  0.000000e+00  0.000000e+00
   outer loop
     vertex  1.065000e+03 -3.800000e+02  4.280000e+03
     vertex  1.065000e+03  0.000000e+00  4.077500e+03
     vertex  1.065000e+03 -3.800000e+02  4.077500e+03
   endloop
 endfacet
 facet normal -1.000000e+00  0.000000e+00  0.000000e+00
   outer loop
     vertex  1.065000e+03 -3.800000e+02  4.280000e+03
     vertex  1.065000e+03  0.000000e+00  4.280000e+03
     vertex  1.065000e+03  0.000000e+00  4.077500e+03
   endloop
 endfacet
 facet normal  0.000000e+00  0.000000e+00  1.000000e+00
   outer loop
     vertex  9.750000e+02 -3.800000e+02  4.077500e+03
     vertex  1.065000e+03  0.000000e+00  4.077500e+03
     vertex  9.750000e+02  0.000000e+00  4.077500e+03
   endloop
 endfacet
 facet normal  0.000000e+00  0.000000e+00  1.000000e+00
   outer loop
     vertex  9.750000e+02 -3.800000e+02  4.077500e+03
     vertex  1.065000e+03 -3.800000e+02  4.077500e+03
     vertex  1.065000e+03  0.000000e+00  4.077500e+03
   endloop
 endfacet
 facet normal  1.000000e+00  0.000000e+00 -0.000000e+00
   outer loop
     vertex  9.750000e+02  0.000000e+00  4.077500e+03
     vertex  9.750000e+02  0.000000e+00  4.280000e+03
     vertex  9.750000e+02 -3.800000e+02  4.280000e+03
   endloop
 endfacet
 facet normal  1.000000e+00  0.000000e+00  0.000000e+00
   outer loop
     vertex  9.750000e+02  0.000000e+00  4.077500e+03
     vertex  9.750000e+02 -3.800000e+02  4.280000e+03
     vertex  9.750000e+02 -3.800000e+02  4.077500e+03
   endloop
 endfacet
 facet normal  0.000000e+00  1.000000e+00  0.000000e+00
   outer loop
     vertex  9.750000e+02 -3.800000e+02  4.077500e+03
     vertex  9.750000e+02 -3.800000e+02  4.280000e+03
     vertex  1.065000e+03 -3.800000e+02  4.280000e+03
   endloop
 endfacet
 facet normal  0.000000e+00  1.000000e+00 -0.000000e+00
   outer loop
     vertex  1.065000e+03 -3.800000e+02  4.077500e+03
     vertex  9.750000e+02 -3.800000e+02  4.077500e+03
     vertex  1.065000e+03 -3.800000e+02  4.280000e+03
   endloop
 endfacet
 facet normal  0.000000e+00 -1.000000e+00  0.000000e+00
   outer loop
     vertex  6.020000e+03  0.000000e+00 -3.085000e+03
     vertex  6.020000e+03  0.000000e+00 -3.502500e+03
     vertex  6.280000e+03  0.000000e+00 -3.502500e+03
   endloop
 endfacet
 facet normal  0.000000e+00 -1.000000e+00  0.000000e+00
   outer loop
     vertex  6.020000e+03  0.000000e+00 -3.085000e+03
     vertex  6.280000e+03  0.000000e+00 -3.502500e+03
     vertex  6.280000e+03  0.000000e+00 -3.085000e+03
   endloop
 endfacet
 facet normal -1.000000e+00  0.000000e+00  0.000000e+00
   outer loop
     vertex  6.280000e+03  0.000000e+00 -3.502500e+03
     vertex  6.280000e+03 -3.800000e+02 -3.085000e+03
     vertex  6.280000e+03  0.000000e+00 -3.085000e+03
   endloop
 endfacet
 facet normal -1.000000e+00  0.000000e+00  0.000000e+00
   outer loop
     vertex  6.280000e+03  0.000000e+00 -3.502500e+03
     vertex  6.280000e+03 -3.800000e+02 -3.502500e+03
     vertex  6.280000e+03 -3.800000e+02 -3.085000e+03
   endloop
 endfacet
 facet normal  0.000000e+00  0.000000e+00  1.000000e+00
   outer loop
     vertex  6.280000e+03  0.000000e+00 -3.502500e+03
     vertex  6.020000e+03  0.000000e+00 -3.502500e+03
     vertex  6.020000e+03 -3.800000e+02 -3.502500e+03
   endloop
 endfacet
 facet normal  0.000000e+00  0.000000e+00  1.000000e+00
   outer loop
     vertex  6.280000e+03  0.000000e+00 -3.502500e+03
     vertex  6.020000e+03 -3.800000e+02 -3.502500e+03
     vertex  6.280000e+03 -3.800000e+02 -3.502500e+03
   endloop
 endfacet
 facet normal  1.000000e+00 -0.000000e+00  0.000000e+00
   outer loop
     vertex  6.020000e+03 -3.800000e+02 -3.085000e+03
     vertex  6.020000e+03  0.000000e+00 -3.502500e+03
     vertex  6.020000e+03  0.000000e+00 -3.085000e+03
   endloop
 endfacet
 facet normal  1.000000e+00  0.000000e+00  0.000000e+00
   outer loop
     vertex  6.020000e+03 -3.800000e+02 -3.085000e+03
     vertex  6.020000e+03 -3.800000e+02 -3.502500e+03
     vertex  6.020000e+03  0.000000e+00 -3.502500e+03
   endloop
 endfacet
 facet normal -0.000000e+00  0.000000e+00 -1.000000e+00
   outer loop
     vertex  6.280000e+03  0.000000e+00 -3.085000e+03
     vertex  6.020000e+03 -3.800000e+02 -3.085000e+03
     vertex  6.020000e+03  0.000000e+00 -3.085000e+03
   endloop
 endfacet
 facet normal  0.000000e+00 -0.000000e+00 -1.000000e+00
   outer loop
     vertex  6.280000e+03  0.000000e+00 -3.085000e+03
     vertex  6.280000e+03 -3.800000e+02 -3.085000e+03
     vertex  6.020000e+03 -3.800000e+02 -3.085000e+03
   endloop
 endfacet
 facet normal  0.000000e+00  1.000000e+00  0.000000e+00
   outer loop
     vertex  6.020000e+03 -3.800000e+02 -3.502500e+03
     vertex  6.020000e+03 -3.800000e+02 -3.085000e+03
     vertex  6.280000e+03 -3.800000e+02 -3.085000e+03
   endloop
 endfacet
 facet normal  0.000000e+00  1.000000e+00  0.000000e+00
   outer loop
     vertex  6.020000e+03 -3.800000e+02 -3.502500e+03
     vertex  6.280000e+03 -3.800000e+02 -3.085000e+03
     vertex  6.280000e+03 -3.800000e+02 -3.502500e+03
   endloop
 endfacet
 facet normal  0.000000e+00 -1.000000e+00  0.000000e+00
   outer loop
     vertex  6.020000e+03  0.000000e+00 -2.497500e+03
     vertex  6.020000e+03  0.000000e+00 -2.955000e+03
     vertex  6.280000e+03  0.000000e+00 -2.955000e+03
   endloop
 endfacet
 facet normal  0.000000e+00 -1.000000e+00  0.000000e+00
   outer loop
     vertex  6.020000e+03  0.000000e+00 -2.497500e+03
     vertex  6.280000e+03  0.000000e+00 -2.955000e+03
     vertex  6.280000e+03  0.000000e+00 -2.497500e+03
   endloop
 endfacet
 facet normal -1.000000e+00  0.000000e+00  0.000000e+00
   outer loop
     vertex  6.280000e+03 -3.800000e+02 -2.955000e+03
     vertex  6.280000e+03 -3.800000e+02 -2.497500e+03
     vertex  6.280000e+03  0.000000e+00 -2.497500e+03
   endloop
 endfacet
 facet normal -1.000000e+00  0.000000e+00  0.000000e+00
   outer loop
     vertex  6.280000e+03  0.000000e+00 -2.955000e+03
     vertex  6.280000e+03 -3.800000e+02 -2.955000e+03
     vertex  6.280000e+03  0.000000e+00 -2.497500e+03
   endloop
 endfacet
 facet normal  0.000000e+00  0.000000e+00  1.000000e+00
   outer loop
     vertex  6.020000e+03 -3.800000e+02 -2.955000e+03
     vertex  6.280000e+03  0.000000e+00 -2.955000e+03
     vertex  6.020000e+03  0.000000e+00 -2.955000e+03
   endloop
 endfacet
 facet normal  0.000000e+00  0.000000e+00  1.000000e+00
   outer loop
     vertex  6.020000e+03 -3.800000e+02 -2.955000e+03
     vertex  6.280000e+03 -3.800000e+02 -2.955000e+03
     vertex  6.280000e+03  0.000000e+00 -2.955000e+03
   endloop
 endfacet
 facet normal  1.000000e+00  0.000000e+00  0.000000e+00
   outer loop
     vertex  6.020000e+03  0.000000e+00 -2.497500e+03
     vertex  6.020000e+03 -3.800000e+02 -2.955000e+03
     vertex  6.020000e+03  0.000000e+00 -2.955000e+03
   endloop
 endfacet
 facet normal  1.000000e+00 -0.000000e+00  0.000000e+00
   outer loop
     vertex  6.020000e+03 -3.800000e+02 -2.497500e+03
     vertex  6.020000e+03 -3.800000e+02 -2.955000e+03
     vertex  6.020000e+03  0.000000e+00 -2.497500e+03
   endloop
 endfacet
 facet normal  0.000000e+00  0.000000e+00 -1.000000e+00
   outer loop
     vertex  6.020000e+03 -3.800000e+02 -2.497500e+03
     vertex  6.280000e+03  0.000000e+00 -2.497500e+03
     vertex  6.280000e+03 -3.800000e+02 -2.497500e+03
   endloop
 endfacet
 facet normal  0.000000e+00  0.000000e+00 -1.000000e+00
   outer loop
     vertex  6.020000e+03 -3.800000e+02 -2.497500e+03
     vertex  6.020000e+03  0.000000e+00 -2.497500e+03
     vertex  6.280000e+03  0.000000e+00 -2.497500e+03
   endloop
 endfacet
 facet normal  0.000000e+00  1.000000e+00  0.000000e+00
   outer loop
     vertex  6.020000e+03 -3.800000e+02 -2.955000e+03
     vertex  6.020000e+03 -3.800000e+02 -2.497500e+03
     vertex  6.280000e+03 -3.800000e+02 -2.497500e+03
   endloop
 endfacet
 facet normal  0.000000e+00  1.000000e+00  0.000000e+00
   outer loop
     vertex  6.020000e+03 -3.800000e+02 -2.955000e+03
     vertex  6.280000e+03 -3.800000e+02 -2.497500e+03
     vertex  6.280000e+03 -3.800000e+02 -2.955000e+03
   endloop
 endfacet
 facet normal  0.000000e+00 -1.000000e+00  0.000000e+00
   outer loop
     vertex  6.077500e+03  0.000000e+00 -3.065000e+03
     vertex  6.280000e+03  0.000000e+00 -3.065000e+03
     vertex  6.280000e+03  0.000000e+00 -2.975000e+03
   endloop
 endfacet
 facet normal  0.000000e+00 -1.000000e+00  0.000000e+00
   outer loop
     vertex  6.077500e+03  0.000000e+00 -2.975000e+03
     vertex  6.077500e+03  0.000000e+00 -3.065000e+03
     vertex  6.280000e+03  0.000000e+00 -2.975000e+03
   endloop
 endfacet
 facet normal -1.000000e+00  0.000000e+00  0.000000e+00
   outer loop
     vertex  6.280000e+03  0.000000e+00 -3.065000e+03
     vertex  6.280000e+03 -3.800000e+02 -2.975000e+03
     vertex  6.280000e+03  0.000000e+00 -2.975000e+03
   endloop
 endfacet
 facet normal -1.000000e+00  0.000000e+00  0.000000e+00
   outer loop
     vertex  6.280000e+03  0.000000e+00 -3.065000e+03
     vertex  6.280000e+03 -3.800000e+02 -3.065000e+03
     vertex  6.280000e+03 -3.800000e+02 -2.975000e+03
   endloop
 endfacet
 facet normal  0.000000e+00  0.000000e+00  1.000000e+00
   outer loop
     vertex  6.280000e+03  0.000000e+00 -3.065000e+03
     vertex  6.077500e+03  0.000000e+00 -3.065000e+03
     vertex  6.077500e+03 -3.800000e+02 -3.065000e+03
   endloop
 endfacet
 facet normal  0.000000e+00  0.000000e+00  1.000000e+00
   outer loop
     vertex  6.280000e+03  0.000000e+00 -3.065000e+03
     vertex  6.077500e+03 -3.800000e+02 -3.065000e+03
     vertex  6.280000e+03 -3.800000e+02 -3.065000e+03
   endloop
 endfacet
 facet normal  1.000000e+00 -0.000000e+00  0.000000e+00
   outer loop
     vertex  6.077500e+03 -3.800000e+02 -2.975000e+03
     vertex  6.077500e+03  0.000000e+00 -3.065000e+03
     vertex  6.077500e+03  0.000000e+00 -2.975000e+03
   endloop
 endfacet
 facet normal  1.000000e+00  0.000000e+00  0.000000e+00
   outer loop
     vertex  6.077500e+03 -3.800000e+02 -2.975000e+03
     vertex  6.077500e+03 -3.800000e+02 -3.065000e+03
     vertex  6.077500e+03  0.000000e+00 -3.065000e+03
   endloop
 endfacet
 facet normal  0.000000e+00  0.000000e+00 -1.000000e+00
   outer loop
     vertex  6.077500e+03 -3.800000e+02 -2.975000e+03
     vertex  6.280000e+03  0.000000e+00 -2.975000e+03
     vertex  6.280000e+03 -3.800000e+02 -2.975000e+03
   endloop
 endfacet
 facet normal  0.000000e+00  0.000000e+00 -1.000000e+00
   outer loop
     vertex  6.077500e+03 -3.800000e+02 -2.975000e+03
     vertex  6.077500e+03  0.000000e+00 -2.975000e+03
     vertex  6.280000e+03  0.000000e+00 -2.975000e+03
   endloop
 endfacet
 facet normal -0.000000e+00  1.000000e+00  0.000000e+00
   outer loop
     vertex  6.077500e+03 -3.800000e+02 -2.975000e+03
     vertex  6.280000e+03 -3.800000e+02 -2.975000e+03
     vertex  6.280000e+03 -3.800000e+02 -3.065000e+03
   endloop
 endfacet
 facet normal  0.000000e+00  1.000000e+00  0.000000e+00
   outer loop
     vertex  6.077500e+03 -3.800000e+02 -3.065000e+03
     vertex  6.077500e+03 -3.800000e+02 -2.975000e+03
     vertex  6.280000e+03 -3.800000e+02 -3.065000e+03
   endloop
 endfacet
 facet normal  0.000000e+00 -1.000000e+00  0.000000e+00
   outer loop
     vertex  5.085000e+03  0.000000e+00  4.280000e+03
     vertex  5.502500e+03  0.000000e+00  4.020000e+03
     vertex  5.502500e+03  0.000000e+00  4.280000e+03
   endloop
 endfacet
 facet normal  0.000000e+00 -1.000000e+00  0.000000e+00
   outer loop
     vertex  5.085000e+03  0.000000e+00  4.280000e+03
     vertex  5.085000e+03  0.000000e+00  4.020000e+03
     vertex  5.502500e+03  0.000000e+00  4.020000e+03
   endloop
 endfacet
 facet normal -0.000000e+00  0.000000e+00 -1.000000e+00
   outer loop
     vertex  5.502500e+03  0.000000e+00  4.280000e+03
     vertex  5.085000e+03 -3.800000e+02  4.280000e+03
     vertex  5.085000e+03  0.000000e+00  4.280000e+03
   endloop
 endfacet
 facet normal  0.000000e+00 -0.000000e+00 -1.000000e+00
   outer loop
     vertex  5.502500e+03  0.000000e+00  4.280000e+03
     vertex  5.502500e+03 -3.800000e+02  4.280000e+03
     vertex  5.085000e+03 -3.800000e+02  4.280000e+03
   endloop
 endfacet
 facet normal -1.000000e+00  0.000000e+00  0.000000e+00
   outer loop
     vertex  5.502500e+03 -3.800000e+02  4.280000e+03
     vertex  5.502500e+03  0.000000e+00  4.020000e+03
     vertex  5.502500e+03 -3.800000e+02  4.020000e+03
   endloop
 endfacet
 facet normal -1.000000e+00  0.000000e+00  0.000000e+00
   outer loop
     vertex  5.502500e+03 -3.800000e+02  4.280000e+03
     vertex  5.502500e+03  0.000000e+00  4.280000e+03
     vertex  5.502500e+03  0.000000e+00  4.020000e+03
   endloop
 endfacet
 facet normal  0.000000e+00  0.000000e+00  1.000000e+00
   outer loop
     vertex  5.085000e+03 -3.800000e+02  4.020000e+03
     vertex  5.502500e+03  0.000000e+00  4.020000e+03
     vertex  5.085000e+03  0.000000e+00  4.020000e+03
   endloop
 endfacet
 facet normal  0.000000e+00  0.000000e+00  1.000000e+00
   outer loop
     vertex  5.085000e+03 -3.800000e+02  4.020000e+03
     vertex  5.502500e+03 -3.800000e+02  4.020000e+03
     vertex  5.502500e+03  0.000000e+00  4.020000e+03
   endloop
 endfacet
 facet normal  1.000000e+00 -0.000000e+00  0.000000e+00
   outer loop
     vertex  5.085000e+03 -3.800000e+02  4.280000e+03
     vertex  5.085000e+03  0.000000e+00  4.020000e+03
     vertex  5.085000e+03  0.000000e+00  4.280000e+03
   endloop
 endfacet
 facet normal  1.000000e+00  0.000000e+00  0.000000e+00
   outer loop
     vertex  5.085000e+03 -3.800000e+02  4.280000e+03
     vertex  5.085000e+03 -3.800000e+02  4.020000e+03
     vertex  5.085000e+03  0.000000e+00  4.020000e+03
   endloop
 endfacet
 facet normal  0.000000e+00  1.000000e+00  0.000000e+00
   outer loop
     vertex  5.502500e+03 -3.800000e+02  4.020000e+03
     vertex  5.085000e+03 -3.800000e+02  4.020000e+03
     vertex  5.085000e+03 -3.800000e+02  4.280000e+03
   endloop
 endfacet
 facet normal  0.000000e+00  1.000000e+00 -0.000000e+00
   outer loop
     vertex  5.502500e+03 -3.800000e+02  4.020000e+03
     vertex  5.085000e+03 -3.800000e+02  4.280000e+03
     vertex  5.502500e+03 -3.800000e+02  4.280000e+03
   endloop
 endfacet
 facet normal  0.000000e+00 -1.000000e+00  0.000000e+00
   outer loop
     vertex  4.497500e+03  0.000000e+00  4.280000e+03
     vertex  4.955000e+03  0.000000e+00  4.020000e+03
     vertex  4.955000e+03  0.000000e+00  4.280000e+03
   endloop
 endfacet
 facet normal  0.000000e+00 -1.000000e+00  0.000000e+00
   outer loop
     vertex  4.497500e+03  0.000000e+00  4.280000e+03
     vertex  4.497500e+03  0.000000e+00  4.020000e+03
     vertex  4.955000e+03  0.000000e+00  4.020000e+03
   endloop
 endfacet
 facet normal  0.000000e+00  0.000000e+00 -1.000000e+00
   outer loop
     vertex  4.955000e+03 -3.800000e+02  4.280000e+03
     vertex  4.497500e+03 -3.800000e+02  4.280000e+03
     vertex  4.497500e+03  0.000000e+00  4.280000e+03
   endloop
 endfacet
 facet normal -0.000000e+00 -0.000000e+00 -1.000000e+00
   outer loop
     vertex  4.955000e+03  0.000000e+00  4.280000e+03
     vertex  4.955000e+03 -3.800000e+02  4.280000e+03
     vertex  4.497500e+03  0.000000e+00  4.280000e+03
   endloop
 endfacet
 facet normal -1.000000e+00  0.000000e+00  0.000000e+00
   outer loop
     vertex  4.955000e+03  0.000000e+00  4.020000e+03
     vertex  4.955000e+03 -3.800000e+02  4.280000e+03
     vertex  4.955000e+03  0.000000e+00  4.280000e+03
   endloop
 endfacet
 facet normal -1.000000e+00  0.000000e+00  0.000000e+00
   outer loop
     vertex  4.955000e+03  0.000000e+00  4.020000e+03
     vertex  4.955000e+03 -3.800000e+02  4.020000e+03
     vertex  4.955000e+03 -3.800000e+02  4.280000e+03
   endloop
 endfacet
 facet normal -0.000000e+00  0.000000e+00  1.000000e+00
   outer loop
     vertex  4.497500e+03  0.000000e+00  4.020000e+03
     vertex  4.955000e+03 -3.800000e+02  4.020000e+03
     vertex  4.955000e+03  0.000000e+00  4.020000e+03
   endloop
 endfacet
 facet normal  0.000000e+00  0.000000e+00  1.000000e+00
   outer loop
     vertex  4.497500e+03 -3.800000e+02  4.020000e+03
     vertex  4.955000e+03 -3.800000e+02  4.020000e+03
     vertex  4.497500e+03  0.000000e+00  4.020000e+03
   endloop
 endfacet
 facet normal  1.000000e+00  0.000000e+00 -0.000000e+00
   outer loop
     vertex  4.497500e+03  0.000000e+00  4.020000e+03
     vertex  4.497500e+03  0.000000e+00  4.280000e+03
     vertex  4.497500e+03 -3.800000e+02  4.280000e+03
   endloop
 endfacet
 facet normal  1.000000e+00  0.000000e+00  0.000000e+00
   outer loop
     vertex  4.497500e+03  0.000000e+00  4.020000e+03
     vertex  4.497500e+03 -3.800000e+02  4.280000e+03
     vertex  4.497500e+03 -3.800000e+02  4.020000e+03
   endloop
 endfacet
 facet normal  0.000000e+00  1.000000e+00  0.000000e+00
   outer loop
     vertex  4.955000e+03 -3.800000e+02  4.020000e+03
     vertex  4.497500e+03 -3.800000e+02  4.020000e+03
     vertex  4.497500e+03 -3.800000e+02  4.280000e+03
   endloop
 endfacet
 facet normal  0.000000e+00  1.000000e+00 -0.000000e+00
   outer loop
     vertex  4.955000e+03 -3.800000e+02  4.020000e+03
     vertex  4.497500e+03 -3.800000e+02  4.280000e+03
     vertex  4.955000e+03 -3.800000e+02  4.280000e+03
   endloop
 endfacet
 facet normal  0.000000e+00 -1.000000e+00 -0.000000e+00
   outer loop
     vertex  5.065000e+03  0.000000e+00  4.280000e+03
     vertex  4.975000e+03  0.000000e+00  4.077500e+03
     vertex  5.065000e+03  0.000000e+00  4.077500e+03
   endloop
 endfacet
 facet normal  0.000000e+00 -1.000000e+00  0.000000e+00
   outer loop
     vertex  4.975000e+03  0.000000e+00  4.280000e+03
     vertex  4.975000e+03  0.000000e+00  4.077500e+03
     vertex  5.065000e+03  0.000000e+00  4.280000e+03
   endloop
 endfacet
 facet normal -0.000000e+00  0.000000e+00 -1.000000e+00
   outer loop
     vertex  5.065000e+03  0.000000e+00  4.280000e+03
     vertex  4.975000e+03 -3.800000e+02  4.280000e+03
     vertex  4.975000e+03  0.000000e+00  4.280000e+03
   endloop
 endfacet
 facet normal  0.000000e+00 -0.000000e+00 -1.000000e+00
   outer loop
     vertex  5.065000e+03  0.000000e+00  4.280000e+03
     vertex  5.065000e+03 -3.800000e+02  4.280000e+03
     vertex  4.975000e+03 -3.800000e+02  4.280000e+03
   endloop
 endfacet
 facet normal -1.000000e+00  0.000000e+00  0.000000e+00
   outer loop
     vertex  5.065000e+03 -3.800000e+02  4.280000e+03
     vertex  5.065000e+03  0.000000e+00  4.077500e+03
     vertex  5.065000e+03 -3.800000e+02  4.077500e+03
   endloop
 endfacet
 facet normal -1.000000e+00  0.000000e+00  0.000000e+00
   outer loop
     vertex  5.065000e+03 -3.800000e+02  4.280000e+03
     vertex  5.065000e+03  0.000000e+00  4.280000e+03
     vertex  5.065000e+03  0.000000e+00  4.077500e+03
   endloop
 endfacet
 facet normal  0.000000e+00  0.000000e+00  1.000000e+00
   outer loop
     vertex  4.975000e+03 -3.800000e+02  4.077500e+03
     vertex  5.065000e+03  0.000000e+00  4.077500e+03
     vertex  4.975000e+03  0.000000e+00  4.077500e+03
   endloop
 endfacet
 facet normal  0.000000e+00  0.000000e+00  1.000000e+00
   outer loop
     vertex  4.975000e+03 -3.800000e+02  4.077500e+03
     vertex  5.065000e+03 -3.800000e+02  4.077500e+03
     vertex  5.065000e+03  0.000000e+00  4.077500e+03
   endloop
 endfacet
 facet normal  1.000000e+00  0.000000e+00 -0.000000e+00
   outer loop
     vertex  4.975000e+03  0.000000e+00  4.077500e+03
     vertex  4.975000e+03  0.000000e+00  4.280000e+03
     vertex  4.975000e+03 -3.800000e+02  4.280000e+03
   endloop
 endfacet
 facet normal  1.000000e+00  0.000000e+00  0.000000e+00
   outer loop
     vertex  4.975000e+03  0.000000e+00  4.077500e+03
     vertex  4.975000e+03 -3.800000e+02  4.280000e+03
     vertex  4.975000e+03 -3.800000e+02  4.077500e+03
   endloop
 endfacet
 facet normal  0.000000e+00  1.000000e+00  0.000000e+00
   outer loop
     vertex  4.975000e+03 -3.800000e+02  4.077500e+03
     vertex  4.975000e+03 -3.800000e+02  4.280000e+03
     vertex  5.065000e+03 -3.800000e+02  4.280000e+03
   endloop
 endfacet
 facet normal  0.000000e+00  1.000000e+00 -0.000000e+00
   outer loop
     vertex  5.065000e+03 -3.800000e+02  4.077500e+03
     vertex  4.975000e+03 -3.800000e+02  4.077500e+03
     vertex  5.065000e+03 -3.800000e+02  4.280000e+03
   endloop
 endfacet
 facet normal  0.000000e+00 -1.000000e+00  0.000000e+00
   outer loop
     vertex  6.020000e+03  0.000000e+00  2.915000e+03
     vertex  6.020000e+03  0.000000e+00  2.497500e+03
     vertex  6.280000e+03  0.000000e+00  2.497500e+03
   endloop
 endfacet
 facet normal  0.000000e+00 -1.000000e+00  0.000000e+00
   outer loop
     vertex  6.020000e+03  0.000000e+00  2.915000e+03
     vertex  6.280000e+03  0.000000e+00  2.497500e+03
     vertex  6.280000e+03  0.000000e+00  2.915000e+03
   endloop
 endfacet
 facet normal -1.000000e+00  0.000000e+00  0.000000e+00
   outer loop
     vertex  6.280000e+03  0.000000e+00  2.497500e+03
     vertex  6.280000e+03 -3.800000e+02  2.915000e+03
     vertex  6.280000e+03  0.000000e+00  2.915000e+03
   endloop
 endfacet
 facet normal -1.000000e+00  0.000000e+00  0.000000e+00
   outer loop
     vertex  6.280000e+03  0.000000e+00  2.497500e+03
     vertex  6.280000e+03 -3.800000e+02  2.497500e+03
     vertex  6.280000e+03 -3.800000e+02  2.915000e+03
   endloop
 endfacet
 facet normal  0.000000e+00  0.000000e+00  1.000000e+00
   outer loop
     vertex  6.280000e+03  0.000000e+00  2.497500e+03
     vertex  6.020000e+03  0.000000e+00  2.497500e+03
     vertex  6.020000e+03 -3.800000e+02  2.497500e+03
   endloop
 endfacet
 facet normal  0.000000e+00  0.000000e+00  1.000000e+00
   outer loop
     vertex  6.280000e+03  0.000000e+00  2.497500e+03
     vertex  6.020000e+03 -3.800000e+02  2.497500e+03
     vertex  6.280000e+03 -3.800000e+02  2.497500e+03
   endloop
 endfacet
 facet normal  1.000000e+00 -0.000000e+00  0.000000e+00
   outer loop
     vertex  6.020000e+03 -3.800000e+02  2.915000e+03
     vertex  6.020000e+03  0.000000e+00  2.497500e+03
     vertex  6.020000e+03  0.000000e+00  2.915000e+03
   endloop
 endfacet
 facet normal  1.000000e+00  0.000000e+00  0.000000e+00
   outer loop
     vertex  6.020000e+03 -3.800000e+02  2.915000e+03
     vertex  6.020000e+03 -3.800000e+02  2.497500e+03
     vertex  6.020000e+03  0.000000e+00  2.497500e+03
   endloop
 endfacet
 facet normal -0.000000e+00  0.000000e+00 -1.000000e+00
   outer loop
     vertex  6.280000e+03  0.000000e+00  2.915000e+03
     vertex  6.020000e+03 -3.800000e+02  2.915000e+03
     vertex  6.020000e+03  0.000000e+00  2.915000e+03
   endloop
 endfacet
 facet normal  0.000000e+00 -0.000000e+00 -1.000000e+00
   outer loop
     vertex  6.280000e+03  0.000000e+00  2.915000e+03
     vertex  6.280000e+03 -3.800000e+02  2.915000e+03
     vertex  6.020000e+03 -3.800000e+02  2.915000e+03
   endloop
 endfacet
 facet normal  0.000000e+00  1.000000e+00  0.000000e+00
   outer loop
     vertex  6.020000e+03 -3.800000e+02  2.497500e+03
     vertex  6.020000e+03 -3.800000e+02  2.915000e+03
     vertex  6.280000e+03 -3.800000e+02  2.915000e+03
   endloop
 endfacet
 facet normal  0.000000e+00  1.000000e+00  0.000000e+00
   outer loop
     vertex  6.020000e+03 -3.800000e+02  2.497500e+03
     vertex  6.280000e+03 -3.800000e+02  2.915000e+03
     vertex  6.280000e+03 -3.800000e+02  2.497500e+03
   endloop
 endfacet
 facet normal  0.000000e+00 -1.000000e+00  0.000000e+00
   outer loop
     vertex  6.020000e+03  0.000000e+00  3.502500e+03
     vertex  6.020000e+03  0.000000e+00  3.045000e+03
     vertex  6.280000e+03  0.000000e+00  3.045000e+03
   endloop
 endfacet
 facet normal  0.000000e+00 -1.000000e+00  0.000000e+00
   outer loop
     vertex  6.020000e+03  0.000000e+00  3.502500e+03
     vertex  6.280000e+03  0.000000e+00  3.045000e+03
     vertex  6.280000e+03  0.000000e+00  3.502500e+03
   endloop
 endfacet
 facet normal -1.000000e+00  0.000000e+00  0.000000e+00
   outer loop
     vertex  6.280000e+03 -3.800000e+02  3.045000e+03
     vertex  6.280000e+03 -3.800000e+02  3.502500e+03
     vertex  6.280000e+03  0.000000e+00  3.502500e+03
   endloop
 endfacet
 facet normal -1.000000e+00  0.000000e+00  0.000000e+00
   outer loop
     vertex  6.280000e+03  0.000000e+00  3.045000e+03
     vertex  6.280000e+03 -3.800000e+02  3.045000e+03
     vertex  6.280000e+03  0.000000e+00  3.502500e+03
   endloop
 endfacet
 facet normal  0.000000e+00  0.000000e+00  1.000000e+00
   outer loop
     vertex  6.020000e+03 -3.800000e+02  3.045000e+03
     vertex  6.280000e+03  0.000000e+00  3.045000e+03
     vertex  6.020000e+03  0.000000e+00  3.045000e+03
   endloop
 endfacet
 facet normal  0.000000e+00  0.000000e+00  1.000000e+00
   outer loop
     vertex  6.020000e+03 -3.800000e+02  3.045000e+03
     vertex  6.280000e+03 -3.800000e+02  3.045000e+03
     vertex  6.280000e+03  0.000000e+00  3.045000e+03
   endloop
 endfacet
 facet normal  1.000000e+00  0.000000e+00  0.000000e+00
   outer loop
     vertex  6.020000e+03  0.000000e+00  3.502500e+03
     vertex  6.020000e+03 -3.800000e+02  3.045000e+03
     vertex  6.020000e+03  0.000000e+00  3.045000e+03
   endloop
 endfacet
 facet normal  1.000000e+00 -0.000000e+00  0.000000e+00
   outer loop
     vertex  6.020000e+03 -3.800000e+02  3.502500e+03
     vertex  6.020000e+03 -3.800000e+02  3.045000e+03
     vertex  6.020000e+03  0.000000e+00  3.502500e+03
   endloop
 endfacet
 facet normal  0.000000e+00  0.000000e+00 -1.000000e+00
   outer loop
     vertex  6.020000e+03 -3.800000e+02  3.502500e+03
     vertex  6.280000e+03  0.000000e+00  3.502500e+03
     vertex  6.280000e+03 -3.800000e+02  3.502500e+03
   endloop
 endfacet
 facet normal  0.000000e+00  0.000000e+00 -1.000000e+00
   outer loop
     vertex  6.020000e+03 -3.800000e+02  3.502500e+03
     vertex  6.020000e+03  0.000000e+00  3.502500e+03
     vertex  6.280000e+03  0.000000e+00  3.502500e+03
   endloop
 endfacet
 facet normal  0.000000e+00  1.000000e+00  0.000000e+00
   outer loop
     vertex  6.020000e+03 -3.800000e+02  3.045000e+03
     vertex  6.020000e+03 -3.800000e+02  3.502500e+03
     vertex  6.280000e+03 -3.800000e+02  3.502500e+03
   endloop
 endfacet
 facet normal  0.000000e+00  1.000000e+00  0.000000e+00
   outer loop
     vertex  6.020000e+03 -3.800000e+02  3.045000e+03
     vertex  6.280000e+03 -3.800000e+02  3.502500e+03
     vertex  6.280000e+03 -3.800000e+02  3.045000e+03
   endloop
 endfacet
 facet normal  0.000000e+00 -1.000000e+00  0.000000e+00
   outer loop
     vertex  6.077500e+03  0.000000e+00  2.935000e+03
     vertex  6.280000e+03  0.000000e+00  2.935000e+03
     vertex  6.280000e+03  0.000000e+00  3.025000e+03
   endloop
 endfacet
 facet normal  0.000000e+00 -1.000000e+00  0.000000e+00
   outer loop
     vertex  6.077500e+03  0.000000e+00  3.025000e+03
     vertex  6.077500e+03  0.000000e+00  2.935000e+03
     vertex  6.280000e+03  0.000000e+00  3.025000e+03
   endloop
 endfacet
 facet normal -1.000000e+00  0.000000e+00  0.000000e+00
   outer loop
     vertex  6.280000e+03  0.000000e+00  2.935000e+03
     vertex  6.280000e+03 -3.800000e+02  3.025000e+03
     vertex  6.280000e+03  0.000000e+00  3.025000e+03
   endloop
 endfacet
 facet normal -1.000000e+00  0.000000e+00  0.000000e+00
   outer loop
     vertex  6.280000e+03  0.000000e+00  2.935000e+03
     vertex  6.280000e+03 -3.800000e+02  2.935000e+03
     vertex  6.280000e+03 -3.800000e+02  3.025000e+03
   endloop
 endfacet
 facet normal  0.000000e+00  0.000000e+00  1.000000e+00
   outer loop
     vertex  6.280000e+03  0.000000e+00  2.935000e+03
     vertex  6.077500e+03  0.000000e+00  2.935000e+03
     vertex  6.077500e+03 -3.800000e+02  2.935000e+03
   endloop
 endfacet
 facet normal  0.000000e+00  0.000000e+00  1.000000e+00
   outer loop
     vertex  6.280000e+03  0.000000e+00  2.935000e+03
     vertex  6.077500e+03 -3.800000e+02  2.935000e+03
     vertex  6.280000e+03 -3.800000e+02  2.935000e+03
   endloop
 endfacet
 facet normal  1.000000e+00 -0.000000e+00  0.000000e+00
   outer loop
     vertex  6.077500e+03 -3.800000e+02  3.025000e+03
     vertex  6.077500e+03  0.000000e+00  2.935000e+03
     vertex  6.077500e+03  0.000000e+00  3.025000e+03
   endloop
 endfacet
 facet normal  1.000000e+00  0.000000e+00  0.000000e+00
   outer loop
     vertex  6.077500e+03 -3.800000e+02  3.025000e+03
     vertex  6.077500e+03 -3.800000e+02  2.935000e+03
     vertex  6.077500e+03  0.000000e+00  2.935000e+03
   endloop
 endfacet
 facet normal  0.000000e+00  0.000000e+00 -1.000000e+00
   outer loop
     vertex  6.077500e+03 -3.800000e+02  3.025000e+03
     vertex  6.280000e+03  0.000000e+00  3.025000e+03
     vertex  6.280000e+03 -3.800000e+02  3.025000e+03
   endloop
 endfacet
 facet normal  0.000000e+00  0.000000e+00 -1.000000e+00
   outer loop
     vertex  6.077500e+03 -3.800000e+02  3.025000e+03
     vertex  6.077500e+03  0.000000e+00  3.025000e+03
     vertex  6.280000e+03  0.000000e+00  3.025000e+03
   endloop
 endfacet
 facet normal -0.000000e+00  1.000000e+00  0.000000e+00
   outer loop
     vertex  6.077500e+03 -3.800000e+02  3.025000e+03
     vertex  6.280000e+03 -3.800000e+02  3.025000e+03
     vertex  6.280000e+03 -3.800000e+02  2.935000e+03
   endloop
 endfacet
 facet normal  0.000000e+00  1.000000e+00  0.000000e+00
   outer loop
     vertex  6.077500e+03 -3.800000e+02  2.935000e+03
     vertex  6.077500e+03 -3.800000e+02  3.025000e+03
     vertex  6.280000e+03 -3.800000e+02  2.935000e+03
   endloop
 endfacet
 facet normal  0.000000e+00 -1.000000e+00  0.000000e+00
   outer loop
     vertex  4.975000e+02  0.000000e+00 -4.020000e+03
     vertex  9.150000e+02  0.000000e+00 -4.280000e+03
     vertex  9.150000e+02  0.000000e+00 -4.020000e+03
   endloop
 endfacet
 facet normal  0.000000e+00 -1.000000e+00  0.000000e+00
   outer loop
     vertex  4.975000e+02  0.000000e+00 -4.020000e+03
     vertex  4.975000e+02  0.000000e+00 -4.280000e+03
     vertex  9.150000e+02  0.000000e+00 -4.280000e+03
   endloop
 endfacet
 facet normal  0.000000e+00  0.000000e+00  1.000000e+00
   outer loop
     vertex  4.975000e+02 -3.800000e+02 -4.280000e+03
     vertex  9.150000e+02  0.000000e+00 -4.280000e+03
     vertex  4.975000e+02  0.000000e+00 -4.280000e+03
   endloop
 endfacet
 facet normal  0.000000e+00  0.000000e+00  1.000000e+00
   outer loop
     vertex  4.975000e+02 -3.800000e+02 -4.280000e+03
     vertex  9.150000e+02 -3.800000e+02 -4.280000e+03
     vertex  9.150000e+02  0.000000e+00 -4.280000e+03
   endloop
 endfacet
 facet normal  1.000000e+00  0.000000e+00 -0.000000e+00
   outer loop
     vertex  4.975000e+02  0.000000e+00 -4.280000e+03
     vertex  4.975000e+02  0.000000e+00 -4.020000e+03
     vertex  4.975000e+02 -3.800000e+02 -4.020000e+03
   endloop
 endfacet
 facet normal  1.000000e+00  0.000000e+00  0.000000e+00
   outer loop
     vertex  4.975000e+02  0.000000e+00 -4.280000e+03
     vertex  4.975000e+02 -3.800000e+02 -4.020000e+03
     vertex  4.975000e+02 -3.800000e+02 -4.280000e+03
   endloop
 endfacet
 facet normal -0.000000e+00  0.000000e+00 -1.000000e+00
   outer loop
     vertex  9.150000e+02  0.000000e+00 -4.020000e+03
     vertex  4.975000e+02 -3.800000e+02 -4.020000e+03
     vertex  4.975000e+02  0.000000e+00 -4.020000e+03
   endloop
 endfacet
 facet normal  0.000000e+00 -0.000000e+00 -1.000000e+00
   outer loop
     vertex  9.150000e+02  0.000000e+00 -4.020000e+03
     vertex  9.150000e+02 -3.800000e+02 -4.020000e+03
     vertex  4.975000e+02 -3.800000e+02 -4.020000e+03
   endloop
 endfacet
 facet normal -1.000000e+00  0.000000e+00  0.000000e+00
   outer loop
     vertex  9.150000e+02  0.000000e+00 -4.280000e+03
     vertex  9.150000e+02 -3.800000e+02 -4.020000e+03
     vertex  9.150000e+02  0.000000e+00 -4.020000e+03
   endloop
 endfacet
 facet normal -1.000000e+00  0.000000e+00  0.000000e+00
   outer loop
     vertex  9.150000e+02  0.000000e+00 -4.280000e+03
     vertex  9.150000e+02 -3.800000e+02 -4.280000e+03
     vertex  9.150000e+02 -3.800000e+02 -4.020000e+03
   endloop
 endfacet
 facet normal -0.000000e+00  1.000000e+00  0.000000e+00
   outer loop
     vertex  4.975000e+02 -3.800000e+02 -4.020000e+03
     vertex  9.150000e+02 -3.800000e+02 -4.020000e+03
     vertex  9.150000e+02 -3.800000e+02 -4.280000e+03
   endloop
 endfacet
 facet normal  0.000000e+00  1.000000e+00  0.000000e+00
   outer loop
     vertex  4.975000e+02 -3.800000e+02 -4.020000e+03
     vertex  9.150000e+02 -3.800000e+02 -4.280000e+03
     vertex  4.975000e+02 -3.800000e+02 -4.280000e+03
   endloop
 endfacet
 facet normal  0.000000e+00 -1.000000e+00  0.000000e+00
   outer loop
     vertex  1.045000e+03  0.000000e+00 -4.020000e+03
     vertex  1.502500e+03  0.000000e+00 -4.280000e+03
     vertex  1.502500e+03  0.000000e+00 -4.020000e+03
   endloop
 endfacet
 facet normal  0.000000e+00 -1.000000e+00  0.000000e+00
   outer loop
     vertex  1.045000e+03  0.000000e+00 -4.020000e+03
     vertex  1.045000e+03  0.000000e+00 -4.280000e+03
     vertex  1.502500e+03  0.000000e+00 -4.280000e+03
   endloop
 endfacet
 facet normal -0.000000e+00  0.000000e+00  1.000000e+00
   outer loop
     vertex  1.045000e+03  0.000000e+00 -4.280000e+03
     vertex  1.502500e+03 -3.800000e+02 -4.280000e+03
     vertex  1.502500e+03  0.000000e+00 -4.280000e+03
   endloop
 endfacet
 facet normal  0.000000e+00  0.000000e+00  1.000000e+00
   outer loop
     vertex  1.045000e+03 -3.800000e+02 -4.280000e+03
     vertex  1.502500e+03 -3.800000e+02 -4.280000e+03
     vertex  1.045000e+03  0.000000e+00 -4.280000e+03
   endloop
 endfacet
 facet normal  1.000000e+00 -0.000000e+00  0.000000e+00
   outer loop
     vertex  1.045000e+03 -3.800000e+02 -4.020000e+03
     vertex  1.045000e+03  0.000000e+00 -4.280000e+03
     vertex  1.045000e+03  0.000000e+00 -4.020000e+03
   endloop
 endfacet
 facet normal  1.000000e+00  0.000000e+00  0.000000e+00
   outer loop
     vertex  1.045000e+03 -3.800000e+02 -4.020000e+03
     vertex  1.045000e+03 -3.800000e+02 -4.280000e+03
     vertex  1.045000e+03  0.000000e+00 -4.280000e+03
   endloop
 endfacet
 facet normal  0.000000e+00  0.000000e+00 -1.000000e+00
   outer loop
     vertex  1.502500e+03 -3.800000e+02 -4.020000e+03
     vertex  1.045000e+03 -3.800000e+02 -4.020000e+03
     vertex  1.045000e+03  0.000000e+00 -4.020000e+03
   endloop
 endfacet
 facet normal -0.000000e+00 -0.000000e+00 -1.000000e+00
   outer loop
     vertex  1.502500e+03  0.000000e+00 -4.020000e+03
     vertex  1.502500e+03 -3.800000e+02 -4.020000e+03
     vertex  1.045000e+03  0.000000e+00 -4.020000e+03
   endloop
 endfacet
 facet normal -1.000000e+00  0.000000e+00  0.000000e+00
   outer loop
     vertex  1.502500e+03 -3.800000e+02 -4.020000e+03
     vertex  1.502500e+03  0.000000e+00 -4.280000e+03
     vertex  1.502500e+03 -3.800000e+02 -4.280000e+03
   endloop
 endfacet
 facet normal -1.000000e+00  0.000000e+00  0.000000e+00
   outer loop
     vertex  1.502500e+03 -3.800000e+02 -4.020000e+03
     vertex  1.502500e+03  0.000000e+00 -4.020000e+03
     vertex  1.502500e+03  0.000000e+00 -4.280000e+03
   endloop
 endfacet
 facet normal -0.000000e+00  1.000000e+00  0.000000e+00
   outer loop
     vertex  1.045000e+03 -3.800000e+02 -4.020000e+03
     vertex  1.502500e+03 -3.800000e+02 -4.020000e+03
     vertex  1.502500e+03 -3.800000e+02 -4.280000e+03
   endloop
 endfacet
 facet normal  0.000000e+00  1.000000e+00  0.000000e+00
   outer loop
     vertex  1.045000e+03 -3.800000e+02 -4.020000e+03
     vertex  1.502500e+03 -3.800000e+02 -4.280000e+03
     vertex  1.045000e+03 -3.800000e+02 -4.280000e+03
   endloop
 endfacet
 facet normal  0.000000e+00 -1.000000e+00 -0.000000e+00
   outer loop
     vertex  1.025000e+03  0.000000e+00 -4.077500e+03
     vertex  9.350000e+02  0.000000e+00 -4.280000e+03
     vertex  1.025000e+03  0.000000e+00 -4.280000e+03
   endloop
 endfacet
 facet normal  0.000000e+00 -1.000000e+00  0.000000e+00
   outer loop
     vertex  9.350000e+02  0.000000e+00 -4.077500e+03
     vertex  9.350000e+02  0.000000e+00 -4.280000e+03
     vertex  1.025000e+03  0.000000e+00 -4.077500e+03
   endloop
 endfacet
 facet normal  0.000000e+00  0.000000e+00  1.000000e+00
   outer loop
     vertex  9.350000e+02 -3.800000e+02 -4.280000e+03
     vertex  1.025000e+03  0.000000e+00 -4.280000e+03
     vertex  9.350000e+02  0.000000e+00 -4.280000e+03
   endloop
 endfacet
 facet normal  0.000000e+00  0.000000e+00  1.000000e+00
   outer loop
     vertex  9.350000e+02 -3.800000e+02 -4.280000e+03
     vertex  1.025000e+03 -3.800000e+02 -4.280000e+03
     vertex  1.025000e+03  0.000000e+00 -4.280000e+03
   endloop
 endfacet
 facet normal  1.000000e+00  0.000000e+00 -0.000000e+00
   outer loop
     vertex  9.350000e+02  0.000000e+00 -4.280000e+03
     vertex  9.350000e+02  0.000000e+00 -4.077500e+03
     vertex  9.350000e+02 -3.800000e+02 -4.077500e+03
   endloop
 endfacet
 facet normal  1.000000e+00  0.000000e+00  0.000000e+00
   outer loop
     vertex  9.350000e+02  0.000000e+00 -4.280000e+03
     vertex  9.350000e+02 -3.800000e+02 -4.077500e+03
     vertex  9.350000e+02 -3.800000e+02 -4.280000e+03
   endloop
 endfacet
 facet normal -0.000000e+00  0.000000e+00 -1.000000e+00
   outer loop
     vertex  1.025000e+03  0.000000e+00 -4.077500e+03
     vertex  9.350000e+02 -3.800000e+02 -4.077500e+03
     vertex  9.350000e+02  0.000000e+00 -4.077500e+03
   endloop
 endfacet
 facet normal  0.000000e+00 -0.000000e+00 -1.000000e+00
   outer loop
     vertex  1.025000e+03  0.000000e+00 -4.077500e+03
     vertex  1.025000e+03 -3.800000e+02 -4.077500e+03
     vertex  9.350000e+02 -3.800000e+02 -4.077500e+03
   endloop
 endfacet
 facet normal -1.000000e+00  0.000000e+00  0.000000e+00
   outer loop
     vertex  1.025000e+03 -3.800000e+02 -4.077500e+03
     vertex  1.025000e+03  0.000000e+00 -4.280000e+03
     vertex  1.025000e+03 -3.800000e+02 -4.280000e+03
   endloop
 endfacet
 facet normal -1.000000e+00  0.000000e+00  0.000000e+00
   outer loop
     vertex  1.025000e+03 -3.800000e+02 -4.077500e+03
     vertex  1.025000e+03  0.000000e+00 -4.077500e+03
     vertex  1.025000e+03  0.000000e+00 -4.280000e+03
   endloop
 endfacet
 facet normal  0.000000e+00  1.000000e+00  0.000000e+00
   outer loop
     vertex  1.025000e+03 -3.800000e+02 -4.077500e+03
     vertex  1.025000e+03 -3.800000e+02 -4.280000e+03
     vertex  9.350000e+02 -3.800000e+02 -4.280000e+03
   endloop
 endfacet
 facet normal -0.000000e+00  1.000000e+00  0.000000e+00
   outer loop
     vertex  9.350000e+02 -3.800000e+02 -4.077500e+03
     vertex  1.025000e+03 -3.800000e+02 -4.077500e+03
     vertex  9.350000e+02 -3.800000e+02 -4.280000e+03
   endloop
 endfacet
 facet normal  0.000000e+00 -1.000000e+00  0.000000e+00
   outer loop
     vertex  6.020000e+03  0.000000e+00 -1.085000e+03
     vertex  6.020000e+03  0.000000e+00 -1.502500e+03
     vertex  6.280000e+03  0.000000e+00 -1.502500e+03
   endloop
 endfacet
 facet normal  0.000000e+00 -1.000000e+00  0.000000e+00
   outer loop
     vertex  6.020000e+03  0.000000e+00 -1.085000e+03
     vertex  6.280000e+03  0.000000e+00 -1.502500e+03
     vertex  6.280000e+03  0.000000e+00 -1.085000e+03
   endloop
 endfacet
 facet normal -1.000000e+00  0.000000e+00  0.000000e+00
   outer loop
     vertex  6.280000e+03  0.000000e+00 -1.502500e+03
     vertex  6.280000e+03 -3.800000e+02 -1.085000e+03
     vertex  6.280000e+03  0.000000e+00 -1.085000e+03
   endloop
 endfacet
 facet normal -1.000000e+00  0.000000e+00  0.000000e+00
   outer loop
     vertex  6.280000e+03  0.000000e+00 -1.502500e+03
     vertex  6.280000e+03 -3.800000e+02 -1.502500e+03
     vertex  6.280000e+03 -3.800000e+02 -1.085000e+03
   endloop
 endfacet
 facet normal  0.000000e+00  0.000000e+00  1.000000e+00
   outer loop
     vertex  6.280000e+03  0.000000e+00 -1.502500e+03
     vertex  6.020000e+03  0.000000e+00 -1.502500e+03
     vertex  6.020000e+03 -3.800000e+02 -1.502500e+03
   endloop
 endfacet
 facet normal  0.000000e+00  0.000000e+00  1.000000e+00
   outer loop
     vertex  6.280000e+03  0.000000e+00 -1.502500e+03
     vertex  6.020000e+03 -3.800000e+02 -1.502500e+03
     vertex  6.280000e+03 -3.800000e+02 -1.502500e+03
   endloop
 endfacet
 facet normal  1.000000e+00 -0.000000e+00  0.000000e+00
   outer loop
     vertex  6.020000e+03 -3.800000e+02 -1.085000e+03
     vertex  6.020000e+03  0.000000e+00 -1.502500e+03
     vertex  6.020000e+03  0.000000e+00 -1.085000e+03
   endloop
 endfacet
 facet normal  1.000000e+00  0.000000e+00  0.000000e+00
   outer loop
     vertex  6.020000e+03 -3.800000e+02 -1.085000e+03
     vertex  6.020000e+03 -3.800000e+02 -1.502500e+03
     vertex  6.020000e+03  0.000000e+00 -1.502500e+03
   endloop
 endfacet
 facet normal -0.000000e+00  0.000000e+00 -1.000000e+00
   outer loop
     vertex  6.280000e+03  0.000000e+00 -1.085000e+03
     vertex  6.020000e+03 -3.800000e+02 -1.085000e+03
     vertex  6.020000e+03  0.000000e+00 -1.085000e+03
   endloop
 endfacet
 facet normal  0.000000e+00 -0.000000e+00 -1.000000e+00
   outer loop
     vertex  6.280000e+03  0.000000e+00 -1.085000e+03
     vertex  6.280000e+03 -3.800000e+02 -1.085000e+03
     vertex  6.020000e+03 -3.800000e+02 -1.085000e+03
   endloop
 endfacet
 facet normal  0.000000e+00  1.000000e+00  0.000000e+00
   outer loop
     vertex  6.020000e+03 -3.800000e+02 -1.502500e+03
     vertex  6.020000e+03 -3.800000e+02 -1.085000e+03
     vertex  6.280000e+03 -3.800000e+02 -1.085000e+03
   endloop
 endfacet
 facet normal  0.000000e+00  1.000000e+00  0.000000e+00
   outer loop
     vertex  6.020000e+03 -3.800000e+02 -1.502500e+03
     vertex  6.280000e+03 -3.800000e+02 -1.085000e+03
     vertex  6.280000e+03 -3.800000e+02 -1.502500e+03
   endloop
 endfacet
 facet normal  0.000000e+00 -1.000000e+00  0.000000e+00
   outer loop
     vertex  6.020000e+03  0.000000e+00 -4.975000e+02
     vertex  6.020000e+03  0.000000e+00 -9.550000e+02
     vertex  6.280000e+03  0.000000e+00 -9.550000e+02
   endloop
 endfacet
 facet normal  0.000000e+00 -1.000000e+00  0.000000e+00
   outer loop
     vertex  6.020000e+03  0.000000e+00 -4.975000e+02
     vertex  6.280000e+03  0.000000e+00 -9.550000e+02
     vertex  6.280000e+03  0.000000e+00 -4.975000e+02
   endloop
 endfacet
 facet normal -1.000000e+00  0.000000e+00  0.000000e+00
   outer loop
     vertex  6.280000e+03 -3.800000e+02 -9.550000e+02
     vertex  6.280000e+03 -3.800000e+02 -4.975000e+02
     vertex  6.280000e+03  0.000000e+00 -4.975000e+02
   endloop
 endfacet
 facet normal -1.000000e+00  0.000000e+00  0.000000e+00
   outer loop
     vertex  6.280000e+03  0.000000e+00 -9.550000e+02
     vertex  6.280000e+03 -3.800000e+02 -9.550000e+02
     vertex  6.280000e+03  0.000000e+00 -4.975000e+02
   endloop
 endfacet
 facet normal  0.000000e+00  0.000000e+00  1.000000e+00
   outer loop
     vertex  6.020000e+03 -3.800000e+02 -9.550000e+02
     vertex  6.280000e+03  0.000000e+00 -9.550000e+02
     vertex  6.020000e+03  0.000000e+00 -9.550000e+02
   endloop
 endfacet
 facet normal  0.000000e+00  0.000000e+00  1.000000e+00
   outer loop
     vertex  6.020000e+03 -3.800000e+02 -9.550000e+02
     vertex  6.280000e+03 -3.800000e+02 -9.550000e+02
     vertex  6.280000e+03  0.000000e+00 -9.550000e+02
   endloop
 endfacet
 facet normal  1.000000e+00  0.000000e+00  0.000000e+00
   outer loop
     vertex  6.020000e+03  0.000000e+00 -4.975000e+02
     vertex  6.020000e+03 -3.800000e+02 -9.550000e+02
     vertex  6.020000e+03  0.000000e+00 -9.550000e+02
   endloop
 endfacet
 facet normal  1.000000e+00 -0.000000e+00  0.000000e+00
   outer loop
     vertex  6.020000e+03 -3.800000e+02 -4.975000e+02
     vertex  6.020000e+03 -3.800000e+02 -9.550000e+02
     vertex  6.020000e+03  0.000000e+00 -4.975000e+02
   endloop
 endfacet
 facet normal  0.000000e+00  0.000000e+00 -1.000000e+00
   outer loop
     vertex  6.020000e+03 -3.800000e+02 -4.975000e+02
     vertex  6.280000e+03  0.000000e+00 -4.975000e+02
     vertex  6.280000e+03 -3.800000e+02 -4.975000e+02
   endloop
 endfacet
 facet normal  0.000000e+00  0.000000e+00 -1.000000e+00
   outer loop
     vertex  6.020000e+03 -3.800000e+02 -4.975000e+02
     vertex  6.020000e+03  0.000000e+00 -4.975000e+02
     vertex  6.280000e+03  0.000000e+00 -4.975000e+02
   endloop
 endfacet
 facet normal  0.000000e+00  1.000000e+00  0.000000e+00
   outer loop
     vertex  6.020000e+03 -3.800000e+02 -9.550000e+02
     vertex  6.020000e+03 -3.800000e+02 -4.975000e+02
     vertex  6.280000e+03 -3.800000e+02 -4.975000e+02
   endloop
 endfacet
 facet normal  0.000000e+00  1.000000e+00  0.000000e+00
   outer loop
     vertex  6.020000e+03 -3.800000e+02 -9.550000e+02
     vertex  6.280000e+03 -3.800000e+02 -4.975000e+02
     vertex  6.280000e+03 -3.800000e+02 -9.550000e+02
   endloop
 endfacet
 facet normal  0.000000e+00 -1.000000e+00  0.000000e+00
   outer loop
     vertex  6.077500e+03  0.000000e+00 -1.065000e+03
     vertex  6.280000e+03  0.000000e+00 -1.065000e+03
     vertex  6.280000e+03  0.000000e+00 -9.750000e+02
   endloop
 endfacet
 facet normal  0.000000e+00 -1.000000e+00  0.000000e+00
   outer loop
     vertex  6.077500e+03  0.000000e+00 -9.750000e+02
     vertex  6.077500e+03  0.000000e+00 -1.065000e+03
     vertex  6.280000e+03  0.000000e+00 -9.750000e+02
   endloop
 endfacet
 facet normal -1.000000e+00  0.000000e+00  0.000000e+00
   outer loop
     vertex  6.280000e+03  0.000000e+00 -1.065000e+03
     vertex  6.280000e+03 -3.800000e+02 -9.750000e+02
     vertex  6.280000e+03  0.000000e+00 -9.750000e+02
   endloop
 endfacet
 facet normal -1.000000e+00  0.000000e+00  0.000000e+00
   outer loop
     vertex  6.280000e+03  0.000000e+00 -1.065000e+03
     vertex  6.280000e+03 -3.800000e+02 -1.065000e+03
     vertex  6.280000e+03 -3.800000e+02 -9.750000e+02
   endloop
 endfacet
 facet normal  0.000000e+00  0.000000e+00  1.000000e+00
   outer loop
     vertex  6.280000e+03  0.000000e+00 -1.065000e+03
     vertex  6.077500e+03  0.000000e+00 -1.065000e+03
     vertex  6.077500e+03 -3.800000e+02 -1.065000e+03
   endloop
 endfacet
 facet normal  0.000000e+00  0.000000e+00  1.000000e+00
   outer loop
     vertex  6.280000e+03  0.000000e+00 -1.065000e+03
     vertex  6.077500e+03 -3.800000e+02 -1.065000e+03
     vertex  6.280000e+03 -3.800000e+02 -1.065000e+03
   endloop
 endfacet
 facet normal  1.000000e+00 -0.000000e+00  0.000000e+00
   outer loop
     vertex  6.077500e+03 -3.800000e+02 -9.750000e+02
     vertex  6.077500e+03  0.000000e+00 -1.065000e+03
     vertex  6.077500e+03  0.000000e+00 -9.750000e+02
   endloop
 endfacet
 facet normal  1.000000e+00  0.000000e+00  0.000000e+00
   outer loop
     vertex  6.077500e+03 -3.800000e+02 -9.750000e+02
     vertex  6.077500e+03 -3.800000e+02 -1.065000e+03
     vertex  6.077500e+03  0.000000e+00 -1.065000e+03
   endloop
 endfacet
 facet normal  0.000000e+00  0.000000e+00 -1.000000e+00
   outer loop
     vertex  6.077500e+03 -3.800000e+02 -9.750000e+02
     vertex  6.280000e+03  0.000000e+00 -9.750000e+02
     vertex  6.280000e+03 -3.800000e+02 -9.750000e+02
   endloop
 endfacet
 facet normal  0.000000e+00  0.000000e+00 -1.000000e+00
   outer loop
     vertex  6.077500e+03 -3.800000e+02 -9.750000e+02
     vertex  6.077500e+03  0.000000e+00 -9.750000e+02
     vertex  6.280000e+03  0.000000e+00 -9.750000e+02
   endloop
 endfacet
 facet normal -0.000000e+00  1.000000e+00  0.000000e+00
   outer loop
     vertex  6.077500e+03 -3.800000e+02 -9.750000e+02
     vertex  6.280000e+03 -3.800000e+02 -9.750000e+02
     vertex  6.280000e+03 -3.800000e+02 -1.065000e+03
   endloop
 endfacet
 facet normal  0.000000e+00  1.000000e+00  0.000000e+00
   outer loop
     vertex  6.077500e+03 -3.800000e+02 -1.065000e+03
     vertex  6.077500e+03 -3.800000e+02 -9.750000e+02
     vertex  6.280000e+03 -3.800000e+02 -1.065000e+03
   endloop
 endfacet
 facet normal  0.000000e+00 -1.000000e+00  0.000000e+00
   outer loop
     vertex -6.280000e+03  0.000000e+00  3.502500e+03
     vertex -6.020000e+03  0.000000e+00  3.085000e+03
     vertex -6.020000e+03  0.000000e+00  3.502500e+03
   endloop
 endfacet
 facet normal  0.000000e+00 -1.000000e+00  0.000000e+00
   outer loop
     vertex -6.280000e+03  0.000000e+00  3.502500e+03
     vertex -6.280000e+03  0.000000e+00  3.085000e+03
     vertex -6.020000e+03  0.000000e+00  3.085000e+03
   endloop
 endfacet
 facet normal  1.000000e+00 -0.000000e+00  0.000000e+00
   outer loop
     vertex -6.280000e+03 -3.800000e+02  3.502500e+03
     vertex -6.280000e+03  0.000000e+00  3.085000e+03
     vertex -6.280000e+03  0.000000e+00  3.502500e+03
   endloop
 endfacet
 facet normal  1.000000e+00  0.000000e+00  0.000000e+00
   outer loop
     vertex -6.280000e+03 -3.800000e+02  3.502500e+03
     vertex -6.280000e+03 -3.800000e+02  3.085000e+03
     vertex -6.280000e+03  0.000000e+00  3.085000e+03
   endloop
 endfacet
 facet normal  0.000000e+00  0.000000e+00 -1.000000e+00
   outer loop
     vertex -6.280000e+03 -3.800000e+02  3.502500e+03
     vertex -6.020000e+03  0.000000e+00  3.502500e+03
     vertex -6.020000e+03 -3.800000e+02  3.502500e+03
   endloop
 endfacet
 facet normal  0.000000e+00  0.000000e+00 -1.000000e+00
   outer loop
     vertex -6.280000e+03 -3.800000e+02  3.502500e+03
     vertex -6.280000e+03  0.000000e+00  3.502500e+03
     vertex -6.020000e+03  0.000000e+00  3.502500e+03
   endloop
 endfacet
 facet normal -1.000000e+00  0.000000e+00  0.000000e+00
   outer loop
     vertex -6.020000e+03  0.000000e+00  3.085000e+03
     vertex -6.020000e+03 -3.800000e+02  3.502500e+03
     vertex -6.020000e+03  0.000000e+00  3.502500e+03
   endloop
 endfacet
 facet normal -1.000000e+00  0.000000e+00  0.000000e+00
   outer loop
     vertex -6.020000e+03  0.000000e+00  3.085000e+03
     vertex -6.020000e+03 -3.800000e+02  3.085000e+03
     vertex -6.020000e+03 -3.800000e+02  3.502500e+03
   endloop
 endfacet
 facet normal  0.000000e+00  0.000000e+00  1.000000e+00
   outer loop
     vertex -6.280000e+03 -3.800000e+02  3.085000e+03
     vertex -6.020000e+03  0.000000e+00  3.085000e+03
     vertex -6.280000e+03  0.000000e+00  3.085000e+03
   endloop
 endfacet
 facet normal  0.000000e+00  0.000000e+00  1.000000e+00
   outer loop
     vertex -6.280000e+03 -3.800000e+02  3.085000e+03
     vertex -6.020000e+03 -3.800000e+02  3.085000e+03
     vertex -6.020000e+03  0.000000e+00  3.085000e+03
   endloop
 endfacet
 facet normal  0.000000e+00  1.000000e+00  0.000000e+00
   outer loop
     vertex -6.020000e+03 -3.800000e+02  3.502500e+03
     vertex -6.020000e+03 -3.800000e+02  3.085000e+03
     vertex -6.280000e+03 -3.800000e+02  3.085000e+03
   endloop
 endfacet
 facet normal  0.000000e+00  1.000000e+00  0.000000e+00
   outer loop
     vertex -6.020000e+03 -3.800000e+02  3.502500e+03
     vertex -6.280000e+03 -3.800000e+02  3.085000e+03
     vertex -6.280000e+03 -3.800000e+02  3.502500e+03
   endloop
 endfacet
 facet normal  0.000000e+00 -1.000000e+00  0.000000e+00
   outer loop
     vertex -6.280000e+03  0.000000e+00  2.955000e+03
     vertex -6.020000e+03  0.000000e+00  2.497500e+03
     vertex -6.020000e+03  0.000000e+00  2.955000e+03
   endloop
 endfacet
 facet normal  0.000000e+00 -1.000000e+00  0.000000e+00
   outer loop
     vertex -6.280000e+03  0.000000e+00  2.955000e+03
     vertex -6.280000e+03  0.000000e+00  2.497500e+03
     vertex -6.020000e+03  0.000000e+00  2.497500e+03
   endloop
 endfacet
 facet normal  1.000000e+00  0.000000e+00  0.000000e+00
   outer loop
     vertex -6.280000e+03  0.000000e+00  2.955000e+03
     vertex -6.280000e+03 -3.800000e+02  2.497500e+03
     vertex -6.280000e+03  0.000000e+00  2.497500e+03
   endloop
 endfacet
 facet normal  1.000000e+00 -0.000000e+00  0.000000e+00
   outer loop
     vertex -6.280000e+03 -3.800000e+02  2.955000e+03
     vertex -6.280000e+03 -3.800000e+02  2.497500e+03
     vertex -6.280000e+03  0.000000e+00  2.955000e+03
   endloop
 endfacet
 facet normal -0.000000e+00  0.000000e+00 -1.000000e+00
   outer loop
     vertex -6.020000e+03  0.000000e+00  2.955000e+03
     vertex -6.280000e+03 -3.800000e+02  2.955000e+03
     vertex -6.280000e+03  0.000000e+00  2.955000e+03
   endloop
 endfacet
 facet normal  0.000000e+00 -0.000000e+00 -1.000000e+00
   outer loop
     vertex -6.020000e+03  0.000000e+00  2.955000e+03
     vertex -6.020000e+03 -3.800000e+02  2.955000e+03
     vertex -6.280000e+03 -3.800000e+02  2.955000e+03
   endloop
 endfacet
 facet normal -1.000000e+00  0.000000e+00  0.000000e+00
   outer loop
     vertex -6.020000e+03 -3.800000e+02  2.497500e+03
     vertex -6.020000e+03 -3.800000e+02  2.955000e+03
     vertex -6.020000e+03  0.000000e+00  2.955000e+03
   endloop
 endfacet
 facet normal -1.000000e+00  0.000000e+00  0.000000e+00
   outer loop
     vertex -6.020000e+03  0.000000e+00  2.497500e+03
     vertex -6.020000e+03 -3.800000e+02  2.497500e+03
     vertex -6.020000e+03  0.000000e+00  2.955000e+03
   endloop
 endfacet
 facet normal  0.000000e+00  0.000000e+00  1.000000e+00
   outer loop
     vertex -6.020000e+03  0.000000e+00  2.497500e+03
     vertex -6.280000e+03  0.000000e+00  2.497500e+03
     vertex -6.280000e+03 -3.800000e+02  2.497500e+03
   endloop
 endfacet
 facet normal  0.000000e+00  0.000000e+00  1.000000e+00
   outer loop
     vertex -6.020000e+03  0.000000e+00  2.497500e+03
     vertex -6.280000e+03 -3.800000e+02  2.497500e+03
     vertex -6.020000e+03 -3.800000e+02  2.497500e+03
   endloop
 endfacet
 facet normal  0.000000e+00  1.000000e+00  0.000000e+00
   outer loop
     vertex -6.020000e+03 -3.800000e+02  2.955000e+03
     vertex -6.020000e+03 -3.800000e+02  2.497500e+03
     vertex -6.280000e+03 -3.800000e+02  2.497500e+03
   endloop
 endfacet
 facet normal  0.000000e+00  1.000000e+00  0.000000e+00
   outer loop
     vertex -6.020000e+03 -3.800000e+02  2.955000e+03
     vertex -6.280000e+03 -3.800000e+02  2.497500e+03
     vertex -6.280000e+03 -3.800000e+02  2.955000e+03
   endloop
 endfacet
 facet normal  0.000000e+00 -1.000000e+00  0.000000e+00
   outer loop
     vertex -6.280000e+03  0.000000e+00  2.975000e+03
     vertex -6.077500e+03  0.000000e+00  2.975000e+03
     vertex -6.077500e+03  0.000000e+00  3.065000e+03
   endloop
 endfacet
 facet normal  0.000000e+00 -1.000000e+00  0.000000e+00
   outer loop
     vertex -6.280000e+03  0.000000e+00  3.065000e+03
     vertex -6.280000e+03  0.000000e+00  2.975000e+03
     vertex -6.077500e+03  0.000000e+00  3.065000e+03
   endloop
 endfacet
 facet normal  1.000000e+00 -0.000000e+00  0.000000e+00
   outer loop
     vertex -6.280000e+03 -3.800000e+02  3.065000e+03
     vertex -6.280000e+03  0.000000e+00  2.975000e+03
     vertex -6.280000e+03  0.000000e+00  3.065000e+03
   endloop
 endfacet
 facet normal  1.000000e+00  0.000000e+00  0.000000e+00
   outer loop
     vertex -6.280000e+03 -3.800000e+02  3.065000e+03
     vertex -6.280000e+03 -3.800000e+02  2.975000e+03
     vertex -6.280000e+03  0.000000e+00  2.975000e+03
   endloop
 endfacet
 facet normal  0.000000e+00  0.000000e+00 -1.000000e+00
   outer loop
     vertex -6.280000e+03 -3.800000e+02  3.065000e+03
     vertex -6.077500e+03  0.000000e+00  3.065000e+03
     vertex -6.077500e+03 -3.800000e+02  3.065000e+03
   endloop
 endfacet
 facet normal  0.000000e+00  0.000000e+00 -1.000000e+00
   outer loop
     vertex -6.280000e+03 -3.800000e+02  3.065000e+03
     vertex -6.280000e+03  0.000000e+00  3.065000e+03
     vertex -6.077500e+03  0.000000e+00  3.065000e+03
   endloop
 endfacet
 facet normal -1.000000e+00  0.000000e+00  0.000000e+00
   outer loop
     vertex -6.077500e+03  0.000000e+00  2.975000e+03
     vertex -6.077500e+03 -3.800000e+02  3.065000e+03
     vertex -6.077500e+03  0.000000e+00  3.065000e+03
   endloop
 endfacet
 facet normal -1.000000e+00  0.000000e+00  0.000000e+00
   outer loop
     vertex -6.077500e+03  0.000000e+00  2.975000e+03
     vertex -6.077500e+03 -3.800000e+02  2.975000e+03
     vertex -6.077500e+03 -3.800000e+02  3.065000e+03
   endloop
 endfacet
 facet normal  0.000000e+00  0.000000e+00  1.000000e+00
   outer loop
     vertex -6.077500e+03  0.000000e+00  2.975000e+03
     vertex -6.280000e+03  0.000000e+00  2.975000e+03
     vertex -6.280000e+03 -3.800000e+02  2.975000e+03
   endloop
 endfacet
 facet normal  0.000000e+00  0.000000e+00  1.000000e+00
   outer loop
     vertex -6.077500e+03  0.000000e+00  2.975000e+03
     vertex -6.280000e+03 -3.800000e+02  2.975000e+03
     vertex -6.077500e+03 -3.800000e+02  2.975000e+03
   endloop
 endfacet
 facet normal  0.000000e+00  1.000000e+00  0.000000e+00
   outer loop
     vertex -6.077500e+03 -3.800000e+02  2.975000e+03
     vertex -6.280000e+03 -3.800000e+02  2.975000e+03
     vertex -6.280000e+03 -3.800000e+02  3.065000e+03
   endloop
 endfacet
 facet normal  0.000000e+00  1.000000e+00  0.000000e+00
   outer loop
     vertex -6.077500e+03 -3.800000e+02  3.065000e+03
     vertex -6.077500e+03 -3.800000e+02  2.975000e+03
     vertex -6.280000e+03 -3.800000e+02  3.065000e+03
   endloop
 endfacet
 facet normal  0.000000e+00 -1.000000e+00  0.000000e+00
   outer loop
     vertex -5.502500e+03  0.000000e+00 -4.020000e+03
     vertex -5.085000e+03  0.000000e+00 -4.280000e+03
     vertex -5.085000e+03  0.000000e+00 -4.020000e+03
   endloop
 endfacet
 facet normal  0.000000e+00 -1.000000e+00  0.000000e+00
   outer loop
     vertex -5.502500e+03  0.000000e+00 -4.020000e+03
     vertex -5.502500e+03  0.000000e+00 -4.280000e+03
     vertex -5.085000e+03  0.000000e+00 -4.280000e+03
   endloop
 endfacet
 facet normal  0.000000e+00  0.000000e+00  1.000000e+00
   outer loop
     vertex -5.502500e+03 -3.800000e+02 -4.280000e+03
     vertex -5.085000e+03  0.000000e+00 -4.280000e+03
     vertex -5.502500e+03  0.000000e+00 -4.280000e+03
   endloop
 endfacet
 facet normal  0.000000e+00  0.000000e+00  1.000000e+00
   outer loop
     vertex -5.502500e+03 -3.800000e+02 -4.280000e+03
     vertex -5.085000e+03 -3.800000e+02 -4.280000e+03
     vertex -5.085000e+03  0.000000e+00 -4.280000e+03
   endloop
 endfacet
 facet normal  1.000000e+00  0.000000e+00 -0.000000e+00
   outer loop
     vertex -5.502500e+03  0.000000e+00 -4.280000e+03
     vertex -5.502500e+03  0.000000e+00 -4.020000e+03
     vertex -5.502500e+03 -3.800000e+02 -4.020000e+03
   endloop
 endfacet
 facet normal  1.000000e+00  0.000000e+00  0.000000e+00
   outer loop
     vertex -5.502500e+03  0.000000e+00 -4.280000e+03
     vertex -5.502500e+03 -3.800000e+02 -4.020000e+03
     vertex -5.502500e+03 -3.800000e+02 -4.280000e+03
   endloop
 endfacet
 facet normal -0.000000e+00  0.000000e+00 -1.000000e+00
   outer loop
     vertex -5.085000e+03  0.000000e+00 -4.020000e+03
     vertex -5.502500e+03 -3.800000e+02 -4.020000e+03
     vertex -5.502500e+03  0.000000e+00 -4.020000e+03
   endloop
 endfacet
 facet normal  0.000000e+00 -0.000000e+00 -1.000000e+00
   outer loop
     vertex -5.085000e+03  0.000000e+00 -4.020000e+03
     vertex -5.085000e+03 -3.800000e+02 -4.020000e+03
     vertex -5.502500e+03 -3.800000e+02 -4.020000e+03
   endloop
 endfacet
 facet normal -1.000000e+00  0.000000e+00  0.000000e+00
   outer loop
     vertex -5.085000e+03  0.000000e+00 -4.280000e+03
     vertex -5.085000e+03 -3.800000e+02 -4.020000e+03
     vertex -5.085000e+03  0.000000e+00 -4.020000e+03
   endloop
 endfacet
 facet normal -1.000000e+00  0.000000e+00  0.000000e+00
   outer loop
     vertex -5.085000e+03  0.000000e+00 -4.280000e+03
     vertex -5.085000e+03 -3.800000e+02 -4.280000e+03
     vertex -5.085000e+03 -3.800000e+02 -4.020000e+03
   endloop
 endfacet
 facet normal -0.000000e+00  1.000000e+00  0.000000e+00
   outer loop
     vertex -5.502500e+03 -3.800000e+02 -4.020000e+03
     vertex -5.085000e+03 -3.800000e+02 -4.020000e+03
     vertex -5.085000e+03 -3.800000e+02 -4.280000e+03
   endloop
 endfacet
 facet normal  0.000000e+00  1.000000e+00  0.000000e+00
   outer loop
     vertex -5.502500e+03 -3.800000e+02 -4.020000e+03
     vertex -5.085000e+03 -3.800000e+02 -4.280000e+03
     vertex -5.502500e+03 -3.800000e+02 -4.280000e+03
   endloop
 endfacet
 facet normal  0.000000e+00 -1.000000e+00  0.000000e+00
   outer loop
     vertex -4.955000e+03  0.000000e+00 -4.020000e+03
     vertex -4.497500e+03  0.000000e+00 -4.280000e+03
     vertex -4.497500e+03  0.000000e+00 -4.020000e+03
   endloop
 endfacet
 facet normal  0.000000e+00 -1.000000e+00  0.000000e+00
   outer loop
     vertex -4.955000e+03  0.000000e+00 -4.020000e+03
     vertex -4.955000e+03  0.000000e+00 -4.280000e+03
     vertex -4.497500e+03  0.000000e+00 -4.280000e+03
   endloop
 endfacet
 facet normal -0.000000e+00  0.000000e+00  1.000000e+00
   outer loop
     vertex -4.955000e+03  0.000000e+00 -4.280000e+03
     vertex -4.497500e+03 -3.800000e+02 -4.280000e+03
     vertex -4.497500e+03  0.000000e+00 -4.280000e+03
   endloop
 endfacet
 facet normal  0.000000e+00  0.000000e+00  1.000000e+00
   outer loop
     vertex -4.955000e+03 -3.800000e+02 -4.280000e+03
     vertex -4.497500e+03 -3.800000e+02 -4.280000e+03
     vertex -4.955000e+03  0.000000e+00 -4.280000e+03
   endloop
 endfacet
 facet normal  1.000000e+00 -0.000000e+00  0.000000e+00
   outer loop
     vertex -4.955000e+03 -3.800000e+02 -4.020000e+03
     vertex -4.955000e+03  0.000000e+00 -4.280000e+03
     vertex -4.955000e+03  0.000000e+00 -4.020000e+03
   endloop
 endfacet
 facet normal  1.000000e+00  0.000000e+00  0.000000e+00
   outer loop
     vertex -4.955000e+03 -3.800000e+02 -4.020000e+03
     vertex -4.955000e+03 -3.800000e+02 -4.280000e+03
     vertex -4.955000e+03  0.000000e+00 -4.280000e+03
   endloop
 endfacet
 facet normal  0.000000e+00  0.000000e+00 -1.000000e+00
   outer loop
     vertex -4.497500e+03 -3.800000e+02 -4.020000e+03
     vertex -4.955000e+03 -3.800000e+02 -4.020000e+03
     vertex -4.955000e+03  0.000000e+00 -4.020000e+03
   endloop
 endfacet
 facet normal -0.000000e+00 -0.000000e+00 -1.000000e+00
   outer loop
     vertex -4.497500e+03  0.000000e+00 -4.020000e+03
     vertex -4.497500e+03 -3.800000e+02 -4.020000e+03
     vertex -4.955000e+03  0.000000e+00 -4.020000e+03
   endloop
 endfacet
 facet normal -1.000000e+00  0.000000e+00  0.000000e+00
   outer loop
     vertex -4.497500e+03 -3.800000e+02 -4.020000e+03
     vertex -4.497500e+03  0.000000e+00 -4.280000e+03
     vertex -4.497500e+03 -3.800000e+02 -4.280000e+03
   endloop
 endfacet
 facet normal -1.000000e+00  0.000000e+00  0.000000e+00
   outer loop
     vertex -4.497500e+03 -3.800000e+02 -4.020000e+03
     vertex -4.497500e+03  0.000000e+00 -4.020000e+03
     vertex -4.497500e+03  0.000000e+00 -4.280000e+03
   endloop
 endfacet
 facet normal -0.000000e+00  1.000000e+00  0.000000e+00
   outer loop
     vertex -4.955000e+03 -3.800000e+02 -4.020000e+03
     vertex -4.497500e+03 -3.800000e+02 -4.020000e+03
     vertex -4.497500e+03 -3.800000e+02 -4.280000e+03
   endloop
 endfacet
 facet normal  0.000000e+00  1.000000e+00  0.000000e+00
   outer loop
     vertex -4.955000e+03 -3.800000e+02 -4.020000e+03
     vertex -4.497500e+03 -3.800000e+02 -4.280000e+03
     vertex -4.955000e+03 -3.800000e+02 -4.280000e+03
   endloop
 endfacet
 facet normal  0.000000e+00 -1.000000e+00 -0.000000e+00
   outer loop
     vertex -4.975000e+03  0.000000e+00 -4.077500e+03
     vertex -5.065000e+03  0.000000e+00 -4.280000e+03
     vertex -4.975000e+03  0.000000e+00 -4.280000e+03
   endloop
 endfacet
 facet normal  0.000000e+00 -1.000000e+00  0.000000e+00
   outer loop
     vertex -5.065000e+03  0.000000e+00 -4.077500e+03
     vertex -5.065000e+03  0.000000e+00 -4.280000e+03
     vertex -4.975000e+03  0.000000e+00 -4.077500e+03
   endloop
 endfacet
 facet normal  0.000000e+00  0.000000e+00  1.000000e+00
   outer loop
     vertex -5.065000e+03 -3.800000e+02 -4.280000e+03
     vertex -4.975000e+03  0.000000e+00 -4.280000e+03
     vertex -5.065000e+03  0.000000e+00 -4.280000e+03
   endloop
 endfacet
 facet normal  0.000000e+00  0.000000e+00  1.000000e+00
   outer loop
     vertex -5.065000e+03 -3.800000e+02 -4.280000e+03
     vertex -4.975000e+03 -3.800000e+02 -4.280000e+03
     vertex -4.975000e+03  0.000000e+00 -4.280000e+03
   endloop
 endfacet
 facet normal  1.000000e+00  0.000000e+00 -0.000000e+00
   outer loop
     vertex -5.065000e+03  0.000000e+00 -4.280000e+03
     vertex -5.065000e+03  0.000000e+00 -4.077500e+03
     vertex -5.065000e+03 -3.800000e+02 -4.077500e+03
   endloop
 endfacet
 facet normal  1.000000e+00  0.000000e+00  0.000000e+00
   outer loop
     vertex -5.065000e+03  0.000000e+00 -4.280000e+03
     vertex -5.065000e+03 -3.800000e+02 -4.077500e+03
     vertex -5.065000e+03 -3.800000e+02 -4.280000e+03
   endloop
 endfacet
 facet normal -0.000000e+00  0.000000e+00 -1.000000e+00
   outer loop
     vertex -4.975000e+03  0.000000e+00 -4.077500e+03
     vertex -5.065000e+03 -3.800000e+02 -4.077500e+03
     vertex -5.065000e+03  0.000000e+00 -4.077500e+03
   endloop
 endfacet
 facet normal  0.000000e+00 -0.000000e+00 -1.000000e+00
   outer loop
     vertex -4.975000e+03  0.000000e+00 -4.077500e+03
     vertex -4.975000e+03 -3.800000e+02 -4.077500e+03
     vertex -5.065000e+03 -3.800000e+02 -4.077500e+03
   endloop
 endfacet
 facet normal -1.000000e+00  0.000000e+00  0.000000e+00
   outer loop
     vertex -4.975000e+03 -3.800000e+02 -4.077500e+03
     vertex -4.975000e+03  0.000000e+00 -4.280000e+03
     vertex -4.975000e+03 -3.800000e+02 -4.280000e+03
   endloop
 endfacet
 facet normal -1.000000e+00  0.000000e+00  0.000000e+00
   outer loop
     vertex -4.975000e+03 -3.800000e+02 -4.077500e+03
     vertex -4.975000e+03  0.000000e+00 -4.077500e+03
     vertex -4.975000e+03  0.000000e+00 -4.280000e+03
   endloop
 endfacet
 facet normal  0.000000e+00  1.000000e+00  0.000000e+00
   outer loop
     vertex -4.975000e+03 -3.800000e+02 -4.077500e+03
     vertex -4.975000e+03 -3.800000e+02 -4.280000e+03
     vertex -5.065000e+03 -3.800000e+02 -4.280000e+03
   endloop
 endfacet
 facet normal -0.000000e+00  1.000000e+00  0.000000e+00
   outer loop
     vertex -5.065000e+03 -3.800000e+02 -4.077500e+03
     vertex -4.975000e+03 -3.800000e+02 -4.077500e+03
     vertex -5.065000e+03 -3.800000e+02 -4.280000e+03
   endloop
 endfacet
 facet normal  0.000000e+00 -1.000000e+00  0.000000e+00
   outer loop
     vertex -3.502500e+03  0.000000e+00 -4.020000e+03
     vertex -3.085000e+03  0.000000e+00 -4.280000e+03
     vertex -3.085000e+03  0.000000e+00 -4.020000e+03
   endloop
 endfacet
 facet normal  0.000000e+00 -1.000000e+00  0.000000e+00
   outer loop
     vertex -3.502500e+03  0.000000e+00 -4.020000e+03
     vertex -3.502500e+03  0.000000e+00 -4.280000e+03
     vertex -3.085000e+03  0.000000e+00 -4.280000e+03
   endloop
 endfacet
 facet normal  0.000000e+00  0.000000e+00  1.000000e+00
   outer loop
     vertex -3.502500e+03 -3.800000e+02 -4.280000e+03
     vertex -3.085000e+03  0.000000e+00 -4.280000e+03
     vertex -3.502500e+03  0.000000e+00 -4.280000e+03
   endloop
 endfacet
 facet normal  0.000000e+00  0.000000e+00  1.000000e+00
   outer loop
     vertex -3.502500e+03 -3.800000e+02 -4.280000e+03
     vertex -3.085000e+03 -3.800000e+02 -4.280000e+03
     vertex -3.085000e+03  0.000000e+00 -4.280000e+03
   endloop
 endfacet
 facet normal  1.000000e+00  0.000000e+00 -0.000000e+00
   outer loop
     vertex -3.502500e+03  0.000000e+00 -4.280000e+03
     vertex -3.502500e+03  0.000000e+00 -4.020000e+03
     vertex -3.502500e+03 -3.800000e+02 -4.020000e+03
   endloop
 endfacet
 facet normal  1.000000e+00  0.000000e+00  0.000000e+00
   outer loop
     vertex -3.502500e+03  0.000000e+00 -4.280000e+03
     vertex -3.502500e+03 -3.800000e+02 -4.020000e+03
     vertex -3.502500e+03 -3.800000e+02 -4.280000e+03
   endloop
 endfacet
 facet normal -0.000000e+00  0.000000e+00 -1.000000e+00
   outer loop
     vertex -3.085000e+03  0.000000e+00 -4.020000e+03
     vertex -3.502500e+03 -3.800000e+02 -4.020000e+03
     vertex -3.502500e+03  0.000000e+00 -4.020000e+03
   endloop
 endfacet
 facet normal  0.000000e+00 -0.000000e+00 -1.000000e+00
   outer loop
     vertex -3.085000e+03  0.000000e+00 -4.020000e+03
     vertex -3.085000e+03 -3.800000e+02 -4.020000e+03
     vertex -3.502500e+03 -3.800000e+02 -4.020000e+03
   endloop
 endfacet
 facet normal -1.000000e+00  0.000000e+00  0.000000e+00
   outer loop
     vertex -3.085000e+03  0.000000e+00 -4.280000e+03
     vertex -3.085000e+03 -3.800000e+02 -4.020000e+03
     vertex -3.085000e+03  0.000000e+00 -4.020000e+03
   endloop
 endfacet
 facet normal -1.000000e+00  0.000000e+00  0.000000e+00
   outer loop
     vertex -3.085000e+03  0.000000e+00 -4.280000e+03
     vertex -3.085000e+03 -3.800000e+02 -4.280000e+03
     vertex -3.085000e+03 -3.800000e+02 -4.020000e+03
   endloop
 endfacet
 facet normal -0.000000e+00  1.000000e+00  0.000000e+00
   outer loop
     vertex -3.502500e+03 -3.800000e+02 -4.020000e+03
     vertex -3.085000e+03 -3.800000e+02 -4.020000e+03
     vertex -3.085000e+03 -3.800000e+02 -4.280000e+03
   endloop
 endfacet
 facet normal  0.000000e+00  1.000000e+00  0.000000e+00
   outer loop
     vertex -3.502500e+03 -3.800000e+02 -4.020000e+03
     vertex -3.085000e+03 -3.800000e+02 -4.280000e+03
     vertex -3.502500e+03 -3.800000e+02 -4.280000e+03
   endloop
 endfacet
 facet normal  0.000000e+00 -1.000000e+00  0.000000e+00
   outer loop
     vertex -2.955000e+03  0.000000e+00 -4.020000e+03
     vertex -2.497500e+03  0.000000e+00 -4.280000e+03
     vertex -2.497500e+03  0.000000e+00 -4.020000e+03
   endloop
 endfacet
 facet normal  0.000000e+00 -1.000000e+00  0.000000e+00
   outer loop
     vertex -2.955000e+03  0.000000e+00 -4.020000e+03
     vertex -2.955000e+03  0.000000e+00 -4.280000e+03
     vertex -2.497500e+03  0.000000e+00 -4.280000e+03
   endloop
 endfacet
 facet normal -0.000000e+00  0.000000e+00  1.000000e+00
   outer loop
     vertex -2.955000e+03  0.000000e+00 -4.280000e+03
     vertex -2.497500e+03 -3.800000e+02 -4.280000e+03
     vertex -2.497500e+03  0.000000e+00 -4.280000e+03
   endloop
 endfacet
 facet normal  0.000000e+00  0.000000e+00  1.000000e+00
   outer loop
     vertex -2.955000e+03 -3.800000e+02 -4.280000e+03
     vertex -2.497500e+03 -3.800000e+02 -4.280000e+03
     vertex -2.955000e+03  0.000000e+00 -4.280000e+03
   endloop
 endfacet
 facet normal  1.000000e+00 -0.000000e+00  0.000000e+00
   outer loop
     vertex -2.955000e+03 -3.800000e+02 -4.020000e+03
     vertex -2.955000e+03  0.000000e+00 -4.280000e+03
     vertex -2.955000e+03  0.000000e+00 -4.020000e+03
   endloop
 endfacet
 facet normal  1.000000e+00  0.000000e+00  0.000000e+00
   outer loop
     vertex -2.955000e+03 -3.800000e+02 -4.020000e+03
     vertex -2.955000e+03 -3.800000e+02 -4.280000e+03
     vertex -2.955000e+03  0.000000e+00 -4.280000e+03
   endloop
 endfacet
 facet normal  0.000000e+00  0.000000e+00 -1.000000e+00
   outer loop
     vertex -2.497500e+03 -3.800000e+02 -4.020000e+03
     vertex -2.955000e+03 -3.800000e+02 -4.020000e+03
     vertex -2.955000e+03  0.000000e+00 -4.020000e+03
   endloop
 endfacet
 facet normal -0.000000e+00 -0.000000e+00 -1.000000e+00
   outer loop
     vertex -2.497500e+03  0.000000e+00 -4.020000e+03
     vertex -2.497500e+03 -3.800000e+02 -4.020000e+03
     vertex -2.955000e+03  0.000000e+00 -4.020000e+03
   endloop
 endfacet
 facet normal -1.000000e+00  0.000000e+00  0.000000e+00
   outer loop
     vertex -2.497500e+03 -3.800000e+02 -4.020000e+03
     vertex -2.497500e+03  0.000000e+00 -4.280000e+03
     vertex -2.497500e+03 -3.800000e+02 -4.280000e+03
   endloop
 endfacet
 facet normal -1.000000e+00  0.000000e+00  0.000000e+00
   outer loop
     vertex -2.497500e+03 -3.800000e+02 -4.020000e+03
     vertex -2.497500e+03  0.000000e+00 -4.020000e+03
     vertex -2.497500e+03  0.000000e+00 -4.280000e+03
   endloop
 endfacet
 facet normal -0.000000e+00  1.000000e+00  0.000000e+00
   outer loop
     vertex -2.955000e+03 -3.800000e+02 -4.020000e+03
     vertex -2.497500e+03 -3.800000e+02 -4.020000e+03
     vertex -2.497500e+03 -3.800000e+02 -4.280000e+03
   endloop
 endfacet
 facet normal  0.000000e+00  1.000000e+00  0.000000e+00
   outer loop
     vertex -2.955000e+03 -3.800000e+02 -4.020000e+03
     vertex -2.497500e+03 -3.800000e+02 -4.280000e+03
     vertex -2.955000e+03 -3.800000e+02 -4.280000e+03
   endloop
 endfacet
 facet normal  0.000000e+00 -1.000000e+00 -0.000000e+00
   outer loop
     vertex -2.975000e+03  0.000000e+00 -4.077500e+03
     vertex -3.065000e+03  0.000000e+00 -4.280000e+03
     vertex -2.975000e+03  0.000000e+00 -4.280000e+03
   endloop
 endfacet
 facet normal  0.000000e+00 -1.000000e+00  0.000000e+00
   outer loop
     vertex -3.065000e+03  0.000000e+00 -4.077500e+03
     vertex -3.065000e+03  0.000000e+00 -4.280000e+03
     vertex -2.975000e+03  0.000000e+00 -4.077500e+03
   endloop
 endfacet
 facet normal  0.000000e+00  0.000000e+00  1.000000e+00
   outer loop
     vertex -3.065000e+03 -3.800000e+02 -4.280000e+03
     vertex -2.975000e+03  0.000000e+00 -4.280000e+03
     vertex -3.065000e+03  0.000000e+00 -4.280000e+03
   endloop
 endfacet
 facet normal  0.000000e+00  0.000000e+00  1.000000e+00
   outer loop
     vertex -3.065000e+03 -3.800000e+02 -4.280000e+03
     vertex -2.975000e+03 -3.800000e+02 -4.280000e+03
     vertex -2.975000e+03  0.000000e+00 -4.280000e+03
   endloop
 endfacet
 facet normal  1.000000e+00  0.000000e+00 -0.000000e+00
   outer loop
     vertex -3.065000e+03  0.000000e+00 -4.280000e+03
     vertex -3.065000e+03  0.000000e+00 -4.077500e+03
     vertex -3.065000e+03 -3.800000e+02 -4.077500e+03
   endloop
 endfacet
 facet normal  1.000000e+00  0.000000e+00  0.000000e+00
   outer loop
     vertex -3.065000e+03  0.000000e+00 -4.280000e+03
     vertex -3.065000e+03 -3.800000e+02 -4.077500e+03
     vertex -3.065000e+03 -3.800000e+02 -4.280000e+03
   endloop
 endfacet
 facet normal -0.000000e+00  0.000000e+00 -1.000000e+00
   outer loop
     vertex -2.975000e+03  0.000000e+00 -4.077500e+03
     vertex -3.065000e+03 -3.800000e+02 -4.077500e+03
     vertex -3.065000e+03  0.000000e+00 -4.077500e+03
   endloop
 endfacet
 facet normal  0.000000e+00 -0.000000e+00 -1.000000e+00
   outer loop
     vertex -2.975000e+03  0.000000e+00 -4.077500e+03
     vertex -2.975000e+03 -3.800000e+02 -4.077500e+03
     vertex -3.065000e+03 -3.800000e+02 -4.077500e+03
   endloop
 endfacet
 facet normal -1.000000e+00  0.000000e+00  0.000000e+00
   outer loop
     vertex -2.975000e+03 -3.800000e+02 -4.077500e+03
     vertex -2.975000e+03  0.000000e+00 -4.280000e+03
     vertex -2.975000e+03 -3.800000e+02 -4.280000e+03
   endloop
 endfacet
 facet normal -1.000000e+00  0.000000e+00  0.000000e+00
   outer loop
     vertex -2.975000e+03 -3.800000e+02 -4.077500e+03
     vertex -2.975000e+03  0.000000e+00 -4.077500e+03
     vertex -2.975000e+03  0.000000e+00 -4.280000e+03
   endloop
 endfacet
 facet normal  0.000000e+00  1.000000e+00  0.000000e+00
   outer loop
     vertex -2.975000e+03 -3.800000e+02 -4.077500e+03
     vertex -2.975000e+03 -3.800000e+02 -4.280000e+03
     vertex -3.065000e+03 -3.800000e+02 -4.280000e+03
   endloop
 endfacet
 facet normal -0.000000e+00  1.000000e+00  0.000000e+00
   outer loop
     vertex -3.065000e+03 -3.800000e+02 -4.077500e+03
     vertex -2.975000e+03 -3.800000e+02 -4.077500e+03
     vertex -3.065000e+03 -3.800000e+02 -4.280000e+03
   endloop
 endfacet
 facet normal  0.000000e+00 -1.000000e+00  0.000000e+00
   outer loop
     vertex -6.280000e+03  0.000000e+00  1.502500e+03
     vertex -6.020000e+03  0.000000e+00  1.085000e+03
     vertex -6.020000e+03  0.000000e+00  1.502500e+03
   endloop
 endfacet
 facet normal  0.000000e+00 -1.000000e+00  0.000000e+00
   outer loop
     vertex -6.280000e+03  0.000000e+00  1.502500e+03
     vertex -6.280000e+03  0.000000e+00  1.085000e+03
     vertex -6.020000e+03  0.000000e+00  1.085000e+03
   endloop
 endfacet
 facet normal  1.000000e+00 -0.000000e+00  0.000000e+00
   outer loop
     vertex -6.280000e+03 -3.800000e+02  1.502500e+03
     vertex -6.280000e+03  0.000000e+00  1.085000e+03
     vertex -6.280000e+03  0.000000e+00  1.502500e+03
   endloop
 endfacet
 facet normal  1.000000e+00  0.000000e+00  0.000000e+00
   outer loop
     vertex -6.280000e+03 -3.800000e+02  1.502500e+03
     vertex -6.280000e+03 -3.800000e+02  1.085000e+03
     vertex -6.280000e+03  0.000000e+00  1.085000e+03
   endloop
 endfacet
 facet normal  0.000000e+00  0.000000e+00 -1.000000e+00
   outer loop
     vertex -6.280000e+03 -3.800000e+02  1.502500e+03
     vertex -6.020000e+03  0.000000e+00  1.502500e+03
     vertex -6.020000e+03 -3.800000e+02  1.502500e+03
   endloop
 endfacet
 facet normal  0.000000e+00  0.000000e+00 -1.000000e+00
   outer loop
     vertex -6.280000e+03 -3.800000e+02  1.502500e+03
     vertex -6.280000e+03  0.000000e+00  1.502500e+03
     vertex -6.020000e+03  0.000000e+00  1.502500e+03
   endloop
 endfacet
 facet normal -1.000000e+00  0.000000e+00  0.000000e+00
   outer loop
     vertex -6.020000e+03  0.000000e+00  1.085000e+03
     vertex -6.020000e+03 -3.800000e+02  1.502500e+03
     vertex -6.020000e+03  0.000000e+00  1.502500e+03
   endloop
 endfacet
 facet normal -1.000000e+00  0.000000e+00  0.000000e+00
   outer loop
     vertex -6.020000e+03  0.000000e+00  1.085000e+03
     vertex -6.020000e+03 -3.800000e+02  1.085000e+03
     vertex -6.020000e+03 -3.800000e+02  1.502500e+03
   endloop
 endfacet
 facet normal  0.000000e+00  0.000000e+00  1.000000e+00
   outer loop
     vertex -6.280000e+03 -3.800000e+02  1.085000e+03
     vertex -6.020000e+03  0.000000e+00  1.085000e+03
     vertex -6.280000e+03  0.000000e+00  1.085000e+03
   endloop
 endfacet
 facet normal  0.000000e+00  0.000000e+00  1.000000e+00
   outer loop
     vertex -6.280000e+03 -3.800000e+02  1.085000e+03
     vertex -6.020000e+03 -3.800000e+02  1.085000e+03
     vertex -6.020000e+03  0.000000e+00  1.085000e+03
   endloop
 endfacet
 facet normal  0.000000e+00  1.000000e+00  0.000000e+00
   outer loop
     vertex -6.020000e+03 -3.800000e+02  1.502500e+03
     vertex -6.020000e+03 -3.800000e+02  1.085000e+03
     vertex -6.280000e+03 -3.800000e+02  1.085000e+03
   endloop
 endfacet
 facet normal  0.000000e+00  1.000000e+00  0.000000e+00
   outer loop
     vertex -6.020000e+03 -3.800000e+02  1.502500e+03
     vertex -6.280000e+03 -3.800000e+02  1.085000e+03
     vertex -6.280000e+03 -3.800000e+02  1.502500e+03
   endloop
 endfacet
 facet normal  0.000000e+00 -1.000000e+00  0.000000e+00
   outer loop
     vertex -6.280000e+03  0.000000e+00  9.550000e+02
     vertex -6.020000e+03  0.000000e+00  4.975000e+02
     vertex -6.020000e+03  0.000000e+00  9.550000e+02
   endloop
 endfacet
 facet normal  0.000000e+00 -1.000000e+00  0.000000e+00
   outer loop
     vertex -6.280000e+03  0.000000e+00  9.550000e+02
     vertex -6.280000e+03  0.000000e+00  4.975000e+02
     vertex -6.020000e+03  0.000000e+00  4.975000e+02
   endloop
 endfacet
 facet normal  1.000000e+00  0.000000e+00  0.000000e+00
   outer loop
     vertex -6.280000e+03  0.000000e+00  9.550000e+02
     vertex -6.280000e+03 -3.800000e+02  4.975000e+02
     vertex -6.280000e+03  0.000000e+00  4.975000e+02
   endloop
 endfacet
 facet normal  1.000000e+00 -0.000000e+00  0.000000e+00
   outer loop
     vertex -6.280000e+03 -3.800000e+02  9.550000e+02
     vertex -6.280000e+03 -3.800000e+02  4.975000e+02
     vertex -6.280000e+03  0.000000e+00  9.550000e+02
   endloop
 endfacet
 facet normal -0.000000e+00  0.000000e+00 -1.000000e+00
   outer loop
     vertex -6.020000e+03  0.000000e+00  9.550000e+02
     vertex -6.280000e+03 -3.800000e+02  9.550000e+02
     vertex -6.280000e+03  0.000000e+00  9.550000e+02
   endloop
 endfacet
 facet normal  0.000000e+00 -0.000000e+00 -1.000000e+00
   outer loop
     vertex -6.020000e+03  0.000000e+00  9.550000e+02
     vertex -6.020000e+03 -3.800000e+02  9.550000e+02
     vertex -6.280000e+03 -3.800000e+02  9.550000e+02
   endloop
 endfacet
 facet normal -1.000000e+00  0.000000e+00  0.000000e+00
   outer loop
     vertex -6.020000e+03 -3.800000e+02  4.975000e+02
     vertex -6.020000e+03 -3.800000e+02  9.550000e+02
     vertex -6.020000e+03  0.000000e+00  9.550000e+02
   endloop
 endfacet
 facet normal -1.000000e+00  0.000000e+00  0.000000e+00
   outer loop
     vertex -6.020000e+03  0.000000e+00  4.975000e+02
     vertex -6.020000e+03 -3.800000e+02  4.975000e+02
     vertex -6.020000e+03  0.000000e+00  9.550000e+02
   endloop
 endfacet
 facet normal  0.000000e+00  0.000000e+00  1.000000e+00
   outer loop
     vertex -6.020000e+03  0.000000e+00  4.975000e+02
     vertex -6.280000e+03  0.000000e+00  4.975000e+02
     vertex -6.280000e+03 -3.800000e+02  4.975000e+02
   endloop
 endfacet
 facet normal  0.000000e+00  0.000000e+00  1.000000e+00
   outer loop
     vertex -6.020000e+03  0.000000e+00  4.975000e+02
     vertex -6.280000e+03 -3.800000e+02  4.975000e+02
     vertex -6.020000e+03 -3.800000e+02  4.975000e+02
   endloop
 endfacet
 facet normal  0.000000e+00  1.000000e+00  0.000000e+00
   outer loop
     vertex -6.020000e+03 -3.800000e+02  9.550000e+02
     vertex -6.020000e+03 -3.800000e+02  4.975000e+02
     vertex -6.280000e+03 -3.800000e+02  4.975000e+02
   endloop
 endfacet
 facet normal  0.000000e+00  1.000000e+00  0.000000e+00
   outer loop
     vertex -6.020000e+03 -3.800000e+02  9.550000e+02
     vertex -6.280000e+03 -3.800000e+02  4.975000e+02
     vertex -6.280000e+03 -3.800000e+02  9.550000e+02
   endloop
 endfacet
 facet normal  0.000000e+00 -1.000000e+00  0.000000e+00
   outer loop
     vertex -6.280000e+03  0.000000e+00  9.750000e+02
     vertex -6.077500e+03  0.000000e+00  9.750000e+02
     vertex -6.077500e+03  0.000000e+00  1.065000e+03
   endloop
 endfacet
 facet normal  0.000000e+00 -1.000000e+00  0.000000e+00
   outer loop
     vertex -6.280000e+03  0.000000e+00  1.065000e+03
     vertex -6.280000e+03  0.000000e+00  9.750000e+02
     vertex -6.077500e+03  0.000000e+00  1.065000e+03
   endloop
 endfacet
 facet normal  1.000000e+00 -0.000000e+00  0.000000e+00
   outer loop
     vertex -6.280000e+03 -3.800000e+02  1.065000e+03
     vertex -6.280000e+03  0.000000e+00  9.750000e+02
     vertex -6.280000e+03  0.000000e+00  1.065000e+03
   endloop
 endfacet
 facet normal  1.000000e+00  0.000000e+00  0.000000e+00
   outer loop
     vertex -6.280000e+03 -3.800000e+02  1.065000e+03
     vertex -6.280000e+03 -3.800000e+02  9.750000e+02
     vertex -6.280000e+03  0.000000e+00  9.750000e+02
   endloop
 endfacet
 facet normal  0.000000e+00  0.000000e+00 -1.000000e+00
   outer loop
     vertex -6.280000e+03 -3.800000e+02  1.065000e+03
     vertex -6.077500e+03  0.000000e+00  1.065000e+03
     vertex -6.077500e+03 -3.800000e+02  1.065000e+03
   endloop
 endfacet
 facet normal  0.000000e+00  0.000000e+00 -1.000000e+00
   outer loop
     vertex -6.280000e+03 -3.800000e+02  1.065000e+03
     vertex -6.280000e+03  0.000000e+00  1.065000e+03
     vertex -6.077500e+03  0.000000e+00  1.065000e+03
   endloop
 endfacet
 facet normal -1.000000e+00  0.000000e+00  0.000000e+00
   outer loop
     vertex -6.077500e+03  0.000000e+00  9.750000e+02
     vertex -6.077500e+03 -3.800000e+02  1.065000e+03
     vertex -6.077500e+03  0.000000e+00  1.065000e+03
   endloop
 endfacet
 facet normal -1.000000e+00  0.000000e+00  0.000000e+00
   outer loop
     vertex -6.077500e+03  0.000000e+00  9.750000e+02
     vertex -6.077500e+03 -3.800000e+02  9.750000e+02
     vertex -6.077500e+03 -3.800000e+02  1.065000e+03
   endloop
 endfacet
 facet normal  0.000000e+00  0.000000e+00  1.000000e+00
   outer loop
     vertex -6.077500e+03  0.000000e+00  9.750000e+02
     vertex -6.280000e+03  0.000000e+00  9.750000e+02
     vertex -6.280000e+03 -3.800000e+02  9.750000e+02
   endloop
 endfacet
 facet normal  0.000000e+00  0.000000e+00  1.000000e+00
   outer loop
     vertex -6.077500e+03  0.000000e+00  9.750000e+02
     vertex -6.280000e+03 -3.800000e+02  9.750000e+02
     vertex -6.077500e+03 -3.800000e+02  9.750000e+02
   endloop
 endfacet
 facet normal  0.000000e+00  1.000000e+00  0.000000e+00
   outer loop
     vertex -6.077500e+03 -3.800000e+02  9.750000e+02
     vertex -6.280000e+03 -3.800000e+02  9.750000e+02
     vertex -6.280000e+03 -3.800000e+02  1.065000e+03
   endloop
 endfacet
 facet normal  0.000000e+00  1.000000e+00  0.000000e+00
   outer loop
     vertex -6.077500e+03 -3.800000e+02  1.065000e+03
     vertex -6.077500e+03 -3.800000e+02  9.750000e+02
     vertex -6.280000e+03 -3.800000e+02  1.065000e+03
   endloop
 endfacet
 facet normal  0.000000e+00 -1.000000e+00  0.000000e+00
   outer loop
     vertex  3.085000e+03  0.000000e+00  4.280000e+03
     vertex  3.502500e+03  0.000000e+00  4.020000e+03
     vertex  3.502500e+03  0.000000e+00  4.280000e+03
   endloop
 endfacet
 facet normal  0.000000e+00 -1.000000e+00  0.000000e+00
   outer loop
     vertex  3.085000e+03  0.000000e+00  4.280000e+03
     vertex  3.085000e+03  0.000000e+00  4.020000e+03
     vertex  3.502500e+03  0.000000e+00  4.020000e+03
   endloop
 endfacet
 facet normal -0.000000e+00  0.000000e+00 -1.000000e+00
   outer loop
     vertex  3.502500e+03  0.000000e+00  4.280000e+03
     vertex  3.085000e+03 -3.800000e+02  4.280000e+03
     vertex  3.085000e+03  0.000000e+00  4.280000e+03
   endloop
 endfacet
 facet normal  0.000000e+00 -0.000000e+00 -1.000000e+00
   outer loop
     vertex  3.502500e+03  0.000000e+00  4.280000e+03
     vertex  3.502500e+03 -3.800000e+02  4.280000e+03
     vertex  3.085000e+03 -3.800000e+02  4.280000e+03
   endloop
 endfacet
 facet normal -1.000000e+00  0.000000e+00  0.000000e+00
   outer loop
     vertex  3.502500e+03 -3.800000e+02  4.280000e+03
     vertex  3.502500e+03  0.000000e+00  4.020000e+03
     vertex  3.502500e+03 -3.800000e+02  4.020000e+03
   endloop
 endfacet
 facet normal -1.000000e+00  0.000000e+00  0.000000e+00
   outer loop
     vertex  3.502500e+03 -3.800000e+02  4.280000e+03
     vertex  3.502500e+03  0.000000e+00  4.280000e+03
     vertex  3.502500e+03  0.000000e+00  4.020000e+03
   endloop
 endfacet
 facet normal  0.000000e+00  0.000000e+00  1.000000e+00
   outer loop
     vertex  3.085000e+03 -3.800000e+02  4.020000e+03
     vertex  3.502500e+03  0.000000e+00  4.020000e+03
     vertex  3.085000e+03  0.000000e+00  4.020000e+03
   endloop
 endfacet
 facet normal  0.000000e+00  0.000000e+00  1.000000e+00
   outer loop
     vertex  3.085000e+03 -3.800000e+02  4.020000e+03
     vertex  3.502500e+03 -3.800000e+02  4.020000e+03
     vertex  3.502500e+03  0.000000e+00  4.020000e+03
   endloop
 endfacet
 facet normal  1.000000e+00 -0.000000e+00  0.000000e+00
   outer loop
     vertex  3.085000e+03 -3.800000e+02  4.280000e+03
     vertex  3.085000e+03  0.000000e+00  4.020000e+03
     vertex  3.085000e+03  0.000000e+00  4.280000e+03
   endloop
 endfacet
 facet normal  1.000000e+00  0.000000e+00  0.000000e+00
   outer loop
     vertex  3.085000e+03 -3.800000e+02  4.280000e+03
     vertex  3.085000e+03 -3.800000e+02  4.020000e+03
     vertex  3.085000e+03  0.000000e+00  4.020000e+03
   endloop
 endfacet
 facet normal  0.000000e+00  1.000000e+00  0.000000e+00
   outer loop
     vertex  3.502500e+03 -3.800000e+02  4.020000e+03
     vertex  3.085000e+03 -3.800000e+02  4.020000e+03
     vertex  3.085000e+03 -3.800000e+02  4.280000e+03
   endloop
 endfacet
 facet normal  0.000000e+00  1.000000e+00 -0.000000e+00
   outer loop
     vertex  3.502500e+03 -3.800000e+02  4.020000e+03
     vertex  3.085000e+03 -3.800000e+02  4.280000e+03
     vertex  3.502500e+03 -3.800000e+02  4.280000e+03
   endloop
 endfacet
 facet normal  0.000000e+00 -1.000000e+00  0.000000e+00
   outer loop
     vertex  2.497500e+03  0.000000e+00  4.280000e+03
     vertex  2.955000e+03  0.000000e+00  4.020000e+03
     vertex  2.955000e+03  0.000000e+00  4.280000e+03
   endloop
 endfacet
 facet normal  0.000000e+00 -1.000000e+00  0.000000e+00
   outer loop
     vertex  2.497500e+03  0.000000e+00  4.280000e+03
     vertex  2.497500e+03  0.000000e+00  4.020000e+03
     vertex  2.955000e+03  0.000000e+00  4.020000e+03
   endloop
 endfacet
 facet normal  0.000000e+00  0.000000e+00 -1.000000e+00
   outer loop
     vertex  2.955000e+03 -3.800000e+02  4.280000e+03
     vertex  2.497500e+03 -3.800000e+02  4.280000e+03
     vertex  2.497500e+03  0.000000e+00  4.280000e+03
   endloop
 endfacet
 facet normal -0.000000e+00 -0.000000e+00 -1.000000e+00
   outer loop
     vertex  2.955000e+03  0.000000e+00  4.280000e+03
     vertex  2.955000e+03 -3.800000e+02  4.280000e+03
     vertex  2.497500e+03  0.000000e+00  4.280000e+03
   endloop
 endfacet
 facet normal -1.000000e+00  0.000000e+00  0.000000e+00
   outer loop
     vertex  2.955000e+03  0.000000e+00  4.020000e+03
     vertex  2.955000e+03 -3.800000e+02  4.280000e+03
     vertex  2.955000e+03  0.000000e+00  4.280000e+03
   endloop
 endfacet
 facet normal -1.000000e+00  0.000000e+00  0.000000e+00
   outer loop
     vertex  2.955000e+03  0.000000e+00  4.020000e+03
     vertex  2.955000e+03 -3.800000e+02  4.020000e+03
     vertex  2.955000e+03 -3.800000e+02  4.280000e+03
   endloop
 endfacet
 facet normal -0.000000e+00  0.000000e+00  1.000000e+00
   outer loop
     vertex  2.497500e+03  0.000000e+00  4.020000e+03
     vertex  2.955000e+03 -3.800000e+02  4.020000e+03
     vertex  2.955000e+03  0.000000e+00  4.020000e+03
   endloop
 endfacet
 facet normal  0.000000e+00  0.000000e+00  1.000000e+00
   outer loop
     vertex  2.497500e+03 -3.800000e+02  4.020000e+03
     vertex  2.955000e+03 -3.800000e+02  4.020000e+03
     vertex  2.497500e+03  0.000000e+00  4.020000e+03
   endloop
 endfacet
 facet normal  1.000000e+00  0.000000e+00 -0.000000e+00
   outer loop
     vertex  2.497500e+03  0.000000e+00  4.020000e+03
     vertex  2.497500e+03  0.000000e+00  4.280000e+03
     vertex  2.497500e+03 -3.800000e+02  4.280000e+03
   endloop
 endfacet
 facet normal  1.000000e+00  0.000000e+00  0.000000e+00
   outer loop
     vertex  2.497500e+03  0.000000e+00  4.020000e+03
     vertex  2.497500e+03 -3.800000e+02  4.280000e+03
     vertex  2.497500e+03 -3.800000e+02  4.020000e+03
   endloop
 endfacet
 facet normal  0.000000e+00  1.000000e+00  0.000000e+00
   outer loop
     vertex  2.955000e+03 -3.800000e+02  4.020000e+03
     vertex  2.497500e+03 -3.800000e+02  4.020000e+03
     vertex  2.497500e+03 -3.800000e+02  4.280000e+03
   endloop
 endfacet
 facet normal  0.000000e+00  1.000000e+00 -0.000000e+00
   outer loop
     vertex  2.955000e+03 -3.800000e+02  4.020000e+03
     vertex  2.497500e+03 -3.800000e+02  4.280000e+03
     vertex  2.955000e+03 -3.800000e+02  4.280000e+03
   endloop
 endfacet
 facet normal -0.000000e+00  0.000000e+00 -1.000000e+00
   outer loop
     vertex  3.065000e+03  0.000000e+00  4.280000e+03
     vertex  2.975000e+03 -3.800000e+02  4.280000e+03
     vertex  2.975000e+03  0.000000e+00  4.280000e+03
   endloop
 endfacet
 facet normal  0.000000e+00 -0.000000e+00 -1.000000e+00
   outer loop
     vertex  3.065000e+03  0.000000e+00  4.280000e+03
     vertex  3.065000e+03 -3.800000e+02  4.280000e+03
     vertex  2.975000e+03 -3.800000e+02  4.280000e+03
   endloop
 endfacet
 facet normal  0.000000e+00 -1.000000e+00 -0.000000e+00
   outer loop
     vertex  3.065000e+03  0.000000e+00  4.280000e+03
     vertex  2.975000e+03  0.000000e+00  4.077500e+03
     vertex  3.065000e+03  0.000000e+00  4.077500e+03
   endloop
 endfacet
 facet normal  0.000000e+00 -1.000000e+00  0.000000e+00
   outer loop
     vertex  2.975000e+03  0.000000e+00  4.280000e+03
     vertex  2.975000e+03  0.000000e+00  4.077500e+03
     vertex  3.065000e+03  0.000000e+00  4.280000e+03
   endloop
 endfacet
 facet normal  1.000000e+00  0.000000e+00 -0.000000e+00
   outer loop
     vertex  2.975000e+03  0.000000e+00  4.077500e+03
     vertex  2.975000e+03  0.000000e+00  4.280000e+03
     vertex  2.975000e+03 -3.800000e+02  4.280000e+03
   endloop
 endfacet
 facet normal  1.000000e+00  0.000000e+00  0.000000e+00
   outer loop
     vertex  2.975000e+03  0.000000e+00  4.077500e+03
     vertex  2.975000e+03 -3.800000e+02  4.280000e+03
     vertex  2.975000e+03 -3.800000e+02  4.077500e+03
   endloop
 endfacet
 facet normal  0.000000e+00  1.000000e+00  0.000000e+00
   outer loop
     vertex  2.975000e+03 -3.800000e+02  4.077500e+03
     vertex  2.975000e+03 -3.800000e+02  4.280000e+03
     vertex  3.065000e+03 -3.800000e+02  4.280000e+03
   endloop
 endfacet
 facet normal  0.000000e+00  1.000000e+00 -0.000000e+00
   outer loop
     vertex  3.065000e+03 -3.800000e+02  4.077500e+03
     vertex  2.975000e+03 -3.800000e+02  4.077500e+03
     vertex  3.065000e+03 -3.800000e+02  4.280000e+03
   endloop
 endfacet
 facet normal -1.000000e+00  0.000000e+00  0.000000e+00
   outer loop
     vertex  3.065000e+03 -3.800000e+02  4.280000e+03
     vertex  3.065000e+03  0.000000e+00  4.077500e+03
     vertex  3.065000e+03 -3.800000e+02  4.077500e+03
   endloop
 endfacet
 facet normal -1.000000e+00  0.000000e+00  0.000000e+00
   outer loop
     vertex  3.065000e+03 -3.800000e+02  4.280000e+03
     vertex  3.065000e+03  0.000000e+00  4.280000e+03
     vertex  3.065000e+03  0.000000e+00  4.077500e+03
   endloop
 endfacet
 facet normal  0.000000e+00  0.000000e+00  1.000000e+00
   outer loop
     vertex  2.975000e+03 -3.800000e+02  4.077500e+03
     vertex  3.065000e+03  0.000000e+00  4.077500e+03
     vertex  2.975000e+03  0.000000e+00  4.077500e+03
   endloop
 endfacet
 facet normal  0.000000e+00  0.000000e+00  1.000000e+00
   outer loop
     vertex  2.975000e+03 -3.800000e+02  4.077500e+03
     vertex  3.065000e+03 -3.800000e+02  4.077500e+03
     vertex  3.065000e+03  0.000000e+00  4.077500e+03
   endloop
 endfacet
 facet normal  0.000000e+00 -1.000000e+00  0.000000e+00
   outer loop
     vertex  6.000000e+03 -4.000000e+02 -4.000000e+03
     vertex  6.000000e+03 -4.000000e+02 -4.300000e+03
     vertex  6.300000e+03 -4.000000e+02 -4.300000e+03
   endloop
 endfacet
 facet normal  0.000000e+00 -1.000000e+00  0.000000e+00
   outer loop
     vertex  2.000000e+03 -4.000000e+02 -4.000000e+03
     vertex  6.000000e+03 -4.000000e+02 -4.300000e+03
     vertex  6.000000e+03 -4.000000e+02 -4.000000e+03
   endloop
 endfacet
 facet normal  0.000000e+00 -1.000000e+00  0.000000e+00
   outer loop
     vertex -3.789561e-14 -4.000000e+02 -4.000000e+03
     vertex  6.000000e+03 -4.000000e+02 -4.300000e+03
     vertex  2.000000e+03 -4.000000e+02 -4.000000e+03
   endloop
 endfacet
 facet normal  0.000000e+00 -1.000000e+00  0.000000e+00
   outer loop
     vertex  6.300000e+03 -4.000000e+02  4.300000e+03
     vertex  6.000000e+03 -4.000000e+02  4.000000e+03
     vertex  6.000000e+03 -4.000000e+02 -4.000000e+03
   endloop
 endfacet
 facet normal  0.000000e+00 -1.000000e+00 -0.000000e+00
   outer loop
     vertex  6.300000e+03 -4.000000e+02  4.300000e+03
     vertex  6.000000e+03 -4.000000e+02 -4.000000e+03
     vertex  6.300000e+03 -4.000000e+02 -4.300000e+03
   endloop
 endfacet
 facet normal  0.000000e+00 -1.000000e+00 -0.000000e+00
   outer loop
     vertex -6.000000e+03 -4.000000e+02 -4.000000e+03
     vertex -6.300000e+03 -4.000000e+02 -4.300000e+03
     vertex -3.789561e-14 -4.000000e+02 -4.000000e+03
   endloop
 endfacet
 facet normal  0.000000e+00 -1.000000e+00  0.000000e+00
   outer loop
     vertex -6.300000e+03 -4.000000e+02  4.300000e+03
     vertex -6.000000e+03 -4.000000e+02 -4.000000e+03
     vertex -6.000000e+03 -4.000000e+02  4.000000e+03
   endloop
 endfacet
 facet normal  0.000000e+00 -1.000000e+00  0.000000e+00
   outer loop
     vertex -6.300000e+03 -4.000000e+02  4.300000e+03
     vertex -6.300000e+03 -4.000000e+02 -4.300000e+03
     vertex -6.000000e+03 -4.000000e+02 -4.000000e+03
   endloop
 endfacet
 facet normal  0.000000e+00 -1.000000e+00  0.000000e+00
   outer loop
     vertex  6.000000e+03 -4.000000e+02 -4.300000e+03
     vertex -3.789561e-14 -4.000000e+02 -4.000000e+03
     vertex -6.300000e+03 -4.000000e+02 -4.300000e+03
   endloop
 endfacet
 facet normal  0.000000e+00 -1.000000e+00  0.000000e+00
   outer loop
     vertex -6.300000e+03 -4.000000e+02  4.300000e+03
     vertex  6.000000e+03 -4.000000e+02  4.000000e+03
     vertex  6.300000e+03 -4.000000e+02  4.300000e+03
   endloop
 endfacet
 facet normal  0.000000e+00 -1.000000e+00  0.000000e+00
   outer loop
     vertex -6.300000e+03 -4.000000e+02  4.300000e+03
     vertex -6.000000e+03 -4.000000e+02  4.000000e+03
     vertex  6.000000e+03 -4.000000e+02  4.000000e+03
   endloop
 endfacet
 facet normal  0.000000e+00  0.000000e+00  1.000000e+00
   outer loop
     vertex  6.300000e+03 -4.000000e+02 -4.300000e+03
     vertex  6.000000e+03 -4.000000e+02 -4.300000e+03
     vertex  6.000000e+03 -4.200000e+02 -4.300000e+03
   endloop
 endfacet
 facet normal  0.000000e+00  0.000000e+00  1.000000e+00
   outer loop
     vertex  6.300000e+03 -4.000000e+02 -4.300000e+03
     vertex  6.000000e+03 -4.200000e+02 -4.300000e+03
     vertex  6.300000e+03 -4.200000e+02 -4.300000e+03
   endloop
 endfacet
 facet normal -1.000000e+00  0.000000e+00 -0.000000e+00
   outer loop
     vertex  6.300000e+03 -4.000000e+02 -4.000000e+03
     vertex  6.300000e+03 -4.000000e+02 -4.300000e+03
     vertex  6.300000e+03 -4.200000e+02 -4.300000e+03
   endloop
 endfacet
 facet normal -1.000000e+00  0.000000e+00  0.000000e+00
   outer loop
     vertex  6.300000e+03 -4.200000e+02 -4.000000e+03
     vertex  6.300000e+03 -4.000000e+02 -4.000000e+03
     vertex  6.300000e+03 -4.200000e+02 -4.300000e+03
   endloop
 endfacet
 facet normal -1.000000e+00  0.000000e+00  0.000000e+00
   outer loop
     vertex  6.300000e+03 -4.200000e+02 -2.000000e+03
     vertex  6.300000e+03 -4.000000e+02 -2.000000e+03
     vertex  6.300000e+03 -4.000000e+02 -4.000000e+03
   endloop
 endfacet
 facet normal -1.000000e+00  0.000000e+00  0.000000e+00
   outer loop
     vertex  6.300000e+03 -4.200000e+02 -2.000000e+03
     vertex  6.300000e+03 -4.000000e+02 -4.000000e+03
     vertex  6.300000e+03 -4.200000e+02 -4.000000e+03
   endloop
 endfacet
 facet normal -1.000000e+00  0.000000e+00  0.000000e+00
   outer loop
     vertex  6.300000e+03 -4.200000e+02  3.789561e-14
     vertex  6.300000e+03 -4.000000e+02  5.684342e-14
     vertex  6.300000e+03 -4.000000e+02 -2.000000e+03
   endloop
 endfacet
 facet normal -1.000000e+00  0.000000e+00  0.000000e+00
   outer loop
     vertex  6.300000e+03 -4.200000e+02  3.789561e-14
     vertex  6.300000e+03 -4.000000e+02 -2.000000e+03
     vertex  6.300000e+03 -4.200000e+02 -2.000000e+03
   endloop
 endfacet
 facet normal -1.000000e+00  0.000000e+00  0.000000e+00
   outer loop
     vertex  6.300000e+03 -4.200000e+02  2.000000e+03
     vertex  6.300000e+03 -4.000000e+02  2.000000e+03
     vertex  6.300000e+03 -4.000000e+02  5.684342e-14
   endloop
 endfacet
 facet normal -1.000000e+00  0.000000e+00  0.000000e+00
   outer loop
     vertex  6.300000e+03 -4.200000e+02  2.000000e+03
     vertex  6.300000e+03 -4.000000e+02  5.684342e-14
     vertex  6.300000e+03 -4.200000e+02  3.789561e-14
   endloop
 endfacet
 facet normal -1.000000e+00  0.000000e+00  0.000000e+00
   outer loop
     vertex  6.300000e+03 -4.200000e+02  4.000000e+03
     vertex  6.300000e+03 -4.000000e+02  4.000000e+03
     vertex  6.300000e+03 -4.000000e+02  2.000000e+03
   endloop
 endfacet
 facet normal -1.000000e+00  0.000000e+00  0.000000e+00
   outer loop
     vertex  6.300000e+03 -4.200000e+02  4.000000e+03
     vertex  6.300000e+03 -4.000000e+02  2.000000e+03
     vertex  6.300000e+03 -4.200000e+02  2.000000e+03
   endloop
 endfacet
 facet normal -1.000000e+00  0.000000e+00 -0.000000e+00
   outer loop
     vertex  6.300000e+03 -4.000000e+02  4.300000e+03
     vertex  6.300000e+03 -4.000000e+02  4.000000e+03
     vertex  6.300000e+03 -4.200000e+02  4.000000e+03
   endloop
 endfacet
 facet normal -1.000000e+00  0.000000e+00  0.000000e+00
   outer loop
     vertex  6.300000e+03 -4.200000e+02  4.300000e+03
     vertex  6.300000e+03 -4.000000e+02  4.300000e+03
     vertex  6.300000e+03 -4.200000e+02  4.000000e+03
   endloop
 endfacet
 facet normal  0.000000e+00  0.000000e+00 -1.000000e+00
   outer loop
     vertex  6.000000e+03 -4.000000e+02  4.300000e+03
     vertex  6.300000e+03 -4.000000e+02  4.300000e+03
     vertex  6.300000e+03 -4.200000e+02  4.300000e+03
   endloop
 endfacet
 facet normal  0.000000e+00  0.000000e+00 -1.000000e+00
   outer loop
     vertex  6.000000e+03 -4.200000e+02  4.300000e+03
     vertex  6.000000e+03 -4.000000e+02  4.300000e+03
     vertex  6.300000e+03 -4.200000e+02  4.300000e+03
   endloop
 endfacet
 facet normal  0.000000e+00  0.000000e+00 -1.000000e+00
   outer loop
     vertex  4.000000e+03 -4.200000e+02  4.300000e+03
     vertex  4.000000e+03 -4.000000e+02  4.300000e+03
     vertex  6.000000e+03 -4.000000e+02  4.300000e+03
   endloop
 endfacet
 facet normal  0.000000e+00  0.000000e+00 -1.000000e+00
   outer loop
     vertex  4.000000e+03 -4.200000e+02  4.300000e+03
     vertex  6.000000e+03 -4.000000e+02  4.300000e+03
     vertex  6.000000e+03 -4.200000e+02  4.300000e+03
   endloop
 endfacet
 facet normal  0.000000e+00  0.000000e+00 -1.000000e+00
   outer loop
     vertex  2.000000e+03 -4.200000e+02  4.300000e+03
     vertex  2.000000e+03 -4.000000e+02  4.300000e+03
     vertex  4.000000e+03 -4.000000e+02  4.300000e+03
   endloop
 endfacet
 facet normal  0.000000e+00  0.000000e+00 -1.000000e+00
   outer loop
     vertex  2.000000e+03 -4.200000e+02  4.300000e+03
     vertex  4.000000e+03 -4.000000e+02  4.300000e+03
     vertex  4.000000e+03 -4.200000e+02  4.300000e+03
   endloop
 endfacet
 facet normal  0.000000e+00  0.000000e+00 -1.000000e+00
   outer loop
     vertex -3.789561e-14 -4.200000e+02  4.300000e+03
     vertex -5.684342e-14 -4.000000e+02  4.300000e+03
     vertex  2.000000e+03 -4.000000e+02  4.300000e+03
   endloop
 endfacet
 facet normal  0.000000e+00  0.000000e+00 -1.000000e+00
   outer loop
     vertex -3.789561e-14 -4.200000e+02  4.300000e+03
     vertex  2.000000e+03 -4.000000e+02  4.300000e+03
     vertex  2.000000e+03 -4.200000e+02  4.300000e+03
   endloop
 endfacet
 facet normal  0.000000e+00  0.000000e+00 -1.000000e+00
   outer loop
     vertex -2.000000e+03 -4.200000e+02  4.300000e+03
     vertex -2.000000e+03 -4.000000e+02  4.300000e+03
     vertex -5.684342e-14 -4.000000e+02  4.300000e+03
   endloop
 endfacet
 facet normal  0.000000e+00  0.000000e+00 -1.000000e+00
   outer loop
     vertex -2.000000e+03 -4.200000e+02  4.300000e+03
     vertex -5.684342e-14 -4.000000e+02  4.300000e+03
     vertex -3.789561e-14 -4.200000e+02  4.300000e+03
   endloop
 endfacet
 facet normal  0.000000e+00  0.000000e+00 -1.000000e+00
   outer loop
     vertex -4.000000e+03 -4.200000e+02  4.300000e+03
     vertex -4.000000e+03 -4.000000e+02  4.300000e+03
     vertex -2.000000e+03 -4.000000e+02  4.300000e+03
   endloop
 endfacet
 facet normal  0.000000e+00  0.000000e+00 -1.000000e+00
   outer loop
     vertex -4.000000e+03 -4.200000e+02  4.300000e+03
     vertex -2.000000e+03 -4.000000e+02  4.300000e+03
     vertex -2.000000e+03 -4.200000e+02  4.300000e+03
   endloop
 endfacet
 facet normal  0.000000e+00  0.000000e+00 -1.000000e+00
   outer loop
     vertex -6.000000e+03 -4.200000e+02  4.300000e+03
     vertex -6.000000e+03 -4.000000e+02  4.300000e+03
     vertex -4.000000e+03 -4.000000e+02  4.300000e+03
   endloop
 endfacet
 facet normal  0.000000e+00  0.000000e+00 -1.000000e+00
   outer loop
     vertex -6.000000e+03 -4.200000e+02  4.300000e+03
     vertex -4.000000e+03 -4.000000e+02  4.300000e+03
     vertex -4.000000e+03 -4.200000e+02  4.300000e+03
   endloop
 endfacet
 facet normal  0.000000e+00  0.000000e+00 -1.000000e+00
   outer loop
     vertex -6.300000e+03 -4.000000e+02  4.300000e+03
     vertex -6.000000e+03 -4.000000e+02  4.300000e+03
     vertex -6.000000e+03 -4.200000e+02  4.300000e+03
   endloop
 endfacet
 facet normal  0.000000e+00  0.000000e+00 -1.000000e+00
   outer loop
     vertex -6.300000e+03 -4.200000e+02  4.300000e+03
     vertex -6.300000e+03 -4.000000e+02  4.300000e+03
     vertex -6.000000e+03 -4.200000e+02  4.300000e+03
   endloop
 endfacet
 facet normal  1.000000e+00  0.000000e+00  0.000000e+00
   outer loop
     vertex -6.300000e+03 -4.200000e+02  4.000000e+03
     vertex -6.300000e+03 -4.000000e+02  4.300000e+03
     vertex -6.300000e+03 -4.200000e+02  4.300000e+03
   endloop
 endfacet
 facet normal  1.000000e+00  0.000000e+00 -0.000000e+00
   outer loop
     vertex -6.300000e+03 -4.000000e+02  4.000000e+03
     vertex -6.300000e+03 -4.000000e+02  4.300000e+03
     vertex -6.300000e+03 -4.200000e+02  4.000000e+03
   endloop
 endfacet
 facet normal  1.000000e+00  0.000000e+00 -0.000000e+00
   outer loop
     vertex -6.300000e+03 -4.000000e+02  2.000000e+03
     vertex -6.300000e+03 -4.000000e+02  4.000000e+03
     vertex -6.300000e+03 -4.200000e+02  4.000000e+03
   endloop
 endfacet
 facet normal  1.000000e+00  0.000000e+00  0.000000e+00
   outer loop
     vertex -6.300000e+03 -4.000000e+02  2.000000e+03
     vertex -6.300000e+03 -4.200000e+02  4.000000e+03
     vertex -6.300000e+03 -4.200000e+02  2.000000e+03
   endloop
 endfacet
 facet normal  1.000000e+00  0.000000e+00 -0.000000e+00
   outer loop
     vertex -6.300000e+03 -4.000000e+02 -5.684342e-14
     vertex -6.300000e+03 -4.000000e+02  2.000000e+03
     vertex -6.300000e+03 -4.200000e+02  2.000000e+03
   endloop
 endfacet
 facet normal  1.000000e+00  0.000000e+00  0.000000e+00
   outer loop
     vertex -6.300000e+03 -4.000000e+02 -5.684342e-14
     vertex -6.300000e+03 -4.200000e+02  2.000000e+03
     vertex -6.300000e+03 -4.200000e+02 -3.789561e-14
   endloop
 endfacet
 facet normal  1.000000e+00  0.000000e+00  0.000000e+00
   outer loop
     vertex -6.300000e+03 -4.200000e+02 -2.000000e+03
     vertex -6.300000e+03 -4.000000e+02 -5.684342e-14
     vertex -6.300000e+03 -4.200000e+02 -3.789561e-14
   endloop
 endfacet
 facet normal  1.000000e+00  0.000000e+00 -0.000000e+00
   outer loop
     vertex -6.300000e+03 -4.000000e+02 -2.000000e+03
     vertex -6.300000e+03 -4.000000e+02 -5.684342e-14
     vertex -6.300000e+03 -4.200000e+02 -2.000000e+03
   endloop
 endfacet
 facet normal  1.000000e+00  0.000000e+00 -0.000000e+00
   outer loop
     vertex -6.300000e+03 -4.000000e+02 -4.000000e+03
     vertex -6.300000e+03 -4.000000e+02 -2.000000e+03
     vertex -6.300000e+03 -4.200000e+02 -2.000000e+03
   endloop
 endfacet
 facet normal  1.000000e+00  0.000000e+00  0.000000e+00
   outer loop
     vertex -6.300000e+03 -4.000000e+02 -4.000000e+03
     vertex -6.300000e+03 -4.200000e+02 -2.000000e+03
     vertex -6.300000e+03 -4.200000e+02 -4.000000e+03
   endloop
 endfacet
 facet normal  1.000000e+00  0.000000e+00  0.000000e+00
   outer loop
     vertex -6.300000e+03 -4.200000e+02 -4.300000e+03
     vertex -6.300000e+03 -4.000000e+02 -4.000000e+03
     vertex -6.300000e+03 -4.200000e+02 -4.000000e+03
   endloop
 endfacet
 facet normal  1.000000e+00  0.000000e+00 -0.000000e+00
   outer loop
     vertex -6.300000e+03 -4.000000e+02 -4.300000e+03
     vertex -6.300000e+03 -4.000000e+02 -4.000000e+03
     vertex -6.300000e+03 -4.200000e+02 -4.300000e+03
   endloop
 endfacet
 facet normal  0.000000e+00  0.000000e+00  1.000000e+00
   outer loop
     vertex -6.000000e+03 -4.200000e+02 -4.300000e+03
     vertex -6.300000e+03 -4.000000e+02 -4.300000e+03
     vertex -6.300000e+03 -4.200000e+02 -4.300000e+03
   endloop
 endfacet
 facet normal  0.000000e+00  0.000000e+00  1.000000e+00
   outer loop
     vertex -6.000000e+03 -4.000000e+02 -4.300000e+03
     vertex -6.300000e+03 -4.000000e+02 -4.300000e+03
     vertex -6.000000e+03 -4.200000e+02 -4.300000e+03
   endloop
 endfacet
 facet normal  0.000000e+00  0.000000e+00  1.000000e+00
   outer loop
     vertex -4.000000e+03 -4.000000e+02 -4.300000e+03
     vertex -6.000000e+03 -4.000000e+02 -4.300000e+03
     vertex -6.000000e+03 -4.200000e+02 -4.300000e+03
   endloop
 endfacet
 facet normal  0.000000e+00  0.000000e+00  1.000000e+00
   outer loop
     vertex -4.000000e+03 -4.000000e+02 -4.300000e+03
     vertex -6.000000e+03 -4.200000e+02 -4.300000e+03
     vertex -4.000000e+03 -4.200000e+02 -4.300000e+03
   endloop
 endfacet
 facet normal  0.000000e+00  0.000000e+00  1.000000e+00
   outer loop
     vertex -2.000000e+03 -4.000000e+02 -4.300000e+03
     vertex -4.000000e+03 -4.000000e+02 -4.300000e+03
     vertex -4.000000e+03 -4.200000e+02 -4.300000e+03
   endloop
 endfacet
 facet normal  0.000000e+00  0.000000e+00  1.000000e+00
   outer loop
     vertex -2.000000e+03 -4.000000e+02 -4.300000e+03
     vertex -4.000000e+03 -4.200000e+02 -4.300000e+03
     vertex -2.000000e+03 -4.200000e+02 -4.300000e+03
   endloop
 endfacet
 facet normal  0.000000e+00  0.000000e+00  1.000000e+00
   outer loop
     vertex  5.684342e-14 -4.000000e+02 -4.300000e+03
     vertex -2.000000e+03 -4.000000e+02 -4.300000e+03
     vertex -2.000000e+03 -4.200000e+02 -4.300000e+03
   endloop
 endfacet
 facet normal  0.000000e+00  0.000000e+00  1.000000e+00
   outer loop
     vertex  5.684342e-14 -4.000000e+02 -4.300000e+03
     vertex -2.000000e+03 -4.200000e+02 -4.300000e+03
     vertex  3.789561e-14 -4.200000e+02 -4.300000e+03
   endloop
 endfacet
 facet normal  0.000000e+00  0.000000e+00  1.000000e+00
   outer loop
     vertex  2.000000e+03 -4.000000e+02 -4.300000e+03
     vertex  5.684342e-14 -4.000000e+02 -4.300000e+03
     vertex  3.789561e-14 -4.200000e+02 -4.300000e+03
   endloop
 endfacet
 facet normal  0.000000e+00  0.000000e+00  1.000000e+00
   outer loop
     vertex  2.000000e+03 -4.000000e+02 -4.300000e+03
     vertex  3.789561e-14 -4.200000e+02 -4.300000e+03
     vertex  2.000000e+03 -4.200000e+02 -4.300000e+03
   endloop
 endfacet
 facet normal  0.000000e+00  0.000000e+00  1.000000e+00
   outer loop
     vertex  4.000000e+03 -4.000000e+02 -4.300000e+03
     vertex  2.000000e+03 -4.000000e+02 -4.300000e+03
     vertex  2.000000e+03 -4.200000e+02 -4.300000e+03
   endloop
 endfacet
 facet normal  0.000000e+00  0.000000e+00  1.000000e+00
   outer loop
     vertex  4.000000e+03 -4.000000e+02 -4.300000e+03
     vertex  2.000000e+03 -4.200000e+02 -4.300000e+03
     vertex  4.000000e+03 -4.200000e+02 -4.300000e+03
   endloop
 endfacet
 facet normal  0.000000e+00  0.000000e+00  1.000000e+00
   outer loop
     vertex  6.000000e+03 -4.000000e+02 -4.300000e+03
     vertex  4.000000e+03 -4.000000e+02 -4.300000e+03
     vertex  4.000000e+03 -4.200000e+02 -4.300000e+03
   endloop
 endfacet
 facet normal  0.000000e+00  0.000000e+00  1.000000e+00
   outer loop
     vertex  6.000000e+03 -4.000000e+02 -4.300000e+03
     vertex  4.000000e+03 -4.200000e+02 -4.300000e+03
     vertex  6.000000e+03 -4.200000e+02 -4.300000e+03
   endloop
 endfacet
 facet normal -0.000000e+00  1.000000e+00  0.000000e+00
   outer loop
     vertex  6.000000e+03 -4.200000e+02 -4.000000e+03
     vertex  6.300000e+03 -4.200000e+02 -4.000000e+03
     vertex  6.300000e+03 -4.200000e+02 -4.300000e+03
   endloop
 endfacet
 facet normal  0.000000e+00  1.000000e+00  0.000000e+00
   outer loop
     vertex  6.000000e+03 -4.200000e+02 -4.000000e+03
     vertex  6.300000e+03 -4.200000e+02 -4.300000e+03
     vertex  6.000000e+03 -4.200000e+02 -4.300000e+03
   endloop
 endfacet
 facet normal  0.000000e+00  1.000000e+00  0.000000e+00
   outer loop
     vertex  4.000000e+03 -4.200000e+02 -4.000000e+03
     vertex  6.000000e+03 -4.200000e+02 -4.300000e+03
     vertex  4.000000e+03 -4.200000e+02 -4.300000e+03
   endloop
 endfacet
 facet normal -0.000000e+00  1.000000e+00  0.000000e+00
   outer loop
     vertex  4.000000e+03 -4.200000e+02 -4.000000e+03
     vertex  6.000000e+03 -4.200000e+02 -4.000000e+03
     vertex  6.000000e+03 -4.200000e+02 -4.300000e+03
   endloop
 endfacet
 facet normal -0.000000e+00  1.000000e+00  0.000000e+00
   outer loop
     vertex  6.000000e+03 -4.200000e+02 -2.000000e+03
     vertex  6.300000e+03 -4.200000e+02 -2.000000e+03
     vertex  6.300000e+03 -4.200000e+02 -4.000000e+03
   endloop
 endfacet
 facet normal  0.000000e+00  1.000000e+00  0.000000e+00
   outer loop
     vertex  6.000000e+03 -4.200000e+02 -2.000000e+03
     vertex  6.300000e+03 -4.200000e+02 -4.000000e+03
     vertex  6.000000e+03 -4.200000e+02 -4.000000e+03
   endloop
 endfacet
 facet normal -0.000000e+00  1.000000e+00  0.000000e+00
   outer loop
     vertex  6.000000e+03 -4.200000e+02  0.000000e+00
     vertex  6.300000e+03 -4.200000e+02  3.789561e-14
     vertex  6.300000e+03 -4.200000e+02 -2.000000e+03
   endloop
 endfacet
 facet normal  0.000000e+00  1.000000e+00  0.000000e+00
   outer loop
     vertex  6.000000e+03 -4.200000e+02  0.000000e+00
     vertex  6.300000e+03 -4.200000e+02 -2.000000e+03
     vertex  6.000000e+03 -4.200000e+02 -2.000000e+03
   endloop
 endfacet
 facet normal  0.000000e+00  1.000000e+00  0.000000e+00
   outer loop
     vertex  2.000000e+03 -4.200000e+02 -4.000000e+03
     vertex  4.000000e+03 -4.200000e+02 -4.300000e+03
     vertex  2.000000e+03 -4.200000e+02 -4.300000e+03
   endloop
 endfacet
 facet normal -0.000000e+00  1.000000e+00  0.000000e+00
   outer loop
     vertex  2.000000e+03 -4.200000e+02 -4.000000e+03
     vertex  4.000000e+03 -4.200000e+02 -4.000000e+03
     vertex  4.000000e+03 -4.200000e+02 -4.300000e+03
   endloop
 endfacet
 facet normal -0.000000e+00  1.000000e+00  0.000000e+00
   outer loop
     vertex  6.000000e+03 -4.200000e+02  2.000000e+03
     vertex  6.300000e+03 -4.200000e+02  2.000000e+03
     vertex  6.300000e+03 -4.200000e+02  3.789561e-14
   endloop
 endfacet
 facet normal  0.000000e+00  1.000000e+00  0.000000e+00
   outer loop
     vertex  6.000000e+03 -4.200000e+02  2.000000e+03
     vertex  6.300000e+03 -4.200000e+02  3.789561e-14
     vertex  6.000000e+03 -4.200000e+02  0.000000e+00
   endloop
 endfacet
 facet normal  0.000000e+00  1.000000e+00  0.000000e+00
   outer loop
     vertex  0.000000e+00 -4.200000e+02 -4.000000e+03
     vertex  2.000000e+03 -4.200000e+02 -4.300000e+03
     vertex  3.789561e-14 -4.200000e+02 -4.300000e+03
   endloop
 endfacet
 facet normal -0.000000e+00  1.000000e+00  0.000000e+00
   outer loop
     vertex  0.000000e+00 -4.200000e+02 -4.000000e+03
     vertex  2.000000e+03 -4.200000e+02 -4.000000e+03
     vertex  2.000000e+03 -4.200000e+02 -4.300000e+03
   endloop
 endfacet
 facet normal -0.000000e+00  1.000000e+00  0.000000e+00
   outer loop
     vertex  6.000000e+03 -4.200000e+02  4.000000e+03
     vertex  6.300000e+03 -4.200000e+02  4.000000e+03
     vertex  6.300000e+03 -4.200000e+02  2.000000e+03
   endloop
 endfacet
 facet normal  0.000000e+00  1.000000e+00  0.000000e+00
   outer loop
     vertex  6.000000e+03 -4.200000e+02  4.000000e+03
     vertex  6.300000e+03 -4.200000e+02  2.000000e+03
     vertex  6.000000e+03 -4.200000e+02  2.000000e+03
   endloop
 endfacet
 facet normal  0.000000e+00  1.000000e+00  0.000000e+00
   outer loop
     vertex -2.000000e+03 -4.200000e+02 -4.000000e+03
     vertex  3.789561e-14 -4.200000e+02 -4.300000e+03
     vertex -2.000000e+03 -4.200000e+02 -4.300000e+03
   endloop
 endfacet
 facet normal -0.000000e+00  1.000000e+00  0.000000e+00
   outer loop
     vertex -2.000000e+03 -4.200000e+02 -4.000000e+03
     vertex  0.000000e+00 -4.200000e+02 -4.000000e+03
     vertex  3.789561e-14 -4.200000e+02 -4.300000e+03
   endloop
 endfacet
 facet normal -0.000000e+00  1.000000e+00  0.000000e+00
   outer loop
     vertex  6.000000e+03 -4.200000e+02  4.300000e+03
     vertex  6.300000e+03 -4.200000e+02  4.300000e+03
     vertex  6.300000e+03 -4.200000e+02  4.000000e+03
   endloop
 endfacet
 facet normal  0.000000e+00  1.000000e+00  0.000000e+00
   outer loop
     vertex  6.000000e+03 -4.200000e+02  4.300000e+03
     vertex  6.300000e+03 -4.200000e+02  4.000000e+03
     vertex  6.000000e+03 -4.200000e+02  4.000000e+03
   endloop
 endfacet
 facet normal  0.000000e+00  1.000000e+00  0.000000e+00
   outer loop
     vertex -4.000000e+03 -4.200000e+02 -4.000000e+03
     vertex -2.000000e+03 -4.200000e+02 -4.300000e+03
     vertex -4.000000e+03 -4.200000e+02 -4.300000e+03
   endloop
 endfacet
 facet normal -0.000000e+00  1.000000e+00  0.000000e+00
   outer loop
     vertex -4.000000e+03 -4.200000e+02 -4.000000e+03
     vertex -2.000000e+03 -4.200000e+02 -4.000000e+03
     vertex -2.000000e+03 -4.200000e+02 -4.300000e+03
   endloop
 endfacet
 facet normal  0.000000e+00  1.000000e+00  0.000000e+00
   outer loop
     vertex  4.000000e+03 -4.200000e+02  4.300000e+03
     vertex  6.000000e+03 -4.200000e+02  4.000000e+03
     vertex  4.000000e+03 -4.200000e+02  4.000000e+03
   endloop
 endfacet
 facet normal -0.000000e+00  1.000000e+00  0.000000e+00
   outer loop
     vertex  4.000000e+03 -4.200000e+02  4.300000e+03
     vertex  6.000000e+03 -4.200000e+02  4.300000e+03
     vertex  6.000000e+03 -4.200000e+02  4.000000e+03
   endloop
 endfacet
 facet normal -0.000000e+00  1.000000e+00  0.000000e+00
   outer loop
     vertex -6.000000e+03 -4.200000e+02 -4.000000e+03
     vertex -4.000000e+03 -4.200000e+02 -4.000000e+03
     vertex -4.000000e+03 -4.200000e+02 -4.300000e+03
   endloop
 endfacet
 facet normal  0.000000e+00  1.000000e+00  0.000000e+00
   outer loop
     vertex -6.000000e+03 -4.200000e+02 -4.000000e+03
     vertex -4.000000e+03 -4.200000e+02 -4.300000e+03
     vertex -6.000000e+03 -4.200000e+02 -4.300000e+03
   endloop
 endfacet
 facet normal  0.000000e+00  1.000000e+00  0.000000e+00
   outer loop
     vertex -6.300000e+03 -4.200000e+02 -4.000000e+03
     vertex -6.000000e+03 -4.200000e+02 -4.300000e+03
     vertex -6.300000e+03 -4.200000e+02 -4.300000e+03
   endloop
 endfacet
 facet normal -0.000000e+00  1.000000e+00  0.000000e+00
   outer loop
     vertex -6.300000e+03 -4.200000e+02 -4.000000e+03
     vertex -6.000000e+03 -4.200000e+02 -4.000000e+03
     vertex -6.000000e+03 -4.200000e+02 -4.300000e+03
   endloop
 endfacet
 facet normal -0.000000e+00  1.000000e+00  0.000000e+00
   outer loop
     vertex  2.000000e+03 -4.200000e+02  4.300000e+03
     vertex  4.000000e+03 -4.200000e+02  4.300000e+03
     vertex  4.000000e+03 -4.200000e+02  4.000000e+03
   endloop
 endfacet
 facet normal  0.000000e+00  1.000000e+00  0.000000e+00
   outer loop
     vertex  2.000000e+03 -4.200000e+02  4.300000e+03
     vertex  4.000000e+03 -4.200000e+02  4.000000e+03
     vertex  2.000000e+03 -4.200000e+02  4.000000e+03
   endloop
 endfacet
 facet normal -0.000000e+00  1.000000e+00  0.000000e+00
   outer loop
     vertex -3.789561e-14 -4.200000e+02  4.300000e+03
     vertex  2.000000e+03 -4.200000e+02  4.300000e+03
     vertex  2.000000e+03 -4.200000e+02  4.000000e+03
   endloop
 endfacet
 facet normal  0.000000e+00  1.000000e+00  0.000000e+00
   outer loop
     vertex -3.789561e-14 -4.200000e+02  4.300000e+03
     vertex  2.000000e+03 -4.200000e+02  4.000000e+03
     vertex  0.000000e+00 -4.200000e+02  4.000000e+03
   endloop
 endfacet
 facet normal  0.000000e+00  1.000000e+00  0.000000e+00
   outer loop
     vertex -6.300000e+03 -4.200000e+02 -2.000000e+03
     vertex -6.000000e+03 -4.200000e+02 -4.000000e+03
     vertex -6.300000e+03 -4.200000e+02 -4.000000e+03
   endloop
 endfacet
 facet normal -0.000000e+00  1.000000e+00  0.000000e+00
   outer loop
     vertex -6.300000e+03 -4.200000e+02 -2.000000e+03
     vertex -6.000000e+03 -4.200000e+02 -2.000000e+03
     vertex -6.000000e+03 -4.200000e+02 -4.000000e+03
   endloop
 endfacet
 facet normal  0.000000e+00  1.000000e+00  0.000000e+00
   outer loop
     vertex -2.000000e+03 -4.200000e+02  4.300000e+03
     vertex  0.000000e+00 -4.200000e+02  4.000000e+03
     vertex -2.000000e+03 -4.200000e+02  4.000000e+03
   endloop
 endfacet
 facet normal -0.000000e+00  1.000000e+00  0.000000e+00
   outer loop
     vertex -2.000000e+03 -4.200000e+02  4.300000e+03
     vertex -3.789561e-14 -4.200000e+02  4.300000e+03
     vertex  0.000000e+00 -4.200000e+02  4.000000e+03
   endloop
 endfacet
 facet normal  0.000000e+00  1.000000e+00  0.000000e+00
   outer loop
     vertex -6.300000e+03 -4.200000e+02 -3.789561e-14
     vertex -6.000000e+03 -4.200000e+02 -2.000000e+03
     vertex -6.300000e+03 -4.200000e+02 -2.000000e+03
   endloop
 endfacet
 facet normal -0.000000e+00  1.000000e+00  0.000000e+00
   outer loop
     vertex -6.300000e+03 -4.200000e+02 -3.789561e-14
     vertex -6.000000e+03 -4.200000e+02  0.000000e+00
     vertex -6.000000e+03 -4.200000e+02 -2.000000e+03
   endloop
 endfacet
 facet normal  0.000000e+00  1.000000e+00  0.000000e+00
   outer loop
     vertex -6.300000e+03 -4.200000e+02  2.000000e+03
     vertex -6.000000e+03 -4.200000e+02  0.000000e+00
     vertex -6.300000e+03 -4.200000e+02 -3.789561e-14
   endloop
 endfacet
 facet normal -0.000000e+00  1.000000e+00  0.000000e+00
   outer loop
     vertex -6.300000e+03 -4.200000e+02  2.000000e+03
     vertex -6.000000e+03 -4.200000e+02  2.000000e+03
     vertex -6.000000e+03 -4.200000e+02  0.000000e+00
   endloop
 endfacet
 facet normal -0.000000e+00  1.000000e+00  0.000000e+00
   outer loop
     vertex -4.000000e+03 -4.200000e+02  4.300000e+03
     vertex -2.000000e+03 -4.200000e+02  4.300000e+03
     vertex -2.000000e+03 -4.200000e+02  4.000000e+03
   endloop
 endfacet
 facet normal  0.000000e+00  1.000000e+00  0.000000e+00
   outer loop
     vertex -4.000000e+03 -4.200000e+02  4.300000e+03
     vertex -2.000000e+03 -4.200000e+02  4.000000e+03
     vertex -4.000000e+03 -4.200000e+02  4.000000e+03
   endloop
 endfacet
 facet normal  0.000000e+00  1.000000e+00  0.000000e+00
   outer loop
     vertex -6.300000e+03 -4.200000e+02  4.000000e+03
     vertex -6.000000e+03 -4.200000e+02  2.000000e+03
     vertex -6.300000e+03 -4.200000e+02  2.000000e+03
   endloop
 endfacet
 facet normal -0.000000e+00  1.000000e+00  0.000000e+00
   outer loop
     vertex -6.300000e+03 -4.200000e+02  4.000000e+03
     vertex -6.000000e+03 -4.200000e+02  4.000000e+03
     vertex -6.000000e+03 -4.200000e+02  2.000000e+03
   endloop
 endfacet
 facet normal  0.000000e+00  1.000000e+00  0.000000e+00
   outer loop
     vertex -6.000000e+03 -4.200000e+02  4.300000e+03
     vertex -4.000000e+03 -4.200000e+02  4.000000e+03
     vertex -6.000000e+03 -4.200000e+02  4.000000e+03
   endloop
 endfacet
 facet normal -0.000000e+00  1.000000e+00  0.000000e+00
   outer loop
     vertex -6.000000e+03 -4.200000e+02  4.300000e+03
     vertex -4.000000e+03 -4.200000e+02  4.300000e+03
     vertex -4.000000e+03 -4.200000e+02  4.000000e+03
   endloop
 endfacet
 facet normal  0.000000e+00  1.000000e+00  0.000000e+00
   outer loop
     vertex -6.300000e+03 -4.200000e+02  4.300000e+03
     vertex -6.000000e+03 -4.200000e+02  4.000000e+03
     vertex -6.300000e+03 -4.200000e+02  4.000000e+03
   endloop
 endfacet
 facet normal -0.000000e+00  1.000000e+00  0.000000e+00
   outer loop
     vertex -6.300000e+03 -4.200000e+02  4.300000e+03
     vertex -6.000000e+03 -4.200000e+02  4.300000e+03
     vertex -6.000000e+03 -4.200000e+02  4.000000e+03
   endloop
 endfacet
 facet normal  0.000000e+00  0.000000e+00 -1.000000e+00
   outer loop
     vertex  2.000000e+03 -4.200000e+02 -4.000000e+03
     vertex  2.000000e+03 -4.000000e+02 -4.000000e+03
     vertex  4.000000e+03 -4.000000e+02 -4.000000e+03
   endloop
 endfacet
 facet normal  0.000000e+00  0.000000e+00 -1.000000e+00
   outer loop
     vertex  2.000000e+03 -4.200000e+02 -4.000000e+03
     vertex  4.000000e+03 -4.000000e+02 -4.000000e+03
     vertex  4.000000e+03 -4.200000e+02 -4.000000e+03
   endloop
 endfacet
 facet normal  0.000000e+00  0.000000e+00 -1.000000e+00
   outer loop
     vertex  0.000000e+00 -4.200000e+02 -4.000000e+03
     vertex -3.789561e-14 -4.000000e+02 -4.000000e+03
     vertex  2.000000e+03 -4.000000e+02 -4.000000e+03
   endloop
 endfacet
 facet normal  0.000000e+00  0.000000e+00 -1.000000e+00
   outer loop
     vertex  0.000000e+00 -4.200000e+02 -4.000000e+03
     vertex  2.000000e+03 -4.000000e+02 -4.000000e+03
     vertex  2.000000e+03 -4.200000e+02 -4.000000e+03
   endloop
 endfacet
 facet normal  0.000000e+00  0.000000e+00 -1.000000e+00
   outer loop
     vertex -2.000000e+03 -4.200000e+02 -4.000000e+03
     vertex -2.000000e+03 -4.000000e+02 -4.000000e+03
     vertex -3.789561e-14 -4.000000e+02 -4.000000e+03
   endloop
 endfacet
 facet normal  0.000000e+00  0.000000e+00 -1.000000e+00
   outer loop
     vertex -2.000000e+03 -4.200000e+02 -4.000000e+03
     vertex -3.789561e-14 -4.000000e+02 -4.000000e+03
     vertex  0.000000e+00 -4.200000e+02 -4.000000e+03
   endloop
 endfacet
 facet normal  0.000000e+00  0.000000e+00 -1.000000e+00
   outer loop
     vertex -4.000000e+03 -4.200000e+02 -4.000000e+03
     vertex -4.000000e+03 -4.000000e+02 -4.000000e+03
     vertex -2.000000e+03 -4.000000e+02 -4.000000e+03
   endloop
 endfacet
 facet normal  0.000000e+00  0.000000e+00 -1.000000e+00
   outer loop
     vertex -4.000000e+03 -4.200000e+02 -4.000000e+03
     vertex -2.000000e+03 -4.000000e+02 -4.000000e+03
     vertex -2.000000e+03 -4.200000e+02 -4.000000e+03
   endloop
 endfacet
 facet normal  0.000000e+00  0.000000e+00 -1.000000e+00
   outer loop
     vertex -6.000000e+03 -4.200000e+02 -4.000000e+03
     vertex -6.000000e+03 -4.000000e+02 -4.000000e+03
     vertex -4.000000e+03 -4.000000e+02 -4.000000e+03
   endloop
 endfacet
 facet normal  0.000000e+00  0.000000e+00 -1.000000e+00
   outer loop
     vertex -6.000000e+03 -4.200000e+02 -4.000000e+03
     vertex -4.000000e+03 -4.000000e+02 -4.000000e+03
     vertex -4.000000e+03 -4.200000e+02 -4.000000e+03
   endloop
 endfacet
 facet normal -1.000000e+00  0.000000e+00  0.000000e+00
   outer loop
     vertex -6.000000e+03 -4.200000e+02 -2.000000e+03
     vertex -6.000000e+03 -4.000000e+02 -2.000000e+03
     vertex -6.000000e+03 -4.000000e+02 -4.000000e+03
   endloop
 endfacet
 facet normal -1.000000e+00  0.000000e+00  0.000000e+00
   outer loop
     vertex -6.000000e+03 -4.200000e+02 -2.000000e+03
     vertex -6.000000e+03 -4.000000e+02 -4.000000e+03
     vertex -6.000000e+03 -4.200000e+02 -4.000000e+03
   endloop
 endfacet
 facet normal -1.000000e+00  0.000000e+00  0.000000e+00
   outer loop
     vertex -6.000000e+03 -4.200000e+02  0.000000e+00
     vertex -6.000000e+03 -4.000000e+02  5.684342e-14
     vertex -6.000000e+03 -4.000000e+02 -2.000000e+03
   endloop
 endfacet
 facet normal -1.000000e+00  0.000000e+00  0.000000e+00
   outer loop
     vertex -6.000000e+03 -4.200000e+02  0.000000e+00
     vertex -6.000000e+03 -4.000000e+02 -2.000000e+03
     vertex -6.000000e+03 -4.200000e+02 -2.000000e+03
   endloop
 endfacet
 facet normal -1.000000e+00  0.000000e+00  0.000000e+00
   outer loop
     vertex -6.000000e+03 -4.200000e+02  2.000000e+03
     vertex -6.000000e+03 -4.000000e+02  2.000000e+03
     vertex -6.000000e+03 -4.000000e+02  5.684342e-14
   endloop
 endfacet
 facet normal -1.000000e+00  0.000000e+00  0.000000e+00
   outer loop
     vertex -6.000000e+03 -4.200000e+02  2.000000e+03
     vertex -6.000000e+03 -4.000000e+02  5.684342e-14
     vertex -6.000000e+03 -4.200000e+02  0.000000e+00
   endloop
 endfacet
 facet normal -1.000000e+00  0.000000e+00  0.000000e+00
   outer loop
     vertex -6.000000e+03 -4.200000e+02  4.000000e+03
     vertex -6.000000e+03 -4.000000e+02  4.000000e+03
     vertex -6.000000e+03 -4.000000e+02  2.000000e+03
   endloop
 endfacet
 facet normal -1.000000e+00  0.000000e+00  0.000000e+00
   outer loop
     vertex -6.000000e+03 -4.200000e+02  4.000000e+03
     vertex -6.000000e+03 -4.000000e+02  2.000000e+03
     vertex -6.000000e+03 -4.200000e+02  2.000000e+03
   endloop
 endfacet
 facet normal  0.000000e+00  0.000000e+00  1.000000e+00
   outer loop
     vertex -4.000000e+03 -4.000000e+02  4.000000e+03
     vertex -6.000000e+03 -4.000000e+02  4.000000e+03
     vertex -6.000000e+03 -4.200000e+02  4.000000e+03
   endloop
 endfacet
 facet normal  0.000000e+00  0.000000e+00  1.000000e+00
   outer loop
     vertex -4.000000e+03 -4.000000e+02  4.000000e+03
     vertex -6.000000e+03 -4.200000e+02  4.000000e+03
     vertex -4.000000e+03 -4.200000e+02  4.000000e+03
   endloop
 endfacet
 facet normal  0.000000e+00  0.000000e+00  1.000000e+00
   outer loop
     vertex -2.000000e+03 -4.000000e+02  4.000000e+03
     vertex -4.000000e+03 -4.000000e+02  4.000000e+03
     vertex -4.000000e+03 -4.200000e+02  4.000000e+03
   endloop
 endfacet
 facet normal  0.000000e+00  0.000000e+00  1.000000e+00
   outer loop
     vertex -2.000000e+03 -4.000000e+02  4.000000e+03
     vertex -4.000000e+03 -4.200000e+02  4.000000e+03
     vertex -2.000000e+03 -4.200000e+02  4.000000e+03
   endloop
 endfacet
 facet normal  0.000000e+00  0.000000e+00  1.000000e+00
   outer loop
     vertex  5.684342e-14 -4.000000e+02  4.000000e+03
     vertex -2.000000e+03 -4.000000e+02  4.000000e+03
     vertex -2.000000e+03 -4.200000e+02  4.000000e+03
   endloop
 endfacet
 facet normal  0.000000e+00  0.000000e+00  1.000000e+00
   outer loop
     vertex  5.684342e-14 -4.000000e+02  4.000000e+03
     vertex -2.000000e+03 -4.200000e+02  4.000000e+03
     vertex  0.000000e+00 -4.200000e+02  4.000000e+03
   endloop
 endfacet
 facet normal  0.000000e+00  0.000000e+00  1.000000e+00
   outer loop
     vertex  2.000000e+03 -4.000000e+02  4.000000e+03
     vertex  5.684342e-14 -4.000000e+02  4.000000e+03
     vertex  0.000000e+00 -4.200000e+02  4.000000e+03
   endloop
 endfacet
 facet normal  0.000000e+00  0.000000e+00  1.000000e+00
   outer loop
     vertex  2.000000e+03 -4.000000e+02  4.000000e+03
     vertex  0.000000e+00 -4.200000e+02  4.000000e+03
     vertex  2.000000e+03 -4.200000e+02  4.000000e+03
   endloop
 endfacet
 facet normal  0.000000e+00  0.000000e+00  1.000000e+00
   outer loop
     vertex  4.000000e+03 -4.000000e+02  4.000000e+03
     vertex  2.000000e+03 -4.000000e+02  4.000000e+03
     vertex  2.000000e+03 -4.200000e+02  4.000000e+03
   endloop
 endfacet
 facet normal  0.000000e+00  0.000000e+00  1.000000e+00
   outer loop
     vertex  4.000000e+03 -4.000000e+02  4.000000e+03
     vertex  2.000000e+03 -4.200000e+02  4.000000e+03
     vertex  4.000000e+03 -4.200000e+02  4.000000e+03
   endloop
 endfacet
 facet normal  0.000000e+00  0.000000e+00  1.000000e+00
   outer loop
     vertex  6.000000e+03 -4.000000e+02  4.000000e+03
     vertex  4.000000e+03 -4.000000e+02  4.000000e+03
     vertex  4.000000e+03 -4.200000e+02  4.000000e+03
   endloop
 endfacet
 facet normal  0.000000e+00  0.000000e+00  1.000000e+00
   outer loop
     vertex  6.000000e+03 -4.000000e+02  4.000000e+03
     vertex  4.000000e+03 -4.200000e+02  4.000000e+03
     vertex  6.000000e+03 -4.200000e+02  4.000000e+03
   endloop
 endfacet
 facet normal  1.000000e+00  0.000000e+00 -0.000000e+00
   outer loop
     vertex  6.000000e+03 -4.000000e+02  2.000000e+03
     vertex  6.000000e+03 -4.000000e+02  4.000000e+03
     vertex  6.000000e+03 -4.200000e+02  4.000000e+03
   endloop
 endfacet
 facet normal  1.000000e+00  0.000000e+00  0.000000e+00
   outer loop
     vertex  6.000000e+03 -4.000000e+02  2.000000e+03
     vertex  6.000000e+03 -4.200000e+02  4.000000e+03
     vertex  6.000000e+03 -4.200000e+02  2.000000e+03
   endloop
 endfacet
 facet normal  1.000000e+00  0.000000e+00 -0.000000e+00
   outer loop
     vertex  6.000000e+03 -4.000000e+02 -5.684342e-14
     vertex  6.000000e+03 -4.000000e+02  2.000000e+03
     vertex  6.000000e+03 -4.200000e+02  2.000000e+03
   endloop
 endfacet
 facet normal  1.000000e+00  0.000000e+00  0.000000e+00
   outer loop
     vertex  6.000000e+03 -4.000000e+02 -5.684342e-14
     vertex  6.000000e+03 -4.200000e+02  2.000000e+03
     vertex  6.000000e+03 -4.200000e+02  0.000000e+00
   endloop
 endfacet
 facet normal  1.000000e+00  0.000000e+00  0.000000e+00
   outer loop
     vertex  6.000000e+03 -4.200000e+02 -2.000000e+03
     vertex  6.000000e+03 -4.000000e+02 -5.684342e-14
     vertex  6.000000e+03 -4.200000e+02  0.000000e+00
   endloop
 endfacet
 facet normal  1.000000e+00  0.000000e+00 -0.000000e+00
   outer loop
     vertex  6.000000e+03 -4.000000e+02 -2.000000e+03
     vertex  6.000000e+03 -4.000000e+02 -5.684342e-14
     vertex  6.000000e+03 -4.200000e+02 -2.000000e+03
   endloop
 endfacet
 facet normal  1.000000e+00  0.000000e+00 -0.000000e+00
   outer loop
     vertex  6.000000e+03 -4.000000e+02 -4.000000e+03
     vertex  6.000000e+03 -4.000000e+02 -2.000000e+03
     vertex  6.000000e+03 -4.200000e+02 -2.000000e+03
   endloop
 endfacet
 facet normal  1.000000e+00  0.000000e+00  0.000000e+00
   outer loop
     vertex  6.000000e+03 -4.000000e+02 -4.000000e+03
     vertex  6.000000e+03 -4.200000e+02 -2.000000e+03
     vertex  6.000000e+03 -4.200000e+02 -4.000000e+03
   endloop
 endfacet
 facet normal  0.000000e+00  0.000000e+00 -1.000000e+00
   outer loop
     vertex  4.000000e+03 -4.200000e+02 -4.000000e+03
     vertex  4.000000e+03 -4.000000e+02 -4.000000e+03
     vertex  6.000000e+03 -4.000000e+02 -4.000000e+03
   endloop
 endfacet
 facet normal  0.000000e+00  0.000000e+00 -1.000000e+00
   outer loop
     vertex  4.000000e+03 -4.200000e+02 -4.000000e+03
     vertex  6.000000e+03 -4.000000e+02 -4.000000e+03
     vertex  6.000000e+03 -4.200000e+02 -4.000000e+03
   endloop
 endfacet
endsolid
